"code","group","article","description"
"C56.1","1","A52479","Malignant neoplasm of right ovary"
"C56.2","1","A52479","Malignant neoplasm of left ovary"
"C56.3","1","A52479","Malignant neoplasm of bilateral ovaries"
"C56.9","1","A52479","Malignant neoplasm of unspecified ovary"
"C57.00","1","A52479","Malignant neoplasm of unspecified fallopian tube"
"C57.01","1","A52479","Malignant neoplasm of right fallopian tube"
"C57.02","1","A52479","Malignant neoplasm of left fallopian tube"
"C57.10","1","A52479","Malignant neoplasm of unspecified broad ligament"
"C57.11","1","A52479","Malignant neoplasm of right broad ligament"
"C57.12","1","A52479","Malignant neoplasm of left broad ligament"
"C57.20","1","A52479","Malignant neoplasm of unspecified round ligament"
"C57.21","1","A52479","Malignant neoplasm of right round ligament"
"C57.22","1","A52479","Malignant neoplasm of left round ligament"
"C57.3","1","A52479","Malignant neoplasm of parametrium"
"C57.4","1","A52479","Malignant neoplasm of uterine adnexa, unspecified"
"C81.00","1","A52479","Nodular lymphocyte predominant Hodgkin lymphoma, unspecified site"
"C81.01","1","A52479","Nodular lymphocyte predominant Hodgkin lymphoma, lymph nodes of head, face, and neck"
"C81.02","1","A52479","Nodular lymphocyte predominant Hodgkin lymphoma, intrathoracic lymph nodes"
"C81.03","1","A52479","Nodular lymphocyte predominant Hodgkin lymphoma, intra-abdominal lymph nodes"
"C81.04","1","A52479","Nodular lymphocyte predominant Hodgkin lymphoma, lymph nodes of axilla and upper limb"
"C81.05","1","A52479","Nodular lymphocyte predominant Hodgkin lymphoma, lymph nodes of inguinal region and lower limb"
"C81.06","1","A52479","Nodular lymphocyte predominant Hodgkin lymphoma, intrapelvic lymph nodes"
"C81.07","1","A52479","Nodular lymphocyte predominant Hodgkin lymphoma, spleen"
"C81.08","1","A52479","Nodular lymphocyte predominant Hodgkin lymphoma, lymph nodes of multiple sites"
"C81.09","1","A52479","Nodular lymphocyte predominant Hodgkin lymphoma, extranodal and solid organ sites"
"C81.0A","1","A52479","Nodular lymphocyte predominant Hodgkin lymphoma, in remission"
"C81.10","1","A52479","Nodular sclerosis Hodgkin lymphoma, unspecified site"
"C81.11","1","A52479","Nodular sclerosis Hodgkin lymphoma, lymph nodes of head, face, and neck"
"C81.12","1","A52479","Nodular sclerosis Hodgkin lymphoma, intrathoracic lymph nodes"
"C81.13","1","A52479","Nodular sclerosis Hodgkin lymphoma, intra-abdominal lymph nodes"
"C81.14","1","A52479","Nodular sclerosis Hodgkin lymphoma, lymph nodes of axilla and upper limb"
"C81.15","1","A52479","Nodular sclerosis Hodgkin lymphoma, lymph nodes of inguinal region and lower limb"
"C81.16","1","A52479","Nodular sclerosis Hodgkin lymphoma, intrapelvic lymph nodes"
"C81.17","1","A52479","Nodular sclerosis Hodgkin lymphoma, spleen"
"C81.18","1","A52479","Nodular sclerosis Hodgkin lymphoma, lymph nodes of multiple sites"
"C81.19","1","A52479","Nodular sclerosis Hodgkin lymphoma, extranodal and solid organ sites"
"C81.1A","1","A52479","Nodular sclerosis Hodgkin lymphoma, in remission"
"C81.20","1","A52479","Mixed cellularity Hodgkin lymphoma, unspecified site"
"C81.21","1","A52479","Mixed cellularity Hodgkin lymphoma, lymph nodes of head, face, and neck"
"C81.22","1","A52479","Mixed cellularity Hodgkin lymphoma, intrathoracic lymph nodes"
"C81.23","1","A52479","Mixed cellularity Hodgkin lymphoma, intra-abdominal lymph nodes"
"C81.24","1","A52479","Mixed cellularity Hodgkin lymphoma, lymph nodes of axilla and upper limb"
"C81.25","1","A52479","Mixed cellularity Hodgkin lymphoma, lymph nodes of inguinal region and lower limb"
"C81.26","1","A52479","Mixed cellularity Hodgkin lymphoma, intrapelvic lymph nodes"
"C81.27","1","A52479","Mixed cellularity Hodgkin lymphoma, spleen"
"C81.28","1","A52479","Mixed cellularity Hodgkin lymphoma, lymph nodes of multiple sites"
"C81.29","1","A52479","Mixed cellularity Hodgkin lymphoma, extranodal and solid organ sites"
"C81.2A","1","A52479","Mixed cellularity Hodgkin lymphoma, in remission"
"C81.30","1","A52479","Lymphocyte depleted Hodgkin lymphoma, unspecified site"
"C81.31","1","A52479","Lymphocyte depleted Hodgkin lymphoma, lymph nodes of head, face, and neck"
"C81.32","1","A52479","Lymphocyte depleted Hodgkin lymphoma, intrathoracic lymph nodes"
"C81.33","1","A52479","Lymphocyte depleted Hodgkin lymphoma, intra-abdominal lymph nodes"
"C81.34","1","A52479","Lymphocyte depleted Hodgkin lymphoma, lymph nodes of axilla and upper limb"
"C81.35","1","A52479","Lymphocyte depleted Hodgkin lymphoma, lymph nodes of inguinal region and lower limb"
"C81.36","1","A52479","Lymphocyte depleted Hodgkin lymphoma, intrapelvic lymph nodes"
"C81.37","1","A52479","Lymphocyte depleted Hodgkin lymphoma, spleen"
"C81.38","1","A52479","Lymphocyte depleted Hodgkin lymphoma, lymph nodes of multiple sites"
"C81.39","1","A52479","Lymphocyte depleted Hodgkin lymphoma, extranodal and solid organ sites"
"C81.3A","1","A52479","Lymphocyte depleted Hodgkin lymphoma, in remission"
"C81.40","1","A52479","Lymphocyte-rich Hodgkin lymphoma, unspecified site"
"C81.41","1","A52479","Lymphocyte-rich Hodgkin lymphoma, lymph nodes of head, face, and neck"
"C81.42","1","A52479","Lymphocyte-rich Hodgkin lymphoma, intrathoracic lymph nodes"
"C81.43","1","A52479","Lymphocyte-rich Hodgkin lymphoma, intra-abdominal lymph nodes"
"C81.44","1","A52479","Lymphocyte-rich Hodgkin lymphoma, lymph nodes of axilla and upper limb"
"C81.45","1","A52479","Lymphocyte-rich Hodgkin lymphoma, lymph nodes of inguinal region and lower limb"
"C81.46","1","A52479","Lymphocyte-rich Hodgkin lymphoma, intrapelvic lymph nodes"
"C81.47","1","A52479","Lymphocyte-rich Hodgkin lymphoma, spleen"
"C81.48","1","A52479","Lymphocyte-rich Hodgkin lymphoma, lymph nodes of multiple sites"
"C81.49","1","A52479","Lymphocyte-rich Hodgkin lymphoma, extranodal and solid organ sites"
"C81.4A","1","A52479","Lymphocyte-rich Hodgkin lymphoma, in remission"
"C81.70","1","A52479","Other Hodgkin lymphoma, unspecified site"
"C81.71","1","A52479","Other Hodgkin lymphoma, lymph nodes of head, face, and neck"
"C81.72","1","A52479","Other Hodgkin lymphoma, intrathoracic lymph nodes"
"C81.73","1","A52479","Other Hodgkin lymphoma, intra-abdominal lymph nodes"
"C81.74","1","A52479","Other Hodgkin lymphoma, lymph nodes of axilla and upper limb"
"C81.75","1","A52479","Other Hodgkin lymphoma, lymph nodes of inguinal region and lower limb"
"C81.76","1","A52479","Other Hodgkin lymphoma, intrapelvic lymph nodes"
"C81.77","1","A52479","Other Hodgkin lymphoma, spleen"
"C81.78","1","A52479","Other Hodgkin lymphoma, lymph nodes of multiple sites"
"C81.79","1","A52479","Other Hodgkin lymphoma, extranodal and solid organ sites"
"C81.7A","1","A52479","Other Hodgkin lymphoma, in remission"
"C81.90","1","A52479","Hodgkin lymphoma, unspecified, unspecified site"
"C81.91","1","A52479","Hodgkin lymphoma, unspecified, lymph nodes of head, face, and neck"
"C81.92","1","A52479","Hodgkin lymphoma, unspecified, intrathoracic lymph nodes"
"C81.93","1","A52479","Hodgkin lymphoma, unspecified, intra-abdominal lymph nodes"
"C81.94","1","A52479","Hodgkin lymphoma, unspecified, lymph nodes of axilla and upper limb"
"C81.95","1","A52479","Hodgkin lymphoma, unspecified, lymph nodes of inguinal region and lower limb"
"C81.96","1","A52479","Hodgkin lymphoma, unspecified, intrapelvic lymph nodes"
"C81.97","1","A52479","Hodgkin lymphoma, unspecified, spleen"
"C81.98","1","A52479","Hodgkin lymphoma, unspecified, lymph nodes of multiple sites"
"C81.99","1","A52479","Hodgkin lymphoma, unspecified, extranodal and solid organ sites"
"C81.9A","1","A52479","Hodgkin lymphoma, unspecified, in remission"
"C82.00","1","A52479","Follicular lymphoma grade I, unspecified site"
"C82.01","1","A52479","Follicular lymphoma grade I, lymph nodes of head, face, and neck"
"C82.02","1","A52479","Follicular lymphoma grade I, intrathoracic lymph nodes"
"C82.03","1","A52479","Follicular lymphoma grade I, intra-abdominal lymph nodes"
"C82.04","1","A52479","Follicular lymphoma grade I, lymph nodes of axilla and upper limb"
"C82.05","1","A52479","Follicular lymphoma grade I, lymph nodes of inguinal region and lower limb"
"C82.06","1","A52479","Follicular lymphoma grade I, intrapelvic lymph nodes"
"C82.07","1","A52479","Follicular lymphoma grade I, spleen"
"C82.08","1","A52479","Follicular lymphoma grade I, lymph nodes of multiple sites"
"C82.09","1","A52479","Follicular lymphoma grade I, extranodal and solid organ sites"
"C82.0A","1","A52479","Follicular lymphoma grade I, in remission"
"C82.10","1","A52479","Follicular lymphoma grade II, unspecified site"
"C82.11","1","A52479","Follicular lymphoma grade II, lymph nodes of head, face, and neck"
"C82.12","1","A52479","Follicular lymphoma grade II, intrathoracic lymph nodes"
"C82.13","1","A52479","Follicular lymphoma grade II, intra-abdominal lymph nodes"
"C82.14","1","A52479","Follicular lymphoma grade II, lymph nodes of axilla and upper limb"
"C82.15","1","A52479","Follicular lymphoma grade II, lymph nodes of inguinal region and lower limb"
"C82.16","1","A52479","Follicular lymphoma grade II, intrapelvic lymph nodes"
"C82.17","1","A52479","Follicular lymphoma grade II, spleen"
"C82.18","1","A52479","Follicular lymphoma grade II, lymph nodes of multiple sites"
"C82.19","1","A52479","Follicular lymphoma grade II, extranodal and solid organ sites"
"C82.1A","1","A52479","Follicular lymphoma grade II, in remission"
"C82.20","1","A52479","Follicular lymphoma grade III, unspecified, unspecified site"
"C82.21","1","A52479","Follicular lymphoma grade III, unspecified, lymph nodes of head, face, and neck"
"C82.22","1","A52479","Follicular lymphoma grade III, unspecified, intrathoracic lymph nodes"
"C82.23","1","A52479","Follicular lymphoma grade III, unspecified, intra-abdominal lymph nodes"
"C82.24","1","A52479","Follicular lymphoma grade III, unspecified, lymph nodes of axilla and upper limb"
"C82.25","1","A52479","Follicular lymphoma grade III, unspecified, lymph nodes of inguinal region and lower limb"
"C82.26","1","A52479","Follicular lymphoma grade III, unspecified, intrapelvic lymph nodes"
"C82.27","1","A52479","Follicular lymphoma grade III, unspecified, spleen"
"C82.28","1","A52479","Follicular lymphoma grade III, unspecified, lymph nodes of multiple sites"
"C82.29","1","A52479","Follicular lymphoma grade III, unspecified, extranodal and solid organ sites"
"C82.2A","1","A52479","Follicular lymphoma grade III, unspecified, in remission"
"C82.30","1","A52479","Follicular lymphoma grade IIIa, unspecified site"
"C82.31","1","A52479","Follicular lymphoma grade IIIa, lymph nodes of head, face, and neck"
"C82.32","1","A52479","Follicular lymphoma grade IIIa, intrathoracic lymph nodes"
"C82.33","1","A52479","Follicular lymphoma grade IIIa, intra-abdominal lymph nodes"
"C82.34","1","A52479","Follicular lymphoma grade IIIa, lymph nodes of axilla and upper limb"
"C82.35","1","A52479","Follicular lymphoma grade IIIa, lymph nodes of inguinal region and lower limb"
"C82.36","1","A52479","Follicular lymphoma grade IIIa, intrapelvic lymph nodes"
"C82.37","1","A52479","Follicular lymphoma grade IIIa, spleen"
"C82.38","1","A52479","Follicular lymphoma grade IIIa, lymph nodes of multiple sites"
"C82.39","1","A52479","Follicular lymphoma grade IIIa, extranodal and solid organ sites"
"C82.3A","1","A52479","Follicular lymphoma grade IIIa, in remission"
"C82.40","1","A52479","Follicular lymphoma grade IIIb, unspecified site"
"C82.41","1","A52479","Follicular lymphoma grade IIIb, lymph nodes of head, face, and neck"
"C82.42","1","A52479","Follicular lymphoma grade IIIb, intrathoracic lymph nodes"
"C82.43","1","A52479","Follicular lymphoma grade IIIb, intra-abdominal lymph nodes"
"C82.44","1","A52479","Follicular lymphoma grade IIIb, lymph nodes of axilla and upper limb"
"C82.45","1","A52479","Follicular lymphoma grade IIIb, lymph nodes of inguinal region and lower limb"
"C82.46","1","A52479","Follicular lymphoma grade IIIb, intrapelvic lymph nodes"
"C82.47","1","A52479","Follicular lymphoma grade IIIb, spleen"
"C82.48","1","A52479","Follicular lymphoma grade IIIb, lymph nodes of multiple sites"
"C82.49","1","A52479","Follicular lymphoma grade IIIb, extranodal and solid organ sites"
"C82.4A","1","A52479","Follicular lymphoma grade IIIb, in remission"
"C82.50","1","A52479","Diffuse follicle center lymphoma, unspecified site"
"C82.51","1","A52479","Diffuse follicle center lymphoma, lymph nodes of head, face, and neck"
"C82.52","1","A52479","Diffuse follicle center lymphoma, intrathoracic lymph nodes"
"C82.53","1","A52479","Diffuse follicle center lymphoma, intra-abdominal lymph nodes"
"C82.54","1","A52479","Diffuse follicle center lymphoma, lymph nodes of axilla and upper limb"
"C82.55","1","A52479","Diffuse follicle center lymphoma, lymph nodes of inguinal region and lower limb"
"C82.56","1","A52479","Diffuse follicle center lymphoma, intrapelvic lymph nodes"
"C82.57","1","A52479","Diffuse follicle center lymphoma, spleen"
"C82.58","1","A52479","Diffuse follicle center lymphoma, lymph nodes of multiple sites"
"C82.59","1","A52479","Diffuse follicle center lymphoma, extranodal and solid organ sites"
"C82.5A","1","A52479","Diffuse follicle center lymphoma, in remission"
"C82.60","1","A52479","Cutaneous follicle center lymphoma, unspecified site"
"C82.61","1","A52479","Cutaneous follicle center lymphoma, lymph nodes of head, face, and neck"
"C82.62","1","A52479","Cutaneous follicle center lymphoma, intrathoracic lymph nodes"
"C82.63","1","A52479","Cutaneous follicle center lymphoma, intra-abdominal lymph nodes"
"C82.64","1","A52479","Cutaneous follicle center lymphoma, lymph nodes of axilla and upper limb"
"C82.65","1","A52479","Cutaneous follicle center lymphoma, lymph nodes of inguinal region and lower limb"
"C82.66","1","A52479","Cutaneous follicle center lymphoma, intrapelvic lymph nodes"
"C82.67","1","A52479","Cutaneous follicle center lymphoma, spleen"
"C82.68","1","A52479","Cutaneous follicle center lymphoma, lymph nodes of multiple sites"
"C82.69","1","A52479","Cutaneous follicle center lymphoma, extranodal and solid organ sites"
"C82.6A","1","A52479","Cutaneous follicle center lymphoma, in remission"
"C82.80","1","A52479","Other types of follicular lymphoma, unspecified site"
"C82.81","1","A52479","Other types of follicular lymphoma, lymph nodes of head, face, and neck"
"C82.82","1","A52479","Other types of follicular lymphoma, intrathoracic lymph nodes"
"C82.83","1","A52479","Other types of follicular lymphoma, intra-abdominal lymph nodes"
"C82.84","1","A52479","Other types of follicular lymphoma, lymph nodes of axilla and upper limb"
"C82.85","1","A52479","Other types of follicular lymphoma, lymph nodes of inguinal region and lower limb"
"C82.86","1","A52479","Other types of follicular lymphoma, intrapelvic lymph nodes"
"C82.87","1","A52479","Other types of follicular lymphoma, spleen"
"C82.88","1","A52479","Other types of follicular lymphoma, lymph nodes of multiple sites"
"C82.89","1","A52479","Other types of follicular lymphoma, extranodal and solid organ sites"
"C82.8A","1","A52479","Other types of follicular lymphoma, in remission"
"C82.90","1","A52479","Follicular lymphoma, unspecified, unspecified site"
"C82.91","1","A52479","Follicular lymphoma, unspecified, lymph nodes of head, face, and neck"
"C82.92","1","A52479","Follicular lymphoma, unspecified, intrathoracic lymph nodes"
"C82.93","1","A52479","Follicular lymphoma, unspecified, intra-abdominal lymph nodes"
"C82.94","1","A52479","Follicular lymphoma, unspecified, lymph nodes of axilla and upper limb"
"C82.95","1","A52479","Follicular lymphoma, unspecified, lymph nodes of inguinal region and lower limb"
"C82.96","1","A52479","Follicular lymphoma, unspecified, intrapelvic lymph nodes"
"C82.97","1","A52479","Follicular lymphoma, unspecified, spleen"
"C82.98","1","A52479","Follicular lymphoma, unspecified, lymph nodes of multiple sites"
"C82.99","1","A52479","Follicular lymphoma, unspecified, extranodal and solid organ sites"
"C82.9A","1","A52479","Follicular lymphoma, unspecified, in remission"
"C83.00","1","A52479","Small cell B-cell lymphoma, unspecified site"
"C83.01","1","A52479","Small cell B-cell lymphoma, lymph nodes of head, face, and neck"
"C83.02","1","A52479","Small cell B-cell lymphoma, intrathoracic lymph nodes"
"C83.03","1","A52479","Small cell B-cell lymphoma, intra-abdominal lymph nodes"
"C83.04","1","A52479","Small cell B-cell lymphoma, lymph nodes of axilla and upper limb"
"C83.05","1","A52479","Small cell B-cell lymphoma, lymph nodes of inguinal region and lower limb"
"C83.06","1","A52479","Small cell B-cell lymphoma, intrapelvic lymph nodes"
"C83.07","1","A52479","Small cell B-cell lymphoma, spleen"
"C83.08","1","A52479","Small cell B-cell lymphoma, lymph nodes of multiple sites"
"C83.09","1","A52479","Small cell B-cell lymphoma, extranodal and solid organ sites"
"C83.0A","1","A52479","Small cell B-cell lymphoma, in remission"
"C83.10","1","A52479","Mantle cell lymphoma, unspecified site"
"C83.11","1","A52479","Mantle cell lymphoma, lymph nodes of head, face, and neck"
"C83.12","1","A52479","Mantle cell lymphoma, intrathoracic lymph nodes"
"C83.13","1","A52479","Mantle cell lymphoma, intra-abdominal lymph nodes"
"C83.14","1","A52479","Mantle cell lymphoma, lymph nodes of axilla and upper limb"
"C83.15","1","A52479","Mantle cell lymphoma, lymph nodes of inguinal region and lower limb"
"C83.16","1","A52479","Mantle cell lymphoma, intrapelvic lymph nodes"
"C83.17","1","A52479","Mantle cell lymphoma, spleen"
"C83.18","1","A52479","Mantle cell lymphoma, lymph nodes of multiple sites"
"C83.19","1","A52479","Mantle cell lymphoma, extranodal and solid organ sites"
"C83.1A","1","A52479","Mantle cell lymphoma, in remission"
"C83.30","1","A52479","Diffuse large B-cell lymphoma, unspecified site"
"C83.31","1","A52479","Diffuse large B-cell lymphoma, lymph nodes of head, face, and neck"
"C83.32","1","A52479","Diffuse large B-cell lymphoma, intrathoracic lymph nodes"
"C83.33","1","A52479","Diffuse large B-cell lymphoma, intra-abdominal lymph nodes"
"C83.34","1","A52479","Diffuse large B-cell lymphoma, lymph nodes of axilla and upper limb"
"C83.35","1","A52479","Diffuse large B-cell lymphoma, lymph nodes of inguinal region and lower limb"
"C83.36","1","A52479","Diffuse large B-cell lymphoma, intrapelvic lymph nodes"
"C83.37","1","A52479","Diffuse large B-cell lymphoma, spleen"
"C83.38","1","A52479","Diffuse large B-cell lymphoma, lymph nodes of multiple sites"
"C83.390","1","A52479","Primary central nervous system lymphoma"
"C83.398","1","A52479","Diffuse large B-cell lymphoma of other extranodal and solid organ sites"
"C83.3A","1","A52479","Diffuse large B-cell lymphoma, in remission"
"C83.50","1","A52479","Lymphoblastic (diffuse) lymphoma, unspecified site"
"C83.51","1","A52479","Lymphoblastic (diffuse) lymphoma, lymph nodes of head, face, and neck"
"C83.52","1","A52479","Lymphoblastic (diffuse) lymphoma, intrathoracic lymph nodes"
"C83.53","1","A52479","Lymphoblastic (diffuse) lymphoma, intra-abdominal lymph nodes"
"C83.54","1","A52479","Lymphoblastic (diffuse) lymphoma, lymph nodes of axilla and upper limb"
"C83.55","1","A52479","Lymphoblastic (diffuse) lymphoma, lymph nodes of inguinal region and lower limb"
"C83.56","1","A52479","Lymphoblastic (diffuse) lymphoma, intrapelvic lymph nodes"
"C83.57","1","A52479","Lymphoblastic (diffuse) lymphoma, spleen"
"C83.58","1","A52479","Lymphoblastic (diffuse) lymphoma, lymph nodes of multiple sites"
"C83.59","1","A52479","Lymphoblastic (diffuse) lymphoma, extranodal and solid organ sites"
"C83.5A","1","A52479","Lymphoblastic (diffuse) lymphoma, in remission"
"C83.70","1","A52479","Burkitt lymphoma, unspecified site"
"C83.71","1","A52479","Burkitt lymphoma, lymph nodes of head, face, and neck"
"C83.72","1","A52479","Burkitt lymphoma, intrathoracic lymph nodes"
"C83.73","1","A52479","Burkitt lymphoma, intra-abdominal lymph nodes"
"C83.74","1","A52479","Burkitt lymphoma, lymph nodes of axilla and upper limb"
"C83.75","1","A52479","Burkitt lymphoma, lymph nodes of inguinal region and lower limb"
"C83.76","1","A52479","Burkitt lymphoma, intrapelvic lymph nodes"
"C83.77","1","A52479","Burkitt lymphoma, spleen"
"C83.78","1","A52479","Burkitt lymphoma, lymph nodes of multiple sites"
"C83.79","1","A52479","Burkitt lymphoma, extranodal and solid organ sites"
"C83.7A","1","A52479","Burkitt lymphoma, in remission"
"C83.80","1","A52479","Other non-follicular lymphoma, unspecified site"
"C83.81","1","A52479","Other non-follicular lymphoma, lymph nodes of head, face, and neck"
"C83.82","1","A52479","Other non-follicular lymphoma, intrathoracic lymph nodes"
"C83.83","1","A52479","Other non-follicular lymphoma, intra-abdominal lymph nodes"
"C83.84","1","A52479","Other non-follicular lymphoma, lymph nodes of axilla and upper limb"
"C83.85","1","A52479","Other non-follicular lymphoma, lymph nodes of inguinal region and lower limb"
"C83.86","1","A52479","Other non-follicular lymphoma, intrapelvic lymph nodes"
"C83.87","1","A52479","Other non-follicular lymphoma, spleen"
"C83.88","1","A52479","Other non-follicular lymphoma, lymph nodes of multiple sites"
"C83.89","1","A52479","Other non-follicular lymphoma, extranodal and solid organ sites"
"C83.8A","1","A52479","Other non-follicular lymphoma, in remission"
"C83.90","1","A52479","Non-follicular (diffuse) lymphoma, unspecified, unspecified site"
"C83.91","1","A52479","Non-follicular (diffuse) lymphoma, unspecified, lymph nodes of head, face, and neck"
"C83.92","1","A52479","Non-follicular (diffuse) lymphoma, unspecified, intrathoracic lymph nodes"
"C83.93","1","A52479","Non-follicular (diffuse) lymphoma, unspecified, intra-abdominal lymph nodes"
"C83.94","1","A52479","Non-follicular (diffuse) lymphoma, unspecified, lymph nodes of axilla and upper limb"
"C83.95","1","A52479","Non-follicular (diffuse) lymphoma, unspecified, lymph nodes of inguinal region and lower limb"
"C83.96","1","A52479","Non-follicular (diffuse) lymphoma, unspecified, intrapelvic lymph nodes"
"C83.97","1","A52479","Non-follicular (diffuse) lymphoma, unspecified, spleen"
"C83.98","1","A52479","Non-follicular (diffuse) lymphoma, unspecified, lymph nodes of multiple sites"
"C83.99","1","A52479","Non-follicular (diffuse) lymphoma, unspecified, extranodal and solid organ sites"
"C83.9A","1","A52479","Non-follicular (diffuse) lymphoma, unspecified, in remission"
"C84.00","1","A52479","Mycosis fungoides, unspecified site"
"C84.01","1","A52479","Mycosis fungoides, lymph nodes of head, face, and neck"
"C84.02","1","A52479","Mycosis fungoides, intrathoracic lymph nodes"
"C84.03","1","A52479","Mycosis fungoides, intra-abdominal lymph nodes"
"C84.04","1","A52479","Mycosis fungoides, lymph nodes of axilla and upper limb"
"C84.05","1","A52479","Mycosis fungoides, lymph nodes of inguinal region and lower limb"
"C84.06","1","A52479","Mycosis fungoides, intrapelvic lymph nodes"
"C84.07","1","A52479","Mycosis fungoides, spleen"
"C84.08","1","A52479","Mycosis fungoides, lymph nodes of multiple sites"
"C84.09","1","A52479","Mycosis fungoides, extranodal and solid organ sites"
"C84.0A","1","A52479","Mycosis fungoides, in remission"
"C84.10","1","A52479","Sezary disease, unspecified site"
"C84.11","1","A52479","Sezary disease, lymph nodes of head, face, and neck"
"C84.12","1","A52479","Sezary disease, intrathoracic lymph nodes"
"C84.13","1","A52479","Sezary disease, intra-abdominal lymph nodes"
"C84.14","1","A52479","Sezary disease, lymph nodes of axilla and upper limb"
"C84.15","1","A52479","Sezary disease, lymph nodes of inguinal region and lower limb"
"C84.16","1","A52479","Sezary disease, intrapelvic lymph nodes"
"C84.17","1","A52479","Sezary disease, spleen"
"C84.18","1","A52479","Sezary disease, lymph nodes of multiple sites"
"C84.19","1","A52479","Sezary disease, extranodal and solid organ sites"
"C84.1A","1","A52479","Sezary disease, in remission"
"C84.40","1","A52479","Peripheral T-cell lymphoma, not elsewhere classified, unspecified site"
"C84.41","1","A52479","Peripheral T-cell lymphoma, not elsewhere classified, lymph nodes of head, face, and neck"
"C84.42","1","A52479","Peripheral T-cell lymphoma, not elsewhere classified, intrathoracic lymph nodes"
"C84.43","1","A52479","Peripheral T-cell lymphoma, not elsewhere classified, intra-abdominal lymph nodes"
"C84.44","1","A52479","Peripheral T-cell lymphoma, not elsewhere classified, lymph nodes of axilla and upper limb"
"C84.45","1","A52479","Peripheral T-cell lymphoma, not elsewhere classified, lymph nodes of inguinal region and lower limb"
"C84.46","1","A52479","Peripheral T-cell lymphoma, not elsewhere classified, intrapelvic lymph nodes"
"C84.47","1","A52479","Peripheral T-cell lymphoma, not elsewhere classified, spleen"
"C84.48","1","A52479","Peripheral T-cell lymphoma, not elsewhere classified, lymph nodes of multiple sites"
"C84.49","1","A52479","Peripheral T-cell lymphoma, not elsewhere classified, extranodal and solid organ sites"
"C84.4A","1","A52479","Peripheral T-cell lymphoma, not elsewhere classified, in remission"
"C84.60","1","A52479","Anaplastic large cell lymphoma, ALK-positive, unspecified site"
"C84.61","1","A52479","Anaplastic large cell lymphoma, ALK-positive, lymph nodes of head, face, and neck"
"C84.62","1","A52479","Anaplastic large cell lymphoma, ALK-positive, intrathoracic lymph nodes"
"C84.63","1","A52479","Anaplastic large cell lymphoma, ALK-positive, intra-abdominal lymph nodes"
"C84.64","1","A52479","Anaplastic large cell lymphoma, ALK-positive, lymph nodes of axilla and upper limb"
"C84.65","1","A52479","Anaplastic large cell lymphoma, ALK-positive, lymph nodes of inguinal region and lower limb"
"C84.66","1","A52479","Anaplastic large cell lymphoma, ALK-positive, intrapelvic lymph nodes"
"C84.67","1","A52479","Anaplastic large cell lymphoma, ALK-positive, spleen"
"C84.68","1","A52479","Anaplastic large cell lymphoma, ALK-positive, lymph nodes of multiple sites"
"C84.69","1","A52479","Anaplastic large cell lymphoma, ALK-positive, extranodal and solid organ sites"
"C84.6A","1","A52479","Anaplastic large cell lymphoma, ALK-positive, in remission"
"C84.70","1","A52479","Anaplastic large cell lymphoma, ALK-negative, unspecified site"
"C84.71","1","A52479","Anaplastic large cell lymphoma, ALK-negative, lymph nodes of head, face, and neck"
"C84.72","1","A52479","Anaplastic large cell lymphoma, ALK-negative, intrathoracic lymph nodes"
"C84.73","1","A52479","Anaplastic large cell lymphoma, ALK-negative, intra-abdominal lymph nodes"
"C84.74","1","A52479","Anaplastic large cell lymphoma, ALK-negative, lymph nodes of axilla and upper limb"
"C84.75","1","A52479","Anaplastic large cell lymphoma, ALK-negative, lymph nodes of inguinal region and lower limb"
"C84.76","1","A52479","Anaplastic large cell lymphoma, ALK-negative, intrapelvic lymph nodes"
"C84.77","1","A52479","Anaplastic large cell lymphoma, ALK-negative, spleen"
"C84.78","1","A52479","Anaplastic large cell lymphoma, ALK-negative, lymph nodes of multiple sites"
"C84.79","1","A52479","Anaplastic large cell lymphoma, ALK-negative, extranodal and solid organ sites"
"C84.7A","1","A52479","Anaplastic large cell lymphoma, ALK-negative, breast"
"C84.7B","1","A52479","Anaplastic large cell lymphoma, ALK-negative, in remission"
"C84.A0","1","A52479","Cutaneous T-cell lymphoma, unspecified, unspecified site"
"C84.A1","1","A52479","Cutaneous T-cell lymphoma, unspecified lymph nodes of head, face, and neck"
"C84.A2","1","A52479","Cutaneous T-cell lymphoma, unspecified, intrathoracic lymph nodes"
"C84.A3","1","A52479","Cutaneous T-cell lymphoma, unspecified, intra-abdominal lymph nodes"
"C84.A4","1","A52479","Cutaneous T-cell lymphoma, unspecified, lymph nodes of axilla and upper limb"
"C84.A5","1","A52479","Cutaneous T-cell lymphoma, unspecified, lymph nodes of inguinal region and lower limb"
"C84.A6","1","A52479","Cutaneous T-cell lymphoma, unspecified, intrapelvic lymph nodes"
"C84.A7","1","A52479","Cutaneous T-cell lymphoma, unspecified, spleen"
"C84.A8","1","A52479","Cutaneous T-cell lymphoma, unspecified, lymph nodes of multiple sites"
"C84.A9","1","A52479","Cutaneous T-cell lymphoma, unspecified, extranodal and solid organ sites"
"C84.AA","1","A52479","Cutaneous T-cell lymphoma, unspecified, in remission"
"C84.Z0","1","A52479","Other mature T/NK-cell lymphomas, unspecified site"
"C84.Z1","1","A52479","Other mature T/NK-cell lymphomas, lymph nodes of head, face, and neck"
"C84.Z2","1","A52479","Other mature T/NK-cell lymphomas, intrathoracic lymph nodes"
"C84.Z3","1","A52479","Other mature T/NK-cell lymphomas, intra-abdominal lymph nodes"
"C84.Z4","1","A52479","Other mature T/NK-cell lymphomas, lymph nodes of axilla and upper limb"
"C84.Z5","1","A52479","Other mature T/NK-cell lymphomas, lymph nodes of inguinal region and lower limb"
"C84.Z6","1","A52479","Other mature T/NK-cell lymphomas, intrapelvic lymph nodes"
"C84.Z7","1","A52479","Other mature T/NK-cell lymphomas, spleen"
"C84.Z8","1","A52479","Other mature T/NK-cell lymphomas, lymph nodes of multiple sites"
"C84.Z9","1","A52479","Other mature T/NK-cell lymphomas, extranodal and solid organ sites"
"C84.ZA","1","A52479","Other mature T/NK-cell lymphomas, in remission"
"C84.90","1","A52479","Mature T/NK-cell lymphomas, unspecified, unspecified site"
"C84.91","1","A52479","Mature T/NK-cell lymphomas, unspecified, lymph nodes of head, face, and neck"
"C84.92","1","A52479","Mature T/NK-cell lymphomas, unspecified, intrathoracic lymph nodes"
"C84.93","1","A52479","Mature T/NK-cell lymphomas, unspecified, intra-abdominal lymph nodes"
"C84.94","1","A52479","Mature T/NK-cell lymphomas, unspecified, lymph nodes of axilla and upper limb"
"C84.95","1","A52479","Mature T/NK-cell lymphomas, unspecified, lymph nodes of inguinal region and lower limb"
"C84.96","1","A52479","Mature T/NK-cell lymphomas, unspecified, intrapelvic lymph nodes"
"C84.97","1","A52479","Mature T/NK-cell lymphomas, unspecified, spleen"
"C84.98","1","A52479","Mature T/NK-cell lymphomas, unspecified, lymph nodes of multiple sites"
"C84.99","1","A52479","Mature T/NK-cell lymphomas, unspecified, extranodal and solid organ sites"
"C84.9A","1","A52479","Mature T/NK-cell lymphomas, unspecified, in remission"
"C85.10","1","A52479","Unspecified B-cell lymphoma, unspecified site"
"C85.11","1","A52479","Unspecified B-cell lymphoma, lymph nodes of head, face, and neck"
"C85.12","1","A52479","Unspecified B-cell lymphoma, intrathoracic lymph nodes"
"C85.13","1","A52479","Unspecified B-cell lymphoma, intra-abdominal lymph nodes"
"C85.14","1","A52479","Unspecified B-cell lymphoma, lymph nodes of axilla and upper limb"
"C85.15","1","A52479","Unspecified B-cell lymphoma, lymph nodes of inguinal region and lower limb"
"C85.16","1","A52479","Unspecified B-cell lymphoma, intrapelvic lymph nodes"
"C85.17","1","A52479","Unspecified B-cell lymphoma, spleen"
"C85.18","1","A52479","Unspecified B-cell lymphoma, lymph nodes of multiple sites"
"C85.19","1","A52479","Unspecified B-cell lymphoma, extranodal and solid organ sites"
"C85.1A","1","A52479","Unspecified B-cell lymphoma, in remission"
"C85.20","1","A52479","Mediastinal (thymic) large B-cell lymphoma, unspecified site"
"C85.21","1","A52479","Mediastinal (thymic) large B-cell lymphoma, lymph nodes of head, face, and neck"
"C85.22","1","A52479","Mediastinal (thymic) large B-cell lymphoma, intrathoracic lymph nodes"
"C85.23","1","A52479","Mediastinal (thymic) large B-cell lymphoma, intra-abdominal lymph nodes"
"C85.24","1","A52479","Mediastinal (thymic) large B-cell lymphoma, lymph nodes of axilla and upper limb"
"C85.25","1","A52479","Mediastinal (thymic) large B-cell lymphoma, lymph nodes of inguinal region and lower limb"
"C85.26","1","A52479","Mediastinal (thymic) large B-cell lymphoma, intrapelvic lymph nodes"
"C85.27","1","A52479","Mediastinal (thymic) large B-cell lymphoma, spleen"
"C85.28","1","A52479","Mediastinal (thymic) large B-cell lymphoma, lymph nodes of multiple sites"
"C85.29","1","A52479","Mediastinal (thymic) large B-cell lymphoma, extranodal and solid organ sites"
"C85.2A","1","A52479","Mediastinal (thymic) large B-cell lymphoma, in remission"
"C85.80","1","A52479","Other specified types of non-Hodgkin lymphoma, unspecified site"
"C85.81","1","A52479","Other specified types of non-Hodgkin lymphoma, lymph nodes of head, face, and neck"
"C85.82","1","A52479","Other specified types of non-Hodgkin lymphoma, intrathoracic lymph nodes"
"C85.83","1","A52479","Other specified types of non-Hodgkin lymphoma, intra-abdominal lymph nodes"
"C85.84","1","A52479","Other specified types of non-Hodgkin lymphoma, lymph nodes of axilla and upper limb"
"C85.85","1","A52479","Other specified types of non-Hodgkin lymphoma, lymph nodes of inguinal region and lower limb"
"C85.86","1","A52479","Other specified types of non-Hodgkin lymphoma, intrapelvic lymph nodes"
"C85.87","1","A52479","Other specified types of non-Hodgkin lymphoma, spleen"
"C85.88","1","A52479","Other specified types of non-Hodgkin lymphoma, lymph nodes of multiple sites"
"C85.89","1","A52479","Other specified types of non-Hodgkin lymphoma, extranodal and solid organ sites"
"C85.8A","1","A52479","Other specified types of non-Hodgkin lymphoma, in remission"
"C85.90","1","A52479","Non-Hodgkin lymphoma, unspecified, unspecified site"
"C85.91","1","A52479","Non-Hodgkin lymphoma, unspecified, lymph nodes of head, face, and neck"
"C85.92","1","A52479","Non-Hodgkin lymphoma, unspecified, intrathoracic lymph nodes"
"C85.93","1","A52479","Non-Hodgkin lymphoma, unspecified, intra-abdominal lymph nodes"
"C85.94","1","A52479","Non-Hodgkin lymphoma, unspecified, lymph nodes of axilla and upper limb"
"C85.95","1","A52479","Non-Hodgkin lymphoma, unspecified, lymph nodes of inguinal region and lower limb"
"C85.96","1","A52479","Non-Hodgkin lymphoma, unspecified, intrapelvic lymph nodes"
"C85.97","1","A52479","Non-Hodgkin lymphoma, unspecified, spleen"
"C85.98","1","A52479","Non-Hodgkin lymphoma, unspecified, lymph nodes of multiple sites"
"C85.99","1","A52479","Non-Hodgkin lymphoma, unspecified, extranodal and solid organ sites"
"C85.9A","1","A52479","Non-Hodgkin lymphoma, unspecified, in remission"
"C86.00","1","A52479","Extranodal NK/T-cell lymphoma, nasal type not having achieved remission"
"C86.01","1","A52479","Extranodal NK/T-cell lymphoma, nasal type, in remission"
"C86.10","1","A52479","Hepatosplenic T-cell lymphoma not having achieved remission"
"C86.11","1","A52479","Hepatosplenic T-cell lymphoma, in remission"
"C86.20","1","A52479","Enteropathy-type (intestinal) T-cell lymphoma not having achieved remission"
"C86.21","1","A52479","Enteropathy-type (intestinal) T-cell lymphoma, in remission"
"C86.30","1","A52479","Subcutaneous panniculitis-like T-cell lymphoma not having achieved remission"
"C86.31","1","A52479","Subcutaneous panniculitis-like T-cell lymphoma, in remission"
"C86.40","1","A52479","Blastic NK-cell lymphoma not having achieved remission"
"C86.41","1","A52479","Blastic NK-cell lymphoma, in remission"
"C86.50","1","A52479","Angioimmunoblastic T-cell lymphoma not having achieved remission"
"C86.51","1","A52479","Angioimmunoblastic T-cell lymphoma, in remission"
"C86.60","1","A52479","Primary cutaneous CD30-positive T-cell proliferations not having achieved remission"
"C86.61","1","A52479","Primary cutaneous CD30-positive T-cell proliferations, in remission"
"C88.20","1","A52479","Heavy chain disease not having achieved remission"
"C88.21","1","A52479","Heavy chain disease, in remission"
"C88.30","1","A52479","Immunoproliferative small intestinal disease not having achieved remission"
"C88.31","1","A52479","Immunoproliferative small intestinal disease, in remission"
"C88.40","1","A52479","Extranodal marginal zone B-cell lymphoma of mucosa-associated lymphoid tissue (MALT-lymphoma) not having achieved remission"
"C88.41","1","A52479","Extranodal marginal zone B-cell lymphoma of mucosa-associated lymphoid tissue (MALT-lymphoma), in remission"
"C88.80","1","A52479","Other malignant immunoproliferative diseases not having achieved remission"
"C88.81","1","A52479","Other malignant immunoproliferative diseases, in remission"
"C88.90","1","A52479","Malignant immunoproliferative disease, unspecified not having achieved remission"
"C88.91","1","A52479","Malignant immunoproliferative disease, unspecified, in remission"
"C90.00","1","A52479","Multiple myeloma not having achieved remission"
"C90.01","1","A52479","Multiple myeloma in remission"
"C90.02","1","A52479","Multiple myeloma in relapse"
"C90.10","1","A52479","Plasma cell leukemia not having achieved remission"
"C90.11","1","A52479","Plasma cell leukemia in remission"
"C90.12","1","A52479","Plasma cell leukemia in relapse"
"C90.20","1","A52479","Extramedullary plasmacytoma not having achieved remission"
"C90.21","1","A52479","Extramedullary plasmacytoma in remission"
"C90.22","1","A52479","Extramedullary plasmacytoma in relapse"
"C90.30","1","A52479","Solitary plasmacytoma not having achieved remission"
"C90.31","1","A52479","Solitary plasmacytoma in remission"
"C90.32","1","A52479","Solitary plasmacytoma in relapse"
"C91.40","1","A52479","Hairy cell leukemia not having achieved remission"
"C91.41","1","A52479","Hairy cell leukemia, in remission"
"C91.42","1","A52479","Hairy cell leukemia, in relapse"
"C92.00","1","A52479","Acute myeloblastic leukemia, not having achieved remission"
"C92.01","1","A52479","Acute myeloblastic leukemia, in remission"
"C92.02","1","A52479","Acute myeloblastic leukemia, in relapse"
"C92.10","1","A52479","Chronic myeloid leukemia, BCR/ABL-positive, not having achieved remission"
"C92.11","1","A52479","Chronic myeloid leukemia, BCR/ABL-positive, in remission"
"C92.12","1","A52479","Chronic myeloid leukemia, BCR/ABL-positive, in relapse"
"C92.20","1","A52479","Atypical chronic myeloid leukemia, BCR/ABL-negative, not having achieved remission"
"C92.21","1","A52479","Atypical chronic myeloid leukemia, BCR/ABL-negative, in remission"
"C92.22","1","A52479","Atypical chronic myeloid leukemia, BCR/ABL-negative, in relapse"
"C92.30","1","A52479","Myeloid sarcoma, not having achieved remission"
"C92.31","1","A52479","Myeloid sarcoma, in remission"
"C92.32","1","A52479","Myeloid sarcoma, in relapse"
"C92.40","1","A52479","Acute promyelocytic leukemia, not having achieved remission"
"C92.41","1","A52479","Acute promyelocytic leukemia, in remission"
"C92.42","1","A52479","Acute promyelocytic leukemia, in relapse"
"C92.50","1","A52479","Acute myelomonocytic leukemia, not having achieved remission"
"C92.51","1","A52479","Acute myelomonocytic leukemia, in remission"
"C92.52","1","A52479","Acute myelomonocytic leukemia, in relapse"
"C92.60","1","A52479","Acute myeloid leukemia with 11q23-abnormality not having achieved remission"
"C92.61","1","A52479","Acute myeloid leukemia with 11q23-abnormality in remission"
"C92.62","1","A52479","Acute myeloid leukemia with 11q23-abnormality in relapse"
"C92.A0","1","A52479","Acute myeloid leukemia with multilineage dysplasia, not having achieved remission"
"C92.A1","1","A52479","Acute myeloid leukemia with multilineage dysplasia, in remission"
"C92.A2","1","A52479","Acute myeloid leukemia with multilineage dysplasia, in relapse"
"C92.Z0","1","A52479","Other myeloid leukemia not having achieved remission"
"C92.Z1","1","A52479","Other myeloid leukemia, in remission"
"C92.Z2","1","A52479","Other myeloid leukemia, in relapse"
"C92.90","1","A52479","Myeloid leukemia, unspecified, not having achieved remission"
"C92.91","1","A52479","Myeloid leukemia, unspecified in remission"
"C92.92","1","A52479","Myeloid leukemia, unspecified in relapse"
"C93.00","1","A52479","Acute monoblastic/monocytic leukemia, not having achieved remission"
"C93.01","1","A52479","Acute monoblastic/monocytic leukemia, in remission"
"C93.02","1","A52479","Acute monoblastic/monocytic leukemia, in relapse"
"C93.10","1","A52479","Chronic myelomonocytic leukemia not having achieved remission"
"C93.11","1","A52479","Chronic myelomonocytic leukemia, in remission"
"C93.12","1","A52479","Chronic myelomonocytic leukemia, in relapse"
"C93.30","1","A52479","Juvenile myelomonocytic leukemia, not having achieved remission"
"C93.31","1","A52479","Juvenile myelomonocytic leukemia, in remission"
"C93.32","1","A52479","Juvenile myelomonocytic leukemia, in relapse"
"C93.Z0","1","A52479","Other monocytic leukemia, not having achieved remission"
"C93.Z1","1","A52479","Other monocytic leukemia, in remission"
"C93.Z2","1","A52479","Other monocytic leukemia, in relapse"
"C93.90","1","A52479","Monocytic leukemia, unspecified, not having achieved remission"
"C93.91","1","A52479","Monocytic leukemia, unspecified in remission"
"C93.92","1","A52479","Monocytic leukemia, unspecified in relapse"
"C96.0","1","A52479","Multifocal and multisystemic (disseminated) Langerhans-cell histiocytosis"
"C96.4","1","A52479","Sarcoma of dendritic cells (accessory cells)"
"C96.A","1","A52479","Histiocytic sarcoma"
"C96.Z","1","A52479","Other specified malignant neoplasms of lymphoid, hematopoietic and related tissue"
"C96.9","1","A52479","Malignant neoplasm of lymphoid, hematopoietic and related tissue, unspecified"
"Z48.290","1","A52479","Encounter for aftercare following bone marrow transplant"
"Z85.43","1","A52479","Personal history of malignant neoplasm of ovary"
"Z85.4A","1","A52479","Personal history of malignant neoplasm of fallopian tube(s)"
"Z85.6","1","A52479","Personal history of leukemia"
"Z85.72","1","A52479","Personal history of non-Hodgkin lymphomas"
"Z85.79","1","A52479","Personal history of other malignant neoplasms of lymphoid, hematopoietic and related tissues"
"Z94.81","1","A52479","Bone marrow transplant status"
"C00.0","2","A52479","Malignant neoplasm of external upper lip"
"C00.1","2","A52479","Malignant neoplasm of external lower lip"
"C00.2","2","A52479","Malignant neoplasm of external lip, unspecified"
"C00.3","2","A52479","Malignant neoplasm of upper lip, inner aspect"
"C00.4","2","A52479","Malignant neoplasm of lower lip, inner aspect"
"C00.5","2","A52479","Malignant neoplasm of lip, unspecified, inner aspect"
"C00.6","2","A52479","Malignant neoplasm of commissure of lip, unspecified"
"C00.8","2","A52479","Malignant neoplasm of overlapping sites of lip"
"C00.9","2","A52479","Malignant neoplasm of lip, unspecified"
"C01","2","A52479","Malignant neoplasm of base of tongue"
"C02.0","2","A52479","Malignant neoplasm of dorsal surface of tongue"
"C02.1","2","A52479","Malignant neoplasm of border of tongue"
"C02.2","2","A52479","Malignant neoplasm of ventral surface of tongue"
"C02.3","2","A52479","Malignant neoplasm of anterior two-thirds of tongue, part unspecified"
"C02.4","2","A52479","Malignant neoplasm of lingual tonsil"
"C02.8","2","A52479","Malignant neoplasm of overlapping sites of tongue"
"C02.9","2","A52479","Malignant neoplasm of tongue, unspecified"
"C03.0","2","A52479","Malignant neoplasm of upper gum"
"C03.1","2","A52479","Malignant neoplasm of lower gum"
"C03.9","2","A52479","Malignant neoplasm of gum, unspecified"
"C04.0","2","A52479","Malignant neoplasm of anterior floor of mouth"
"C04.1","2","A52479","Malignant neoplasm of lateral floor of mouth"
"C04.8","2","A52479","Malignant neoplasm of overlapping sites of floor of mouth"
"C04.9","2","A52479","Malignant neoplasm of floor of mouth, unspecified"
"C05.0","2","A52479","Malignant neoplasm of hard palate"
"C05.1","2","A52479","Malignant neoplasm of soft palate"
"C05.2","2","A52479","Malignant neoplasm of uvula"
"C05.8","2","A52479","Malignant neoplasm of overlapping sites of palate"
"C05.9","2","A52479","Malignant neoplasm of palate, unspecified"
"C06.0","2","A52479","Malignant neoplasm of cheek mucosa"
"C06.1","2","A52479","Malignant neoplasm of vestibule of mouth"
"C06.2","2","A52479","Malignant neoplasm of retromolar area"
"C06.80","2","A52479","Malignant neoplasm of overlapping sites of unspecified parts of mouth"
"C06.89","2","A52479","Malignant neoplasm of overlapping sites of other parts of mouth"
"C06.9","2","A52479","Malignant neoplasm of mouth, unspecified"
"C09.0","2","A52479","Malignant neoplasm of tonsillar fossa"
"C09.1","2","A52479","Malignant neoplasm of tonsillar pillar (anterior) (posterior)"
"C09.8","2","A52479","Malignant neoplasm of overlapping sites of tonsil"
"C09.9","2","A52479","Malignant neoplasm of tonsil, unspecified"
"C10.0","2","A52479","Malignant neoplasm of vallecula"
"C10.1","2","A52479","Malignant neoplasm of anterior surface of epiglottis"
"C10.2","2","A52479","Malignant neoplasm of lateral wall of oropharynx"
"C10.3","2","A52479","Malignant neoplasm of posterior wall of oropharynx"
"C10.4","2","A52479","Malignant neoplasm of branchial cleft"
"C10.8","2","A52479","Malignant neoplasm of overlapping sites of oropharynx"
"C10.9","2","A52479","Malignant neoplasm of oropharynx, unspecified"
"C11.0","2","A52479","Malignant neoplasm of superior wall of nasopharynx"
"C11.1","2","A52479","Malignant neoplasm of posterior wall of nasopharynx"
"C11.2","2","A52479","Malignant neoplasm of lateral wall of nasopharynx"
"C11.3","2","A52479","Malignant neoplasm of anterior wall of nasopharynx"
"C11.8","2","A52479","Malignant neoplasm of overlapping sites of nasopharynx"
"C11.9","2","A52479","Malignant neoplasm of nasopharynx, unspecified"
"C12","2","A52479","Malignant neoplasm of pyriform sinus"
"C13.0","2","A52479","Malignant neoplasm of postcricoid region"
"C13.1","2","A52479","Malignant neoplasm of aryepiglottic fold, hypopharyngeal aspect"
"C13.2","2","A52479","Malignant neoplasm of posterior wall of hypopharynx"
"C13.8","2","A52479","Malignant neoplasm of overlapping sites of hypopharynx"
"C13.9","2","A52479","Malignant neoplasm of hypopharynx, unspecified"
"C14.0","2","A52479","Malignant neoplasm of pharynx, unspecified"
"C14.2","2","A52479","Malignant neoplasm of Waldeyer's ring"
"C14.8","2","A52479","Malignant neoplasm of overlapping sites of lip, oral cavity and pharynx"
"C15.3","2","A52479","Malignant neoplasm of upper third of esophagus"
"C15.4","2","A52479","Malignant neoplasm of middle third of esophagus"
"C15.5","2","A52479","Malignant neoplasm of lower third of esophagus"
"C15.8","2","A52479","Malignant neoplasm of overlapping sites of esophagus"
"C15.9","2","A52479","Malignant neoplasm of esophagus, unspecified"
"C16.0","2","A52479","Malignant neoplasm of cardia"
"C16.1","2","A52479","Malignant neoplasm of fundus of stomach"
"C16.2","2","A52479","Malignant neoplasm of body of stomach"
"C16.3","2","A52479","Malignant neoplasm of pyloric antrum"
"C16.4","2","A52479","Malignant neoplasm of pylorus"
"C16.5","2","A52479","Malignant neoplasm of lesser curvature of stomach, unspecified"
"C16.6","2","A52479","Malignant neoplasm of greater curvature of stomach, unspecified"
"C16.8","2","A52479","Malignant neoplasm of overlapping sites of stomach"
"C16.9","2","A52479","Malignant neoplasm of stomach, unspecified"
"C17.0","2","A52479","Malignant neoplasm of duodenum"
"C17.1","2","A52479","Malignant neoplasm of jejunum"
"C17.2","2","A52479","Malignant neoplasm of ileum"
"C17.8","2","A52479","Malignant neoplasm of overlapping sites of small intestine"
"C17.9","2","A52479","Malignant neoplasm of small intestine, unspecified"
"C18.0","2","A52479","Malignant neoplasm of cecum"
"C18.1","2","A52479","Malignant neoplasm of appendix"
"C18.2","2","A52479","Malignant neoplasm of ascending colon"
"C18.3","2","A52479","Malignant neoplasm of hepatic flexure"
"C18.4","2","A52479","Malignant neoplasm of transverse colon"
"C18.5","2","A52479","Malignant neoplasm of splenic flexure"
"C18.6","2","A52479","Malignant neoplasm of descending colon"
"C18.7","2","A52479","Malignant neoplasm of sigmoid colon"
"C18.8","2","A52479","Malignant neoplasm of overlapping sites of colon"
"C18.9","2","A52479","Malignant neoplasm of colon, unspecified"
"C19","2","A52479","Malignant neoplasm of rectosigmoid junction"
"C20","2","A52479","Malignant neoplasm of rectum"
"C21.0","2","A52479","Malignant neoplasm of anus, unspecified"
"C21.1","2","A52479","Malignant neoplasm of anal canal"
"C21.2","2","A52479","Malignant neoplasm of cloacogenic zone"
"C21.8","2","A52479","Malignant neoplasm of overlapping sites of rectum, anus and anal canal"
"C22.1","2","A52479","Intrahepatic bile duct carcinoma"
"C23","2","A52479","Malignant neoplasm of gallbladder"
"C24.0","2","A52479","Malignant neoplasm of extrahepatic bile duct"
"C24.1","2","A52479","Malignant neoplasm of ampulla of Vater"
"C24.8","2","A52479","Malignant neoplasm of overlapping sites of biliary tract"
"C24.9","2","A52479","Malignant neoplasm of biliary tract, unspecified"
"C25.0","2","A52479","Malignant neoplasm of head of pancreas"
"C25.1","2","A52479","Malignant neoplasm of body of pancreas"
"C25.2","2","A52479","Malignant neoplasm of tail of pancreas"
"C25.3","2","A52479","Malignant neoplasm of pancreatic duct"
"C25.4","2","A52479","Malignant neoplasm of endocrine pancreas"
"C25.7","2","A52479","Malignant neoplasm of other parts of pancreas"
"C25.8","2","A52479","Malignant neoplasm of overlapping sites of pancreas"
"C25.9","2","A52479","Malignant neoplasm of pancreas, unspecified"
"C45.1","2","A52479","Mesothelioma of peritoneum"
"C45.9","2","A52479","Mesothelioma, unspecified"
"C48.1","2","A52479","Malignant neoplasm of specified parts of peritoneum"
"C48.2","2","A52479","Malignant neoplasm of peritoneum, unspecified"
"C48.8","2","A52479","Malignant neoplasm of overlapping sites of retroperitoneum and peritoneum"
"C50.011","2","A52479","Malignant neoplasm of nipple and areola, right female breast"
"C50.012","2","A52479","Malignant neoplasm of nipple and areola, left female breast"
"C50.019","2","A52479","Malignant neoplasm of nipple and areola, unspecified female breast"
"C50.021","2","A52479","Malignant neoplasm of nipple and areola, right male breast"
"C50.022","2","A52479","Malignant neoplasm of nipple and areola, left male breast"
"C50.029","2","A52479","Malignant neoplasm of nipple and areola, unspecified male breast"
"C50.111","2","A52479","Malignant neoplasm of central portion of right female breast"
"C50.112","2","A52479","Malignant neoplasm of central portion of left female breast"
"C50.119","2","A52479","Malignant neoplasm of central portion of unspecified female breast"
"C50.121","2","A52479","Malignant neoplasm of central portion of right male breast"
"C50.122","2","A52479","Malignant neoplasm of central portion of left male breast"
"C50.129","2","A52479","Malignant neoplasm of central portion of unspecified male breast"
"C50.211","2","A52479","Malignant neoplasm of upper-inner quadrant of right female breast"
"C50.212","2","A52479","Malignant neoplasm of upper-inner quadrant of left female breast"
"C50.219","2","A52479","Malignant neoplasm of upper-inner quadrant of unspecified female breast"
"C50.221","2","A52479","Malignant neoplasm of upper-inner quadrant of right male breast"
"C50.222","2","A52479","Malignant neoplasm of upper-inner quadrant of left male breast"
"C50.229","2","A52479","Malignant neoplasm of upper-inner quadrant of unspecified male breast"
"C50.311","2","A52479","Malignant neoplasm of lower-inner quadrant of right female breast"
"C50.312","2","A52479","Malignant neoplasm of lower-inner quadrant of left female breast"
"C50.319","2","A52479","Malignant neoplasm of lower-inner quadrant of unspecified female breast"
"C50.321","2","A52479","Malignant neoplasm of lower-inner quadrant of right male breast"
"C50.322","2","A52479","Malignant neoplasm of lower-inner quadrant of left male breast"
"C50.329","2","A52479","Malignant neoplasm of lower-inner quadrant of unspecified male breast"
"C50.411","2","A52479","Malignant neoplasm of upper-outer quadrant of right female breast"
"C50.412","2","A52479","Malignant neoplasm of upper-outer quadrant of left female breast"
"C50.419","2","A52479","Malignant neoplasm of upper-outer quadrant of unspecified female breast"
"C50.421","2","A52479","Malignant neoplasm of upper-outer quadrant of right male breast"
"C50.422","2","A52479","Malignant neoplasm of upper-outer quadrant of left male breast"
"C50.429","2","A52479","Malignant neoplasm of upper-outer quadrant of unspecified male breast"
"C50.511","2","A52479","Malignant neoplasm of lower-outer quadrant of right female breast"
"C50.512","2","A52479","Malignant neoplasm of lower-outer quadrant of left female breast"
"C50.519","2","A52479","Malignant neoplasm of lower-outer quadrant of unspecified female breast"
"C50.521","2","A52479","Malignant neoplasm of lower-outer quadrant of right male breast"
"C50.522","2","A52479","Malignant neoplasm of lower-outer quadrant of left male breast"
"C50.529","2","A52479","Malignant neoplasm of lower-outer quadrant of unspecified male breast"
"C50.611","2","A52479","Malignant neoplasm of axillary tail of right female breast"
"C50.612","2","A52479","Malignant neoplasm of axillary tail of left female breast"
"C50.619","2","A52479","Malignant neoplasm of axillary tail of unspecified female breast"
"C50.621","2","A52479","Malignant neoplasm of axillary tail of right male breast"
"C50.622","2","A52479","Malignant neoplasm of axillary tail of left male breast"
"C50.629","2","A52479","Malignant neoplasm of axillary tail of unspecified male breast"
"C50.811","2","A52479","Malignant neoplasm of overlapping sites of right female breast"
"C50.812","2","A52479","Malignant neoplasm of overlapping sites of left female breast"
"C50.819","2","A52479","Malignant neoplasm of overlapping sites of unspecified female breast"
"C50.821","2","A52479","Malignant neoplasm of overlapping sites of right male breast"
"C50.822","2","A52479","Malignant neoplasm of overlapping sites of left male breast"
"C50.829","2","A52479","Malignant neoplasm of overlapping sites of unspecified male breast"
"C50.911","2","A52479","Malignant neoplasm of unspecified site of right female breast"
"C50.912","2","A52479","Malignant neoplasm of unspecified site of left female breast"
"C50.919","2","A52479","Malignant neoplasm of unspecified site of unspecified female breast"
"C50.921","2","A52479","Malignant neoplasm of unspecified site of right male breast"
"C50.922","2","A52479","Malignant neoplasm of unspecified site of left male breast"
"C50.929","2","A52479","Malignant neoplasm of unspecified site of unspecified male breast"
"C50.A0","2","A52479","Malignant inflammatory neoplasm of unspecified breast"
"C50.A1","2","A52479","Malignant inflammatory neoplasm of right breast"
"C50.A2","2","A52479","Malignant inflammatory neoplasm of left breast"
"C56.1","2","A52479","Malignant neoplasm of right ovary"
"C56.2","2","A52479","Malignant neoplasm of left ovary"
"C56.3","2","A52479","Malignant neoplasm of bilateral ovaries"
"C56.9","2","A52479","Malignant neoplasm of unspecified ovary"
"C57.00","2","A52479","Malignant neoplasm of unspecified fallopian tube"
"C57.01","2","A52479","Malignant neoplasm of right fallopian tube"
"C57.02","2","A52479","Malignant neoplasm of left fallopian tube"
"C57.10","2","A52479","Malignant neoplasm of unspecified broad ligament"
"C57.11","2","A52479","Malignant neoplasm of right broad ligament"
"C57.12","2","A52479","Malignant neoplasm of left broad ligament"
"C57.20","2","A52479","Malignant neoplasm of unspecified round ligament"
"C57.21","2","A52479","Malignant neoplasm of right round ligament"
"C57.22","2","A52479","Malignant neoplasm of left round ligament"
"C57.3","2","A52479","Malignant neoplasm of parametrium"
"C57.4","2","A52479","Malignant neoplasm of uterine adnexa, unspecified"
"C60.0","2","A52479","Malignant neoplasm of prepuce"
"C60.1","2","A52479","Malignant neoplasm of glans penis"
"C60.2","2","A52479","Malignant neoplasm of body of penis"
"C60.8","2","A52479","Malignant neoplasm of overlapping sites of penis"
"C60.9","2","A52479","Malignant neoplasm of penis, unspecified"
"C63.7","2","A52479","Malignant neoplasm of other specified male genital organs"
"C63.8","2","A52479","Malignant neoplasm of overlapping sites of male genital organs"
"C63.9","2","A52479","Malignant neoplasm of male genital organ, unspecified"
"C64.1","2","A52479","Malignant neoplasm of right kidney, except renal pelvis"
"C64.2","2","A52479","Malignant neoplasm of left kidney, except renal pelvis"
"C64.9","2","A52479","Malignant neoplasm of unspecified kidney, except renal pelvis"
"C65.1","2","A52479","Malignant neoplasm of right renal pelvis"
"C65.2","2","A52479","Malignant neoplasm of left renal pelvis"
"C65.9","2","A52479","Malignant neoplasm of unspecified renal pelvis"
"C7A.00","2","A52479","Malignant carcinoid tumor of unspecified site"
"C7A.010","2","A52479","Malignant carcinoid tumor of the duodenum"
"C7A.011","2","A52479","Malignant carcinoid tumor of the jejunum"
"C7A.012","2","A52479","Malignant carcinoid tumor of the ileum"
"C7A.019","2","A52479","Malignant carcinoid tumor of the small intestine, unspecified portion"
"C7A.020","2","A52479","Malignant carcinoid tumor of the appendix"
"C7A.021","2","A52479","Malignant carcinoid tumor of the cecum"
"C7A.022","2","A52479","Malignant carcinoid tumor of the ascending colon"
"C7A.023","2","A52479","Malignant carcinoid tumor of the transverse colon"
"C7A.024","2","A52479","Malignant carcinoid tumor of the descending colon"
"C7A.025","2","A52479","Malignant carcinoid tumor of the sigmoid colon"
"C7A.026","2","A52479","Malignant carcinoid tumor of the rectum"
"C7A.029","2","A52479","Malignant carcinoid tumor of the large intestine, unspecified portion"
"C7A.090","2","A52479","Malignant carcinoid tumor of the bronchus and lung"
"C7A.091","2","A52479","Malignant carcinoid tumor of the thymus"
"C7A.092","2","A52479","Malignant carcinoid tumor of the stomach"
"C7A.093","2","A52479","Malignant carcinoid tumor of the kidney"
"C7A.094","2","A52479","Malignant carcinoid tumor of the foregut, unspecified"
"C7A.095","2","A52479","Malignant carcinoid tumor of the midgut, unspecified"
"C7A.096","2","A52479","Malignant carcinoid tumor of the hindgut, unspecified"
"C7A.098","2","A52479","Malignant carcinoid tumors of other sites"
"C7A.1","2","A52479","Malignant poorly differentiated neuroendocrine tumors"
"C7A.8","2","A52479","Other malignant neuroendocrine tumors"
"C7B.00","2","A52479","Secondary carcinoid tumors, unspecified site"
"C7B.01","2","A52479","Secondary carcinoid tumors of distant lymph nodes"
"C7B.02","2","A52479","Secondary carcinoid tumors of liver"
"C7B.03","2","A52479","Secondary carcinoid tumors of bone"
"C7B.04","2","A52479","Secondary carcinoid tumors of peritoneum"
"C7B.09","2","A52479","Secondary carcinoid tumors of other sites"
"C7B.8","2","A52479","Other secondary neuroendocrine tumors"
"C78.00","2","A52479","Secondary malignant neoplasm of unspecified lung"
"C78.01","2","A52479","Secondary malignant neoplasm of right lung"
"C78.02","2","A52479","Secondary malignant neoplasm of left lung"
"C78.6","2","A52479","Secondary malignant neoplasm of retroperitoneum and peritoneum"
"C78.7","2","A52479","Secondary malignant neoplasm of liver and intrahepatic bile duct"
"C79.31","2","A52479","Secondary malignant neoplasm of brain"
"C79.51","2","A52479","Secondary malignant neoplasm of bone"
"C79.52","2","A52479","Secondary malignant neoplasm of bone marrow"
"C79.63","2","A52479","Secondary malignant neoplasm of bilateral ovaries"
"C80.0","2","A52479","Disseminated malignant neoplasm, unspecified"
"C80.1","2","A52479","Malignant (primary) neoplasm, unspecified"
"D37.1","2","A52479","Neoplasm of uncertain behavior of stomach"
"D37.2","2","A52479","Neoplasm of uncertain behavior of small intestine"
"D37.3","2","A52479","Neoplasm of uncertain behavior of appendix"
"D37.4","2","A52479","Neoplasm of uncertain behavior of colon"
"D37.5","2","A52479","Neoplasm of uncertain behavior of rectum"
"D37.8","2","A52479","Neoplasm of uncertain behavior of other specified digestive organs"
"D37.9","2","A52479","Neoplasm of uncertain behavior of digestive organ, unspecified"
"D49.511","2","A52479","Neoplasm of unspecified behavior of right kidney"
"D49.512","2","A52479","Neoplasm of unspecified behavior of left kidney"
"D49.519","2","A52479","Neoplasm of unspecified behavior of unspecified kidney"
"D49.59","2","A52479","Neoplasm of unspecified behavior of other genitourinary organ"
"E16.8","2","A52479","Other specified disorders of pancreatic internal secretion"
"E34.00","2","A52479","Carcinoid syndrome, unspecified"
"E34.01","2","A52479","Carcinoid heart syndrome"
"E34.09","2","A52479","Other carcinoid syndrome"
"Z85.00","2","A52479","Personal history of malignant neoplasm of unspecified digestive organ"
"Z85.01","2","A52479","Personal history of malignant neoplasm of esophagus"
"Z85.020","2","A52479","Personal history of malignant carcinoid tumor of stomach"
"Z85.028","2","A52479","Personal history of other malignant neoplasm of stomach"
"Z85.030","2","A52479","Personal history of malignant carcinoid tumor of large intestine"
"Z85.038","2","A52479","Personal history of other malignant neoplasm of large intestine"
"Z85.040","2","A52479","Personal history of malignant carcinoid tumor of rectum"
"Z85.048","2","A52479","Personal history of other malignant neoplasm of rectum, rectosigmoid junction, and anus"
"Z85.05","2","A52479","Personal history of malignant neoplasm of liver"
"Z85.060","2","A52479","Personal history of malignant carcinoid tumor of small intestine"
"Z85.068","2","A52479","Personal history of other malignant neoplasm of small intestine"
"Z85.07","2","A52479","Personal history of malignant neoplasm of pancreas"
"Z85.09","2","A52479","Personal history of malignant neoplasm of other digestive organs"
"Z85.110","2","A52479","Personal history of malignant carcinoid tumor of bronchus and lung"
"Z85.230","2","A52479","Personal history of malignant carcinoid tumor of thymus"
"Z85.3","2","A52479","Personal history of malignant neoplasm of breast"
"Z85.43","2","A52479","Personal history of malignant neoplasm of ovary"
"Z85.4A","2","A52479","Personal history of malignant neoplasm of fallopian tube(s)"
"Z85.528","2","A52479","Personal history of other malignant neoplasm of kidney"
"Z85.810","2","A52479","Personal history of malignant neoplasm of tongue"
"Z85.818","2","A52479","Personal history of malignant neoplasm of other sites of lip, oral cavity, and pharynx"
"Z85.819","2","A52479","Personal history of malignant neoplasm of unspecified site of lip, oral cavity, and pharynx"
"Z85.858","2","A52479","Personal history of malignant neoplasm of other endocrine glands"
"C00.0","3","A52479","Malignant neoplasm of external upper lip"
"C00.1","3","A52479","Malignant neoplasm of external lower lip"
"C00.2","3","A52479","Malignant neoplasm of external lip, unspecified"
"C00.3","3","A52479","Malignant neoplasm of upper lip, inner aspect"
"C00.4","3","A52479","Malignant neoplasm of lower lip, inner aspect"
"C00.5","3","A52479","Malignant neoplasm of lip, unspecified, inner aspect"
"C00.6","3","A52479","Malignant neoplasm of commissure of lip, unspecified"
"C00.8","3","A52479","Malignant neoplasm of overlapping sites of lip"
"C00.9","3","A52479","Malignant neoplasm of lip, unspecified"
"C01","3","A52479","Malignant neoplasm of base of tongue"
"C02.0","3","A52479","Malignant neoplasm of dorsal surface of tongue"
"C02.1","3","A52479","Malignant neoplasm of border of tongue"
"C02.2","3","A52479","Malignant neoplasm of ventral surface of tongue"
"C02.3","3","A52479","Malignant neoplasm of anterior two-thirds of tongue, part unspecified"
"C02.4","3","A52479","Malignant neoplasm of lingual tonsil"
"C02.8","3","A52479","Malignant neoplasm of overlapping sites of tongue"
"C02.9","3","A52479","Malignant neoplasm of tongue, unspecified"
"C03.0","3","A52479","Malignant neoplasm of upper gum"
"C03.1","3","A52479","Malignant neoplasm of lower gum"
"C03.9","3","A52479","Malignant neoplasm of gum, unspecified"
"C04.0","3","A52479","Malignant neoplasm of anterior floor of mouth"
"C04.1","3","A52479","Malignant neoplasm of lateral floor of mouth"
"C04.8","3","A52479","Malignant neoplasm of overlapping sites of floor of mouth"
"C04.9","3","A52479","Malignant neoplasm of floor of mouth, unspecified"
"C05.0","3","A52479","Malignant neoplasm of hard palate"
"C05.1","3","A52479","Malignant neoplasm of soft palate"
"C05.2","3","A52479","Malignant neoplasm of uvula"
"C05.8","3","A52479","Malignant neoplasm of overlapping sites of palate"
"C05.9","3","A52479","Malignant neoplasm of palate, unspecified"
"C06.0","3","A52479","Malignant neoplasm of cheek mucosa"
"C06.1","3","A52479","Malignant neoplasm of vestibule of mouth"
"C06.2","3","A52479","Malignant neoplasm of retromolar area"
"C06.80","3","A52479","Malignant neoplasm of overlapping sites of unspecified parts of mouth"
"C06.89","3","A52479","Malignant neoplasm of overlapping sites of other parts of mouth"
"C06.9","3","A52479","Malignant neoplasm of mouth, unspecified"
"C07","3","A52479","Malignant neoplasm of parotid gland"
"C08.0","3","A52479","Malignant neoplasm of submandibular gland"
"C08.1","3","A52479","Malignant neoplasm of sublingual gland"
"C08.9","3","A52479","Malignant neoplasm of major salivary gland, unspecified"
"C09.0","3","A52479","Malignant neoplasm of tonsillar fossa"
"C09.1","3","A52479","Malignant neoplasm of tonsillar pillar (anterior) (posterior)"
"C09.8","3","A52479","Malignant neoplasm of overlapping sites of tonsil"
"C09.9","3","A52479","Malignant neoplasm of tonsil, unspecified"
"C10.0","3","A52479","Malignant neoplasm of vallecula"
"C10.1","3","A52479","Malignant neoplasm of anterior surface of epiglottis"
"C10.2","3","A52479","Malignant neoplasm of lateral wall of oropharynx"
"C10.3","3","A52479","Malignant neoplasm of posterior wall of oropharynx"
"C10.4","3","A52479","Malignant neoplasm of branchial cleft"
"C10.8","3","A52479","Malignant neoplasm of overlapping sites of oropharynx"
"C10.9","3","A52479","Malignant neoplasm of oropharynx, unspecified"
"C11.0","3","A52479","Malignant neoplasm of superior wall of nasopharynx"
"C11.1","3","A52479","Malignant neoplasm of posterior wall of nasopharynx"
"C11.2","3","A52479","Malignant neoplasm of lateral wall of nasopharynx"
"C11.3","3","A52479","Malignant neoplasm of anterior wall of nasopharynx"
"C11.8","3","A52479","Malignant neoplasm of overlapping sites of nasopharynx"
"C11.9","3","A52479","Malignant neoplasm of nasopharynx, unspecified"
"C12","3","A52479","Malignant neoplasm of pyriform sinus"
"C13.0","3","A52479","Malignant neoplasm of postcricoid region"
"C13.1","3","A52479","Malignant neoplasm of aryepiglottic fold, hypopharyngeal aspect"
"C13.2","3","A52479","Malignant neoplasm of posterior wall of hypopharynx"
"C13.8","3","A52479","Malignant neoplasm of overlapping sites of hypopharynx"
"C13.9","3","A52479","Malignant neoplasm of hypopharynx, unspecified"
"C14.0","3","A52479","Malignant neoplasm of pharynx, unspecified"
"C14.2","3","A52479","Malignant neoplasm of Waldeyer's ring"
"C14.8","3","A52479","Malignant neoplasm of overlapping sites of lip, oral cavity and pharynx"
"C16.0","3","A52479","Malignant neoplasm of cardia"
"C16.1","3","A52479","Malignant neoplasm of fundus of stomach"
"C16.2","3","A52479","Malignant neoplasm of body of stomach"
"C16.3","3","A52479","Malignant neoplasm of pyloric antrum"
"C16.4","3","A52479","Malignant neoplasm of pylorus"
"C16.5","3","A52479","Malignant neoplasm of lesser curvature of stomach, unspecified"
"C16.6","3","A52479","Malignant neoplasm of greater curvature of stomach, unspecified"
"C16.8","3","A52479","Malignant neoplasm of overlapping sites of stomach"
"C16.9","3","A52479","Malignant neoplasm of stomach, unspecified"
"C30.0","3","A52479","Malignant neoplasm of nasal cavity"
"C30.1","3","A52479","Malignant neoplasm of middle ear"
"C31.0","3","A52479","Malignant neoplasm of maxillary sinus"
"C31.1","3","A52479","Malignant neoplasm of ethmoidal sinus"
"C31.2","3","A52479","Malignant neoplasm of frontal sinus"
"C31.3","3","A52479","Malignant neoplasm of sphenoid sinus"
"C31.8","3","A52479","Malignant neoplasm of overlapping sites of accessory sinuses"
"C31.9","3","A52479","Malignant neoplasm of accessory sinus, unspecified"
"C32.0","3","A52479","Malignant neoplasm of glottis"
"C32.1","3","A52479","Malignant neoplasm of supraglottis"
"C32.2","3","A52479","Malignant neoplasm of subglottis"
"C32.3","3","A52479","Malignant neoplasm of laryngeal cartilage"
"C32.8","3","A52479","Malignant neoplasm of overlapping sites of larynx"
"C32.9","3","A52479","Malignant neoplasm of larynx, unspecified"
"C33","3","A52479","Malignant neoplasm of trachea"
"C34.00","3","A52479","Malignant neoplasm of unspecified main bronchus"
"C34.01","3","A52479","Malignant neoplasm of right main bronchus"
"C34.02","3","A52479","Malignant neoplasm of left main bronchus"
"C34.10","3","A52479","Malignant neoplasm of upper lobe, unspecified bronchus or lung"
"C34.11","3","A52479","Malignant neoplasm of upper lobe, right bronchus or lung"
"C34.12","3","A52479","Malignant neoplasm of upper lobe, left bronchus or lung"
"C34.2","3","A52479","Malignant neoplasm of middle lobe, bronchus or lung"
"C34.30","3","A52479","Malignant neoplasm of lower lobe, unspecified bronchus or lung"
"C34.31","3","A52479","Malignant neoplasm of lower lobe, right bronchus or lung"
"C34.32","3","A52479","Malignant neoplasm of lower lobe, left bronchus or lung"
"C34.80","3","A52479","Malignant neoplasm of overlapping sites of unspecified bronchus and lung"
"C34.81","3","A52479","Malignant neoplasm of overlapping sites of right bronchus and lung"
"C34.82","3","A52479","Malignant neoplasm of overlapping sites of left bronchus and lung"
"C34.90","3","A52479","Malignant neoplasm of unspecified part of unspecified bronchus or lung"
"C34.91","3","A52479","Malignant neoplasm of unspecified part of right bronchus or lung"
"C34.92","3","A52479","Malignant neoplasm of unspecified part of left bronchus or lung"
"C37","3","A52479","Malignant neoplasm of thymus"
"C38.8","3","A52479","Malignant neoplasm of overlapping sites of heart, mediastinum and pleura"
"C40.00","3","A52479","Malignant neoplasm of scapula and long bones of unspecified upper limb"
"C40.01","3","A52479","Malignant neoplasm of scapula and long bones of right upper limb"
"C40.02","3","A52479","Malignant neoplasm of scapula and long bones of left upper limb"
"C40.10","3","A52479","Malignant neoplasm of short bones of unspecified upper limb"
"C40.11","3","A52479","Malignant neoplasm of short bones of right upper limb"
"C40.12","3","A52479","Malignant neoplasm of short bones of left upper limb"
"C40.20","3","A52479","Malignant neoplasm of long bones of unspecified lower limb"
"C40.21","3","A52479","Malignant neoplasm of long bones of right lower limb"
"C40.22","3","A52479","Malignant neoplasm of long bones of left lower limb"
"C40.30","3","A52479","Malignant neoplasm of short bones of unspecified lower limb"
"C40.31","3","A52479","Malignant neoplasm of short bones of right lower limb"
"C40.32","3","A52479","Malignant neoplasm of short bones of left lower limb"
"C40.80","3","A52479","Malignant neoplasm of overlapping sites of bone and articular cartilage of unspecified limb"
"C40.81","3","A52479","Malignant neoplasm of overlapping sites of bone and articular cartilage of right limb"
"C40.82","3","A52479","Malignant neoplasm of overlapping sites of bone and articular cartilage of left limb"
"C40.90","3","A52479","Malignant neoplasm of unspecified bones and articular cartilage of unspecified limb"
"C40.91","3","A52479","Malignant neoplasm of unspecified bones and articular cartilage of right limb"
"C40.92","3","A52479","Malignant neoplasm of unspecified bones and articular cartilage of left limb"
"C41.0","3","A52479","Malignant neoplasm of bones of skull and face"
"C41.1","3","A52479","Malignant neoplasm of mandible"
"C41.2","3","A52479","Malignant neoplasm of vertebral column"
"C41.3","3","A52479","Malignant neoplasm of ribs, sternum and clavicle"
"C41.4","3","A52479","Malignant neoplasm of pelvic bones, sacrum and coccyx"
"C41.9","3","A52479","Malignant neoplasm of bone and articular cartilage, unspecified"
"C4A.0","3","A52479","Merkel cell carcinoma of lip"
"C4A.10","3","A52479","Merkel cell carcinoma of unspecified eyelid, including canthus"
"C4A.111","3","A52479","Merkel cell carcinoma of right upper eyelid, including canthus"
"C4A.112","3","A52479","Merkel cell carcinoma of right lower eyelid, including canthus"
"C4A.121","3","A52479","Merkel cell carcinoma of left upper eyelid, including canthus"
"C4A.122","3","A52479","Merkel cell carcinoma of left lower eyelid, including canthus"
"C4A.20","3","A52479","Merkel cell carcinoma of unspecified ear and external auricular canal"
"C4A.21","3","A52479","Merkel cell carcinoma of right ear and external auricular canal"
"C4A.22","3","A52479","Merkel cell carcinoma of left ear and external auricular canal"
"C4A.30","3","A52479","Merkel cell carcinoma of unspecified part of face"
"C4A.31","3","A52479","Merkel cell carcinoma of nose"
"C4A.39","3","A52479","Merkel cell carcinoma of other parts of face"
"C4A.4","3","A52479","Merkel cell carcinoma of scalp and neck"
"C4A.51","3","A52479","Merkel cell carcinoma of anal skin"
"C4A.52","3","A52479","Merkel cell carcinoma of skin of breast"
"C4A.59","3","A52479","Merkel cell carcinoma of other part of trunk"
"C4A.60","3","A52479","Merkel cell carcinoma of unspecified upper limb, including shoulder"
"C4A.61","3","A52479","Merkel cell carcinoma of right upper limb, including shoulder"
"C4A.62","3","A52479","Merkel cell carcinoma of left upper limb, including shoulder"
"C4A.70","3","A52479","Merkel cell carcinoma of unspecified lower limb, including hip"
"C4A.71","3","A52479","Merkel cell carcinoma of right lower limb, including hip"
"C4A.72","3","A52479","Merkel cell carcinoma of left lower limb, including hip"
"C4A.8","3","A52479","Merkel cell carcinoma of overlapping sites"
"C4A.9","3","A52479","Merkel cell carcinoma, unspecified"
"C44.101","3","A52479","Unspecified malignant neoplasm of skin of unspecified eyelid, including canthus"
"C44.1021","3","A52479","Unspecified malignant neoplasm of skin of right upper eyelid, including canthus"
"C44.1022","3","A52479","Unspecified malignant neoplasm of skin of right lower eyelid, including canthus"
"C44.1091","3","A52479","Unspecified malignant neoplasm of skin of left upper eyelid, including canthus"
"C44.1092","3","A52479","Unspecified malignant neoplasm of skin of left lower eyelid, including canthus"
"C44.111","3","A52479","Basal cell carcinoma of skin of unspecified eyelid, including canthus"
"C44.1121","3","A52479","Basal cell carcinoma of skin of right upper eyelid, including canthus"
"C44.1122","3","A52479","Basal cell carcinoma of skin of right lower eyelid, including canthus"
"C44.1191","3","A52479","Basal cell carcinoma of skin of left upper eyelid, including canthus"
"C44.1192","3","A52479","Basal cell carcinoma of skin of left lower eyelid, including canthus"
"C44.121","3","A52479","Squamous cell carcinoma of skin of unspecified eyelid, including canthus"
"C44.1221","3","A52479","Squamous cell carcinoma of skin of right upper eyelid, including canthus"
"C44.1222","3","A52479","Squamous cell carcinoma of skin of right lower eyelid, including canthus"
"C44.1291","3","A52479","Squamous cell carcinoma of skin of left upper eyelid, including canthus"
"C44.1292","3","A52479","Squamous cell carcinoma of skin of left lower eyelid, including canthus"
"C44.191","3","A52479","Other specified malignant neoplasm of skin of unspecified eyelid, including canthus"
"C44.1921","3","A52479","Other specified malignant neoplasm of skin of right upper eyelid, including canthus"
"C44.1922","3","A52479","Other specified malignant neoplasm of skin of right lower eyelid, including canthus"
"C44.1991","3","A52479","Other specified malignant neoplasm of skin of left upper eyelid, including canthus"
"C44.1992","3","A52479","Other specified malignant neoplasm of skin of left lower eyelid, including canthus"
"C44.201","3","A52479","Unspecified malignant neoplasm of skin of unspecified ear and external auricular canal"
"C44.202","3","A52479","Unspecified malignant neoplasm of skin of right ear and external auricular canal"
"C44.209","3","A52479","Unspecified malignant neoplasm of skin of left ear and external auricular canal"
"C44.211","3","A52479","Basal cell carcinoma of skin of unspecified ear and external auricular canal"
"C44.212","3","A52479","Basal cell carcinoma of skin of right ear and external auricular canal"
"C44.219","3","A52479","Basal cell carcinoma of skin of left ear and external auricular canal"
"C44.221","3","A52479","Squamous cell carcinoma of skin of unspecified ear and external auricular canal"
"C44.222","3","A52479","Squamous cell carcinoma of skin of right ear and external auricular canal"
"C44.229","3","A52479","Squamous cell carcinoma of skin of left ear and external auricular canal"
"C44.291","3","A52479","Other specified malignant neoplasm of skin of unspecified ear and external auricular canal"
"C44.292","3","A52479","Other specified malignant neoplasm of skin of right ear and external auricular canal"
"C44.299","3","A52479","Other specified malignant neoplasm of skin of left ear and external auricular canal"
"C44.300","3","A52479","Unspecified malignant neoplasm of skin of unspecified part of face"
"C44.301","3","A52479","Unspecified malignant neoplasm of skin of nose"
"C44.309","3","A52479","Unspecified malignant neoplasm of skin of other parts of face"
"C44.310","3","A52479","Basal cell carcinoma of skin of unspecified parts of face"
"C44.311","3","A52479","Basal cell carcinoma of skin of nose"
"C44.319","3","A52479","Basal cell carcinoma of skin of other parts of face"
"C44.320","3","A52479","Squamous cell carcinoma of skin of unspecified parts of face"
"C44.321","3","A52479","Squamous cell carcinoma of skin of nose"
"C44.329","3","A52479","Squamous cell carcinoma of skin of other parts of face"
"C44.390","3","A52479","Other specified malignant neoplasm of skin of unspecified parts of face"
"C44.391","3","A52479","Other specified malignant neoplasm of skin of nose"
"C44.399","3","A52479","Other specified malignant neoplasm of skin of other parts of face"
"C44.40","3","A52479","Unspecified malignant neoplasm of skin of scalp and neck"
"C44.41","3","A52479","Basal cell carcinoma of skin of scalp and neck"
"C44.42","3","A52479","Squamous cell carcinoma of skin of scalp and neck"
"C44.49","3","A52479","Other specified malignant neoplasm of skin of scalp and neck"
"C44.500","3","A52479","Unspecified malignant neoplasm of anal skin"
"C44.501","3","A52479","Unspecified malignant neoplasm of skin of breast"
"C44.509","3","A52479","Unspecified malignant neoplasm of skin of other part of trunk"
"C44.510","3","A52479","Basal cell carcinoma of anal skin"
"C44.511","3","A52479","Basal cell carcinoma of skin of breast"
"C44.519","3","A52479","Basal cell carcinoma of skin of other part of trunk"
"C44.520","3","A52479","Squamous cell carcinoma of anal skin"
"C44.521","3","A52479","Squamous cell carcinoma of skin of breast"
"C44.529","3","A52479","Squamous cell carcinoma of skin of other part of trunk"
"C44.590","3","A52479","Other specified malignant neoplasm of anal skin"
"C44.591","3","A52479","Other specified malignant neoplasm of skin of breast"
"C44.599","3","A52479","Other specified malignant neoplasm of skin of other part of trunk"
"C44.601","3","A52479","Unspecified malignant neoplasm of skin of unspecified upper limb, including shoulder"
"C44.602","3","A52479","Unspecified malignant neoplasm of skin of right upper limb, including shoulder"
"C44.609","3","A52479","Unspecified malignant neoplasm of skin of left upper limb, including shoulder"
"C44.611","3","A52479","Basal cell carcinoma of skin of unspecified upper limb, including shoulder"
"C44.612","3","A52479","Basal cell carcinoma of skin of right upper limb, including shoulder"
"C44.619","3","A52479","Basal cell carcinoma of skin of left upper limb, including shoulder"
"C44.621","3","A52479","Squamous cell carcinoma of skin of unspecified upper limb, including shoulder"
"C44.622","3","A52479","Squamous cell carcinoma of skin of right upper limb, including shoulder"
"C44.629","3","A52479","Squamous cell carcinoma of skin of left upper limb, including shoulder"
"C44.691","3","A52479","Other specified malignant neoplasm of skin of unspecified upper limb, including shoulder"
"C44.692","3","A52479","Other specified malignant neoplasm of skin of right upper limb, including shoulder"
"C44.699","3","A52479","Other specified malignant neoplasm of skin of left upper limb, including shoulder"
"C44.701","3","A52479","Unspecified malignant neoplasm of skin of unspecified lower limb, including hip"
"C44.702","3","A52479","Unspecified malignant neoplasm of skin of right lower limb, including hip"
"C44.709","3","A52479","Unspecified malignant neoplasm of skin of left lower limb, including hip"
"C44.711","3","A52479","Basal cell carcinoma of skin of unspecified lower limb, including hip"
"C44.712","3","A52479","Basal cell carcinoma of skin of right lower limb, including hip"
"C44.719","3","A52479","Basal cell carcinoma of skin of left lower limb, including hip"
"C44.721","3","A52479","Squamous cell carcinoma of skin of unspecified lower limb, including hip"
"C44.722","3","A52479","Squamous cell carcinoma of skin of right lower limb, including hip"
"C44.729","3","A52479","Squamous cell carcinoma of skin of left lower limb, including hip"
"C44.791","3","A52479","Other specified malignant neoplasm of skin of unspecified lower limb, including hip"
"C44.792","3","A52479","Other specified malignant neoplasm of skin of right lower limb, including hip"
"C44.799","3","A52479","Other specified malignant neoplasm of skin of left lower limb, including hip"
"C44.80","3","A52479","Unspecified malignant neoplasm of overlapping sites of skin"
"C44.81","3","A52479","Basal cell carcinoma of overlapping sites of skin"
"C44.82","3","A52479","Squamous cell carcinoma of overlapping sites of skin"
"C44.89","3","A52479","Other specified malignant neoplasm of overlapping sites of skin"
"C44.90","3","A52479","Unspecified malignant neoplasm of skin, unspecified"
"C44.91","3","A52479","Basal cell carcinoma of skin, unspecified"
"C44.92","3","A52479","Squamous cell carcinoma of skin, unspecified"
"C44.99","3","A52479","Other specified malignant neoplasm of skin, unspecified"
"C45.1","3","A52479","Mesothelioma of peritoneum"
"C47.0","3","A52479","Malignant neoplasm of peripheral nerves of head, face and neck"
"C47.10","3","A52479","Malignant neoplasm of peripheral nerves of unspecified upper limb, including shoulder"
"C47.11","3","A52479","Malignant neoplasm of peripheral nerves of right upper limb, including shoulder"
"C47.12","3","A52479","Malignant neoplasm of peripheral nerves of left upper limb, including shoulder"
"C47.20","3","A52479","Malignant neoplasm of peripheral nerves of unspecified lower limb, including hip"
"C47.21","3","A52479","Malignant neoplasm of peripheral nerves of right lower limb, including hip"
"C47.22","3","A52479","Malignant neoplasm of peripheral nerves of left lower limb, including hip"
"C47.3","3","A52479","Malignant neoplasm of peripheral nerves of thorax"
"C47.4","3","A52479","Malignant neoplasm of peripheral nerves of abdomen"
"C47.5","3","A52479","Malignant neoplasm of peripheral nerves of pelvis"
"C47.6","3","A52479","Malignant neoplasm of peripheral nerves of trunk, unspecified"
"C47.8","3","A52479","Malignant neoplasm of overlapping sites of peripheral nerves and autonomic nervous system"
"C47.9","3","A52479","Malignant neoplasm of peripheral nerves and autonomic nervous system, unspecified"
"C48.1","3","A52479","Malignant neoplasm of specified parts of peritoneum"
"C48.2","3","A52479","Malignant neoplasm of peritoneum, unspecified"
"C48.8","3","A52479","Malignant neoplasm of overlapping sites of retroperitoneum and peritoneum"
"C49.0","3","A52479","Malignant neoplasm of connective and soft tissue of head, face and neck"
"C49.10","3","A52479","Malignant neoplasm of connective and soft tissue of unspecified upper limb, including shoulder"
"C49.11","3","A52479","Malignant neoplasm of connective and soft tissue of right upper limb, including shoulder"
"C49.12","3","A52479","Malignant neoplasm of connective and soft tissue of left upper limb, including shoulder"
"C49.20","3","A52479","Malignant neoplasm of connective and soft tissue of unspecified lower limb, including hip"
"C49.21","3","A52479","Malignant neoplasm of connective and soft tissue of right lower limb, including hip"
"C49.22","3","A52479","Malignant neoplasm of connective and soft tissue of left lower limb, including hip"
"C49.3","3","A52479","Malignant neoplasm of connective and soft tissue of thorax"
"C49.4","3","A52479","Malignant neoplasm of connective and soft tissue of abdomen"
"C49.5","3","A52479","Malignant neoplasm of connective and soft tissue of pelvis"
"C49.6","3","A52479","Malignant neoplasm of connective and soft tissue of trunk, unspecified"
"C49.8","3","A52479","Malignant neoplasm of overlapping sites of connective and soft tissue"
"C49.9","3","A52479","Malignant neoplasm of connective and soft tissue, unspecified"
"C49.A0","3","A52479","Gastrointestinal stromal tumor, unspecified site"
"C49.A1","3","A52479","Gastrointestinal stromal tumor of esophagus"
"C49.A2","3","A52479","Gastrointestinal stromal tumor of stomach"
"C49.A3","3","A52479","Gastrointestinal stromal tumor of small intestine"
"C49.A4","3","A52479","Gastrointestinal stromal tumor of large intestine"
"C49.A5","3","A52479","Gastrointestinal stromal tumor of rectum"
"C49.A9","3","A52479","Gastrointestinal stromal tumor of other sites"
"C50.011","3","A52479","Malignant neoplasm of nipple and areola, right female breast"
"C50.012","3","A52479","Malignant neoplasm of nipple and areola, left female breast"
"C50.019","3","A52479","Malignant neoplasm of nipple and areola, unspecified female breast"
"C50.021","3","A52479","Malignant neoplasm of nipple and areola, right male breast"
"C50.022","3","A52479","Malignant neoplasm of nipple and areola, left male breast"
"C50.029","3","A52479","Malignant neoplasm of nipple and areola, unspecified male breast"
"C50.111","3","A52479","Malignant neoplasm of central portion of right female breast"
"C50.112","3","A52479","Malignant neoplasm of central portion of left female breast"
"C50.119","3","A52479","Malignant neoplasm of central portion of unspecified female breast"
"C50.121","3","A52479","Malignant neoplasm of central portion of right male breast"
"C50.122","3","A52479","Malignant neoplasm of central portion of left male breast"
"C50.129","3","A52479","Malignant neoplasm of central portion of unspecified male breast"
"C50.211","3","A52479","Malignant neoplasm of upper-inner quadrant of right female breast"
"C50.212","3","A52479","Malignant neoplasm of upper-inner quadrant of left female breast"
"C50.219","3","A52479","Malignant neoplasm of upper-inner quadrant of unspecified female breast"
"C50.221","3","A52479","Malignant neoplasm of upper-inner quadrant of right male breast"
"C50.222","3","A52479","Malignant neoplasm of upper-inner quadrant of left male breast"
"C50.229","3","A52479","Malignant neoplasm of upper-inner quadrant of unspecified male breast"
"C50.311","3","A52479","Malignant neoplasm of lower-inner quadrant of right female breast"
"C50.312","3","A52479","Malignant neoplasm of lower-inner quadrant of left female breast"
"C50.319","3","A52479","Malignant neoplasm of lower-inner quadrant of unspecified female breast"
"C50.321","3","A52479","Malignant neoplasm of lower-inner quadrant of right male breast"
"C50.322","3","A52479","Malignant neoplasm of lower-inner quadrant of left male breast"
"C50.329","3","A52479","Malignant neoplasm of lower-inner quadrant of unspecified male breast"
"C50.411","3","A52479","Malignant neoplasm of upper-outer quadrant of right female breast"
"C50.412","3","A52479","Malignant neoplasm of upper-outer quadrant of left female breast"
"C50.419","3","A52479","Malignant neoplasm of upper-outer quadrant of unspecified female breast"
"C50.421","3","A52479","Malignant neoplasm of upper-outer quadrant of right male breast"
"C50.422","3","A52479","Malignant neoplasm of upper-outer quadrant of left male breast"
"C50.429","3","A52479","Malignant neoplasm of upper-outer quadrant of unspecified male breast"
"C50.511","3","A52479","Malignant neoplasm of lower-outer quadrant of right female breast"
"C50.512","3","A52479","Malignant neoplasm of lower-outer quadrant of left female breast"
"C50.519","3","A52479","Malignant neoplasm of lower-outer quadrant of unspecified female breast"
"C50.521","3","A52479","Malignant neoplasm of lower-outer quadrant of right male breast"
"C50.522","3","A52479","Malignant neoplasm of lower-outer quadrant of left male breast"
"C50.529","3","A52479","Malignant neoplasm of lower-outer quadrant of unspecified male breast"
"C50.611","3","A52479","Malignant neoplasm of axillary tail of right female breast"
"C50.612","3","A52479","Malignant neoplasm of axillary tail of left female breast"
"C50.619","3","A52479","Malignant neoplasm of axillary tail of unspecified female breast"
"C50.621","3","A52479","Malignant neoplasm of axillary tail of right male breast"
"C50.622","3","A52479","Malignant neoplasm of axillary tail of left male breast"
"C50.629","3","A52479","Malignant neoplasm of axillary tail of unspecified male breast"
"C50.811","3","A52479","Malignant neoplasm of overlapping sites of right female breast"
"C50.812","3","A52479","Malignant neoplasm of overlapping sites of left female breast"
"C50.819","3","A52479","Malignant neoplasm of overlapping sites of unspecified female breast"
"C50.821","3","A52479","Malignant neoplasm of overlapping sites of right male breast"
"C50.822","3","A52479","Malignant neoplasm of overlapping sites of left male breast"
"C50.829","3","A52479","Malignant neoplasm of overlapping sites of unspecified male breast"
"C50.911","3","A52479","Malignant neoplasm of unspecified site of right female breast"
"C50.912","3","A52479","Malignant neoplasm of unspecified site of left female breast"
"C50.919","3","A52479","Malignant neoplasm of unspecified site of unspecified female breast"
"C50.921","3","A52479","Malignant neoplasm of unspecified site of right male breast"
"C50.922","3","A52479","Malignant neoplasm of unspecified site of left male breast"
"C50.929","3","A52479","Malignant neoplasm of unspecified site of unspecified male breast"
"C50.A0","3","A52479","Malignant inflammatory neoplasm of unspecified breast"
"C50.A1","3","A52479","Malignant inflammatory neoplasm of right breast"
"C50.A2","3","A52479","Malignant inflammatory neoplasm of left breast"
"C53.0","3","A52479","Malignant neoplasm of endocervix"
"C53.1","3","A52479","Malignant neoplasm of exocervix"
"C53.8","3","A52479","Malignant neoplasm of overlapping sites of cervix uteri"
"C53.9","3","A52479","Malignant neoplasm of cervix uteri, unspecified"
"C54.0","3","A52479","Malignant neoplasm of isthmus uteri"
"C54.1","3","A52479","Malignant neoplasm of endometrium"
"C54.2","3","A52479","Malignant neoplasm of myometrium"
"C54.3","3","A52479","Malignant neoplasm of fundus uteri"
"C54.8","3","A52479","Malignant neoplasm of overlapping sites of corpus uteri"
"C54.9","3","A52479","Malignant neoplasm of corpus uteri, unspecified"
"C56.1","3","A52479","Malignant neoplasm of right ovary"
"C56.2","3","A52479","Malignant neoplasm of left ovary"
"C56.3","3","A52479","Malignant neoplasm of bilateral ovaries"
"C56.9","3","A52479","Malignant neoplasm of unspecified ovary"
"C57.00","3","A52479","Malignant neoplasm of unspecified fallopian tube"
"C57.01","3","A52479","Malignant neoplasm of right fallopian tube"
"C57.02","3","A52479","Malignant neoplasm of left fallopian tube"
"C57.10","3","A52479","Malignant neoplasm of unspecified broad ligament"
"C57.11","3","A52479","Malignant neoplasm of right broad ligament"
"C57.12","3","A52479","Malignant neoplasm of left broad ligament"
"C57.20","3","A52479","Malignant neoplasm of unspecified round ligament"
"C57.21","3","A52479","Malignant neoplasm of right round ligament"
"C57.22","3","A52479","Malignant neoplasm of left round ligament"
"C57.3","3","A52479","Malignant neoplasm of parametrium"
"C57.4","3","A52479","Malignant neoplasm of uterine adnexa, unspecified"
"C58","3","A52479","Malignant neoplasm of placenta"
"C61","3","A52479","Malignant neoplasm of prostate"
"C62.00","3","A52479","Malignant neoplasm of unspecified undescended testis"
"C62.01","3","A52479","Malignant neoplasm of undescended right testis"
"C62.02","3","A52479","Malignant neoplasm of undescended left testis"
"C62.10","3","A52479","Malignant neoplasm of unspecified descended testis"
"C62.11","3","A52479","Malignant neoplasm of descended right testis"
"C62.12","3","A52479","Malignant neoplasm of descended left testis"
"C62.90","3","A52479","Malignant neoplasm of unspecified testis, unspecified whether descended or undescended"
"C62.91","3","A52479","Malignant neoplasm of right testis, unspecified whether descended or undescended"
"C62.92","3","A52479","Malignant neoplasm of left testis, unspecified whether descended or undescended"
"C64.1","3","A52479","Malignant neoplasm of right kidney, except renal pelvis"
"C64.2","3","A52479","Malignant neoplasm of left kidney, except renal pelvis"
"C64.9","3","A52479","Malignant neoplasm of unspecified kidney, except renal pelvis"
"C65.1","3","A52479","Malignant neoplasm of right renal pelvis"
"C65.2","3","A52479","Malignant neoplasm of left renal pelvis"
"C65.9","3","A52479","Malignant neoplasm of unspecified renal pelvis"
"C67.0","3","A52479","Malignant neoplasm of trigone of bladder"
"C67.1","3","A52479","Malignant neoplasm of dome of bladder"
"C67.2","3","A52479","Malignant neoplasm of lateral wall of bladder"
"C67.3","3","A52479","Malignant neoplasm of anterior wall of bladder"
"C67.4","3","A52479","Malignant neoplasm of posterior wall of bladder"
"C67.5","3","A52479","Malignant neoplasm of bladder neck"
"C67.6","3","A52479","Malignant neoplasm of ureteric orifice"
"C67.7","3","A52479","Malignant neoplasm of urachus"
"C67.8","3","A52479","Malignant neoplasm of overlapping sites of bladder"
"C67.9","3","A52479","Malignant neoplasm of bladder, unspecified"
"C69.20","3","A52479","Malignant neoplasm of unspecified retina"
"C69.21","3","A52479","Malignant neoplasm of right retina"
"C69.22","3","A52479","Malignant neoplasm of left retina"
"C71.0","3","A52479","Malignant neoplasm of cerebrum, except lobes and ventricles"
"C71.1","3","A52479","Malignant neoplasm of frontal lobe"
"C71.2","3","A52479","Malignant neoplasm of temporal lobe"
"C71.3","3","A52479","Malignant neoplasm of parietal lobe"
"C71.4","3","A52479","Malignant neoplasm of occipital lobe"
"C71.5","3","A52479","Malignant neoplasm of cerebral ventricle"
"C71.6","3","A52479","Malignant neoplasm of cerebellum"
"C71.7","3","A52479","Malignant neoplasm of brain stem"
"C71.8","3","A52479","Malignant neoplasm of overlapping sites of brain"
"C71.9","3","A52479","Malignant neoplasm of brain, unspecified"
"C72.9","3","A52479","Malignant neoplasm of central nervous system, unspecified"
"C74.00","3","A52479","Malignant neoplasm of cortex of unspecified adrenal gland"
"C74.01","3","A52479","Malignant neoplasm of cortex of right adrenal gland"
"C74.02","3","A52479","Malignant neoplasm of cortex of left adrenal gland"
"C74.10","3","A52479","Malignant neoplasm of medulla of unspecified adrenal gland"
"C74.11","3","A52479","Malignant neoplasm of medulla of right adrenal gland"
"C74.12","3","A52479","Malignant neoplasm of medulla of left adrenal gland"
"C74.90","3","A52479","Malignant neoplasm of unspecified part of unspecified adrenal gland"
"C74.91","3","A52479","Malignant neoplasm of unspecified part of right adrenal gland"
"C74.92","3","A52479","Malignant neoplasm of unspecified part of left adrenal gland"
"C75.5","3","A52479","Malignant neoplasm of aortic body and other paraganglia"
"C7A.1","3","A52479","Malignant poorly differentiated neuroendocrine tumors"
"C7A.8","3","A52479","Other malignant neuroendocrine tumors"
"C7B.1","3","A52479","Secondary Merkel cell carcinoma"
"C7B.8","3","A52479","Other secondary neuroendocrine tumors"
"C76.0","3","A52479","Malignant neoplasm of head, face and neck"
"C78.00","3","A52479","Secondary malignant neoplasm of unspecified lung"
"C78.01","3","A52479","Secondary malignant neoplasm of right lung"
"C78.02","3","A52479","Secondary malignant neoplasm of left lung"
"C78.7","3","A52479","Secondary malignant neoplasm of liver and intrahepatic bile duct"
"C79.31","3","A52479","Secondary malignant neoplasm of brain"
"C79.51","3","A52479","Secondary malignant neoplasm of bone"
"C79.52","3","A52479","Secondary malignant neoplasm of bone marrow"
"C79.63","3","A52479","Secondary malignant neoplasm of bilateral ovaries"
"C79.70","3","A52479","Secondary malignant neoplasm of unspecified adrenal gland"
"C79.71","3","A52479","Secondary malignant neoplasm of right adrenal gland"
"C79.72","3","A52479","Secondary malignant neoplasm of left adrenal gland"
"C81.00","3","A52479","Nodular lymphocyte predominant Hodgkin lymphoma, unspecified site"
"C81.01","3","A52479","Nodular lymphocyte predominant Hodgkin lymphoma, lymph nodes of head, face, and neck"
"C81.02","3","A52479","Nodular lymphocyte predominant Hodgkin lymphoma, intrathoracic lymph nodes"
"C81.03","3","A52479","Nodular lymphocyte predominant Hodgkin lymphoma, intra-abdominal lymph nodes"
"C81.04","3","A52479","Nodular lymphocyte predominant Hodgkin lymphoma, lymph nodes of axilla and upper limb"
"C81.05","3","A52479","Nodular lymphocyte predominant Hodgkin lymphoma, lymph nodes of inguinal region and lower limb"
"C81.06","3","A52479","Nodular lymphocyte predominant Hodgkin lymphoma, intrapelvic lymph nodes"
"C81.07","3","A52479","Nodular lymphocyte predominant Hodgkin lymphoma, spleen"
"C81.08","3","A52479","Nodular lymphocyte predominant Hodgkin lymphoma, lymph nodes of multiple sites"
"C81.09","3","A52479","Nodular lymphocyte predominant Hodgkin lymphoma, extranodal and solid organ sites"
"C81.0A","3","A52479","Nodular lymphocyte predominant Hodgkin lymphoma, in remission"
"C81.10","3","A52479","Nodular sclerosis Hodgkin lymphoma, unspecified site"
"C81.11","3","A52479","Nodular sclerosis Hodgkin lymphoma, lymph nodes of head, face, and neck"
"C81.12","3","A52479","Nodular sclerosis Hodgkin lymphoma, intrathoracic lymph nodes"
"C81.13","3","A52479","Nodular sclerosis Hodgkin lymphoma, intra-abdominal lymph nodes"
"C81.14","3","A52479","Nodular sclerosis Hodgkin lymphoma, lymph nodes of axilla and upper limb"
"C81.15","3","A52479","Nodular sclerosis Hodgkin lymphoma, lymph nodes of inguinal region and lower limb"
"C81.16","3","A52479","Nodular sclerosis Hodgkin lymphoma, intrapelvic lymph nodes"
"C81.17","3","A52479","Nodular sclerosis Hodgkin lymphoma, spleen"
"C81.18","3","A52479","Nodular sclerosis Hodgkin lymphoma, lymph nodes of multiple sites"
"C81.19","3","A52479","Nodular sclerosis Hodgkin lymphoma, extranodal and solid organ sites"
"C81.1A","3","A52479","Nodular sclerosis Hodgkin lymphoma, in remission"
"C81.20","3","A52479","Mixed cellularity Hodgkin lymphoma, unspecified site"
"C81.21","3","A52479","Mixed cellularity Hodgkin lymphoma, lymph nodes of head, face, and neck"
"C81.22","3","A52479","Mixed cellularity Hodgkin lymphoma, intrathoracic lymph nodes"
"C81.23","3","A52479","Mixed cellularity Hodgkin lymphoma, intra-abdominal lymph nodes"
"C81.24","3","A52479","Mixed cellularity Hodgkin lymphoma, lymph nodes of axilla and upper limb"
"C81.25","3","A52479","Mixed cellularity Hodgkin lymphoma, lymph nodes of inguinal region and lower limb"
"C81.26","3","A52479","Mixed cellularity Hodgkin lymphoma, intrapelvic lymph nodes"
"C81.27","3","A52479","Mixed cellularity Hodgkin lymphoma, spleen"
"C81.28","3","A52479","Mixed cellularity Hodgkin lymphoma, lymph nodes of multiple sites"
"C81.29","3","A52479","Mixed cellularity Hodgkin lymphoma, extranodal and solid organ sites"
"C81.2A","3","A52479","Mixed cellularity Hodgkin lymphoma, in remission"
"C81.30","3","A52479","Lymphocyte depleted Hodgkin lymphoma, unspecified site"
"C81.31","3","A52479","Lymphocyte depleted Hodgkin lymphoma, lymph nodes of head, face, and neck"
"C81.32","3","A52479","Lymphocyte depleted Hodgkin lymphoma, intrathoracic lymph nodes"
"C81.33","3","A52479","Lymphocyte depleted Hodgkin lymphoma, intra-abdominal lymph nodes"
"C81.34","3","A52479","Lymphocyte depleted Hodgkin lymphoma, lymph nodes of axilla and upper limb"
"C81.35","3","A52479","Lymphocyte depleted Hodgkin lymphoma, lymph nodes of inguinal region and lower limb"
"C81.36","3","A52479","Lymphocyte depleted Hodgkin lymphoma, intrapelvic lymph nodes"
"C81.37","3","A52479","Lymphocyte depleted Hodgkin lymphoma, spleen"
"C81.38","3","A52479","Lymphocyte depleted Hodgkin lymphoma, lymph nodes of multiple sites"
"C81.39","3","A52479","Lymphocyte depleted Hodgkin lymphoma, extranodal and solid organ sites"
"C81.3A","3","A52479","Lymphocyte depleted Hodgkin lymphoma, in remission"
"C81.40","3","A52479","Lymphocyte-rich Hodgkin lymphoma, unspecified site"
"C81.41","3","A52479","Lymphocyte-rich Hodgkin lymphoma, lymph nodes of head, face, and neck"
"C81.42","3","A52479","Lymphocyte-rich Hodgkin lymphoma, intrathoracic lymph nodes"
"C81.43","3","A52479","Lymphocyte-rich Hodgkin lymphoma, intra-abdominal lymph nodes"
"C81.44","3","A52479","Lymphocyte-rich Hodgkin lymphoma, lymph nodes of axilla and upper limb"
"C81.45","3","A52479","Lymphocyte-rich Hodgkin lymphoma, lymph nodes of inguinal region and lower limb"
"C81.46","3","A52479","Lymphocyte-rich Hodgkin lymphoma, intrapelvic lymph nodes"
"C81.47","3","A52479","Lymphocyte-rich Hodgkin lymphoma, spleen"
"C81.48","3","A52479","Lymphocyte-rich Hodgkin lymphoma, lymph nodes of multiple sites"
"C81.49","3","A52479","Lymphocyte-rich Hodgkin lymphoma, extranodal and solid organ sites"
"C81.4A","3","A52479","Lymphocyte-rich Hodgkin lymphoma, in remission"
"C81.70","3","A52479","Other Hodgkin lymphoma, unspecified site"
"C81.71","3","A52479","Other Hodgkin lymphoma, lymph nodes of head, face, and neck"
"C81.72","3","A52479","Other Hodgkin lymphoma, intrathoracic lymph nodes"
"C81.73","3","A52479","Other Hodgkin lymphoma, intra-abdominal lymph nodes"
"C81.74","3","A52479","Other Hodgkin lymphoma, lymph nodes of axilla and upper limb"
"C81.75","3","A52479","Other Hodgkin lymphoma, lymph nodes of inguinal region and lower limb"
"C81.76","3","A52479","Other Hodgkin lymphoma, intrapelvic lymph nodes"
"C81.77","3","A52479","Other Hodgkin lymphoma, spleen"
"C81.78","3","A52479","Other Hodgkin lymphoma, lymph nodes of multiple sites"
"C81.79","3","A52479","Other Hodgkin lymphoma, extranodal and solid organ sites"
"C81.7A","3","A52479","Other Hodgkin lymphoma, in remission"
"C81.90","3","A52479","Hodgkin lymphoma, unspecified, unspecified site"
"C81.91","3","A52479","Hodgkin lymphoma, unspecified, lymph nodes of head, face, and neck"
"C81.92","3","A52479","Hodgkin lymphoma, unspecified, intrathoracic lymph nodes"
"C81.93","3","A52479","Hodgkin lymphoma, unspecified, intra-abdominal lymph nodes"
"C81.94","3","A52479","Hodgkin lymphoma, unspecified, lymph nodes of axilla and upper limb"
"C81.95","3","A52479","Hodgkin lymphoma, unspecified, lymph nodes of inguinal region and lower limb"
"C81.96","3","A52479","Hodgkin lymphoma, unspecified, intrapelvic lymph nodes"
"C81.97","3","A52479","Hodgkin lymphoma, unspecified, spleen"
"C81.98","3","A52479","Hodgkin lymphoma, unspecified, lymph nodes of multiple sites"
"C81.99","3","A52479","Hodgkin lymphoma, unspecified, extranodal and solid organ sites"
"C81.9A","3","A52479","Hodgkin lymphoma, unspecified, in remission"
"C82.00","3","A52479","Follicular lymphoma grade I, unspecified site"
"C82.01","3","A52479","Follicular lymphoma grade I, lymph nodes of head, face, and neck"
"C82.02","3","A52479","Follicular lymphoma grade I, intrathoracic lymph nodes"
"C82.03","3","A52479","Follicular lymphoma grade I, intra-abdominal lymph nodes"
"C82.04","3","A52479","Follicular lymphoma grade I, lymph nodes of axilla and upper limb"
"C82.05","3","A52479","Follicular lymphoma grade I, lymph nodes of inguinal region and lower limb"
"C82.06","3","A52479","Follicular lymphoma grade I, intrapelvic lymph nodes"
"C82.07","3","A52479","Follicular lymphoma grade I, spleen"
"C82.08","3","A52479","Follicular lymphoma grade I, lymph nodes of multiple sites"
"C82.09","3","A52479","Follicular lymphoma grade I, extranodal and solid organ sites"
"C82.0A","3","A52479","Follicular lymphoma grade I, in remission"
"C82.10","3","A52479","Follicular lymphoma grade II, unspecified site"
"C82.11","3","A52479","Follicular lymphoma grade II, lymph nodes of head, face, and neck"
"C82.12","3","A52479","Follicular lymphoma grade II, intrathoracic lymph nodes"
"C82.13","3","A52479","Follicular lymphoma grade II, intra-abdominal lymph nodes"
"C82.14","3","A52479","Follicular lymphoma grade II, lymph nodes of axilla and upper limb"
"C82.15","3","A52479","Follicular lymphoma grade II, lymph nodes of inguinal region and lower limb"
"C82.16","3","A52479","Follicular lymphoma grade II, intrapelvic lymph nodes"
"C82.17","3","A52479","Follicular lymphoma grade II, spleen"
"C82.18","3","A52479","Follicular lymphoma grade II, lymph nodes of multiple sites"
"C82.19","3","A52479","Follicular lymphoma grade II, extranodal and solid organ sites"
"C82.1A","3","A52479","Follicular lymphoma grade II, in remission"
"C82.20","3","A52479","Follicular lymphoma grade III, unspecified, unspecified site"
"C82.21","3","A52479","Follicular lymphoma grade III, unspecified, lymph nodes of head, face, and neck"
"C82.22","3","A52479","Follicular lymphoma grade III, unspecified, intrathoracic lymph nodes"
"C82.23","3","A52479","Follicular lymphoma grade III, unspecified, intra-abdominal lymph nodes"
"C82.24","3","A52479","Follicular lymphoma grade III, unspecified, lymph nodes of axilla and upper limb"
"C82.25","3","A52479","Follicular lymphoma grade III, unspecified, lymph nodes of inguinal region and lower limb"
"C82.26","3","A52479","Follicular lymphoma grade III, unspecified, intrapelvic lymph nodes"
"C82.27","3","A52479","Follicular lymphoma grade III, unspecified, spleen"
"C82.28","3","A52479","Follicular lymphoma grade III, unspecified, lymph nodes of multiple sites"
"C82.29","3","A52479","Follicular lymphoma grade III, unspecified, extranodal and solid organ sites"
"C82.2A","3","A52479","Follicular lymphoma grade III, unspecified, in remission"
"C82.30","3","A52479","Follicular lymphoma grade IIIa, unspecified site"
"C82.31","3","A52479","Follicular lymphoma grade IIIa, lymph nodes of head, face, and neck"
"C82.32","3","A52479","Follicular lymphoma grade IIIa, intrathoracic lymph nodes"
"C82.33","3","A52479","Follicular lymphoma grade IIIa, intra-abdominal lymph nodes"
"C82.34","3","A52479","Follicular lymphoma grade IIIa, lymph nodes of axilla and upper limb"
"C82.35","3","A52479","Follicular lymphoma grade IIIa, lymph nodes of inguinal region and lower limb"
"C82.36","3","A52479","Follicular lymphoma grade IIIa, intrapelvic lymph nodes"
"C82.37","3","A52479","Follicular lymphoma grade IIIa, spleen"
"C82.38","3","A52479","Follicular lymphoma grade IIIa, lymph nodes of multiple sites"
"C82.39","3","A52479","Follicular lymphoma grade IIIa, extranodal and solid organ sites"
"C82.3A","3","A52479","Follicular lymphoma grade IIIa, in remission"
"C82.40","3","A52479","Follicular lymphoma grade IIIb, unspecified site"
"C82.41","3","A52479","Follicular lymphoma grade IIIb, lymph nodes of head, face, and neck"
"C82.42","3","A52479","Follicular lymphoma grade IIIb, intrathoracic lymph nodes"
"C82.43","3","A52479","Follicular lymphoma grade IIIb, intra-abdominal lymph nodes"
"C82.44","3","A52479","Follicular lymphoma grade IIIb, lymph nodes of axilla and upper limb"
"C82.45","3","A52479","Follicular lymphoma grade IIIb, lymph nodes of inguinal region and lower limb"
"C82.46","3","A52479","Follicular lymphoma grade IIIb, intrapelvic lymph nodes"
"C82.47","3","A52479","Follicular lymphoma grade IIIb, spleen"
"C82.48","3","A52479","Follicular lymphoma grade IIIb, lymph nodes of multiple sites"
"C82.49","3","A52479","Follicular lymphoma grade IIIb, extranodal and solid organ sites"
"C82.4A","3","A52479","Follicular lymphoma grade IIIb, in remission"
"C82.50","3","A52479","Diffuse follicle center lymphoma, unspecified site"
"C82.51","3","A52479","Diffuse follicle center lymphoma, lymph nodes of head, face, and neck"
"C82.52","3","A52479","Diffuse follicle center lymphoma, intrathoracic lymph nodes"
"C82.53","3","A52479","Diffuse follicle center lymphoma, intra-abdominal lymph nodes"
"C82.54","3","A52479","Diffuse follicle center lymphoma, lymph nodes of axilla and upper limb"
"C82.55","3","A52479","Diffuse follicle center lymphoma, lymph nodes of inguinal region and lower limb"
"C82.56","3","A52479","Diffuse follicle center lymphoma, intrapelvic lymph nodes"
"C82.57","3","A52479","Diffuse follicle center lymphoma, spleen"
"C82.58","3","A52479","Diffuse follicle center lymphoma, lymph nodes of multiple sites"
"C82.59","3","A52479","Diffuse follicle center lymphoma, extranodal and solid organ sites"
"C82.5A","3","A52479","Diffuse follicle center lymphoma, in remission"
"C82.60","3","A52479","Cutaneous follicle center lymphoma, unspecified site"
"C82.61","3","A52479","Cutaneous follicle center lymphoma, lymph nodes of head, face, and neck"
"C82.62","3","A52479","Cutaneous follicle center lymphoma, intrathoracic lymph nodes"
"C82.63","3","A52479","Cutaneous follicle center lymphoma, intra-abdominal lymph nodes"
"C82.64","3","A52479","Cutaneous follicle center lymphoma, lymph nodes of axilla and upper limb"
"C82.65","3","A52479","Cutaneous follicle center lymphoma, lymph nodes of inguinal region and lower limb"
"C82.66","3","A52479","Cutaneous follicle center lymphoma, intrapelvic lymph nodes"
"C82.67","3","A52479","Cutaneous follicle center lymphoma, spleen"
"C82.68","3","A52479","Cutaneous follicle center lymphoma, lymph nodes of multiple sites"
"C82.69","3","A52479","Cutaneous follicle center lymphoma, extranodal and solid organ sites"
"C82.6A","3","A52479","Cutaneous follicle center lymphoma, in remission"
"C82.80","3","A52479","Other types of follicular lymphoma, unspecified site"
"C82.81","3","A52479","Other types of follicular lymphoma, lymph nodes of head, face, and neck"
"C82.82","3","A52479","Other types of follicular lymphoma, intrathoracic lymph nodes"
"C82.83","3","A52479","Other types of follicular lymphoma, intra-abdominal lymph nodes"
"C82.84","3","A52479","Other types of follicular lymphoma, lymph nodes of axilla and upper limb"
"C82.85","3","A52479","Other types of follicular lymphoma, lymph nodes of inguinal region and lower limb"
"C82.86","3","A52479","Other types of follicular lymphoma, intrapelvic lymph nodes"
"C82.87","3","A52479","Other types of follicular lymphoma, spleen"
"C82.88","3","A52479","Other types of follicular lymphoma, lymph nodes of multiple sites"
"C82.89","3","A52479","Other types of follicular lymphoma, extranodal and solid organ sites"
"C82.8A","3","A52479","Other types of follicular lymphoma, in remission"
"C82.90","3","A52479","Follicular lymphoma, unspecified, unspecified site"
"C82.91","3","A52479","Follicular lymphoma, unspecified, lymph nodes of head, face, and neck"
"C82.92","3","A52479","Follicular lymphoma, unspecified, intrathoracic lymph nodes"
"C82.93","3","A52479","Follicular lymphoma, unspecified, intra-abdominal lymph nodes"
"C82.94","3","A52479","Follicular lymphoma, unspecified, lymph nodes of axilla and upper limb"
"C82.95","3","A52479","Follicular lymphoma, unspecified, lymph nodes of inguinal region and lower limb"
"C82.96","3","A52479","Follicular lymphoma, unspecified, intrapelvic lymph nodes"
"C82.97","3","A52479","Follicular lymphoma, unspecified, spleen"
"C82.98","3","A52479","Follicular lymphoma, unspecified, lymph nodes of multiple sites"
"C82.99","3","A52479","Follicular lymphoma, unspecified, extranodal and solid organ sites"
"C82.9A","3","A52479","Follicular lymphoma, unspecified, in remission"
"C83.00","3","A52479","Small cell B-cell lymphoma, unspecified site"
"C83.01","3","A52479","Small cell B-cell lymphoma, lymph nodes of head, face, and neck"
"C83.02","3","A52479","Small cell B-cell lymphoma, intrathoracic lymph nodes"
"C83.03","3","A52479","Small cell B-cell lymphoma, intra-abdominal lymph nodes"
"C83.04","3","A52479","Small cell B-cell lymphoma, lymph nodes of axilla and upper limb"
"C83.05","3","A52479","Small cell B-cell lymphoma, lymph nodes of inguinal region and lower limb"
"C83.06","3","A52479","Small cell B-cell lymphoma, intrapelvic lymph nodes"
"C83.07","3","A52479","Small cell B-cell lymphoma, spleen"
"C83.08","3","A52479","Small cell B-cell lymphoma, lymph nodes of multiple sites"
"C83.09","3","A52479","Small cell B-cell lymphoma, extranodal and solid organ sites"
"C83.0A","3","A52479","Small cell B-cell lymphoma, in remission"
"C83.10","3","A52479","Mantle cell lymphoma, unspecified site"
"C83.11","3","A52479","Mantle cell lymphoma, lymph nodes of head, face, and neck"
"C83.12","3","A52479","Mantle cell lymphoma, intrathoracic lymph nodes"
"C83.13","3","A52479","Mantle cell lymphoma, intra-abdominal lymph nodes"
"C83.14","3","A52479","Mantle cell lymphoma, lymph nodes of axilla and upper limb"
"C83.15","3","A52479","Mantle cell lymphoma, lymph nodes of inguinal region and lower limb"
"C83.16","3","A52479","Mantle cell lymphoma, intrapelvic lymph nodes"
"C83.17","3","A52479","Mantle cell lymphoma, spleen"
"C83.18","3","A52479","Mantle cell lymphoma, lymph nodes of multiple sites"
"C83.19","3","A52479","Mantle cell lymphoma, extranodal and solid organ sites"
"C83.1A","3","A52479","Mantle cell lymphoma, in remission"
"C83.30","3","A52479","Diffuse large B-cell lymphoma, unspecified site"
"C83.31","3","A52479","Diffuse large B-cell lymphoma, lymph nodes of head, face, and neck"
"C83.32","3","A52479","Diffuse large B-cell lymphoma, intrathoracic lymph nodes"
"C83.33","3","A52479","Diffuse large B-cell lymphoma, intra-abdominal lymph nodes"
"C83.34","3","A52479","Diffuse large B-cell lymphoma, lymph nodes of axilla and upper limb"
"C83.35","3","A52479","Diffuse large B-cell lymphoma, lymph nodes of inguinal region and lower limb"
"C83.36","3","A52479","Diffuse large B-cell lymphoma, intrapelvic lymph nodes"
"C83.37","3","A52479","Diffuse large B-cell lymphoma, spleen"
"C83.38","3","A52479","Diffuse large B-cell lymphoma, lymph nodes of multiple sites"
"C83.390","3","A52479","Primary central nervous system lymphoma"
"C83.398","3","A52479","Diffuse large B-cell lymphoma of other extranodal and solid organ sites"
"C83.3A","3","A52479","Diffuse large B-cell lymphoma, in remission"
"C83.50","3","A52479","Lymphoblastic (diffuse) lymphoma, unspecified site"
"C83.51","3","A52479","Lymphoblastic (diffuse) lymphoma, lymph nodes of head, face, and neck"
"C83.52","3","A52479","Lymphoblastic (diffuse) lymphoma, intrathoracic lymph nodes"
"C83.53","3","A52479","Lymphoblastic (diffuse) lymphoma, intra-abdominal lymph nodes"
"C83.54","3","A52479","Lymphoblastic (diffuse) lymphoma, lymph nodes of axilla and upper limb"
"C83.55","3","A52479","Lymphoblastic (diffuse) lymphoma, lymph nodes of inguinal region and lower limb"
"C83.56","3","A52479","Lymphoblastic (diffuse) lymphoma, intrapelvic lymph nodes"
"C83.57","3","A52479","Lymphoblastic (diffuse) lymphoma, spleen"
"C83.58","3","A52479","Lymphoblastic (diffuse) lymphoma, lymph nodes of multiple sites"
"C83.59","3","A52479","Lymphoblastic (diffuse) lymphoma, extranodal and solid organ sites"
"C83.5A","3","A52479","Lymphoblastic (diffuse) lymphoma, in remission"
"C83.70","3","A52479","Burkitt lymphoma, unspecified site"
"C83.71","3","A52479","Burkitt lymphoma, lymph nodes of head, face, and neck"
"C83.72","3","A52479","Burkitt lymphoma, intrathoracic lymph nodes"
"C83.73","3","A52479","Burkitt lymphoma, intra-abdominal lymph nodes"
"C83.74","3","A52479","Burkitt lymphoma, lymph nodes of axilla and upper limb"
"C83.75","3","A52479","Burkitt lymphoma, lymph nodes of inguinal region and lower limb"
"C83.76","3","A52479","Burkitt lymphoma, intrapelvic lymph nodes"
"C83.77","3","A52479","Burkitt lymphoma, spleen"
"C83.78","3","A52479","Burkitt lymphoma, lymph nodes of multiple sites"
"C83.79","3","A52479","Burkitt lymphoma, extranodal and solid organ sites"
"C83.7A","3","A52479","Burkitt lymphoma, in remission"
"C83.80","3","A52479","Other non-follicular lymphoma, unspecified site"
"C83.81","3","A52479","Other non-follicular lymphoma, lymph nodes of head, face, and neck"
"C83.82","3","A52479","Other non-follicular lymphoma, intrathoracic lymph nodes"
"C83.83","3","A52479","Other non-follicular lymphoma, intra-abdominal lymph nodes"
"C83.84","3","A52479","Other non-follicular lymphoma, lymph nodes of axilla and upper limb"
"C83.85","3","A52479","Other non-follicular lymphoma, lymph nodes of inguinal region and lower limb"
"C83.86","3","A52479","Other non-follicular lymphoma, intrapelvic lymph nodes"
"C83.87","3","A52479","Other non-follicular lymphoma, spleen"
"C83.88","3","A52479","Other non-follicular lymphoma, lymph nodes of multiple sites"
"C83.89","3","A52479","Other non-follicular lymphoma, extranodal and solid organ sites"
"C83.8A","3","A52479","Other non-follicular lymphoma, in remission"
"C83.90","3","A52479","Non-follicular (diffuse) lymphoma, unspecified, unspecified site"
"C83.91","3","A52479","Non-follicular (diffuse) lymphoma, unspecified, lymph nodes of head, face, and neck"
"C83.92","3","A52479","Non-follicular (diffuse) lymphoma, unspecified, intrathoracic lymph nodes"
"C83.93","3","A52479","Non-follicular (diffuse) lymphoma, unspecified, intra-abdominal lymph nodes"
"C83.94","3","A52479","Non-follicular (diffuse) lymphoma, unspecified, lymph nodes of axilla and upper limb"
"C83.95","3","A52479","Non-follicular (diffuse) lymphoma, unspecified, lymph nodes of inguinal region and lower limb"
"C83.96","3","A52479","Non-follicular (diffuse) lymphoma, unspecified, intrapelvic lymph nodes"
"C83.97","3","A52479","Non-follicular (diffuse) lymphoma, unspecified, spleen"
"C83.98","3","A52479","Non-follicular (diffuse) lymphoma, unspecified, lymph nodes of multiple sites"
"C83.99","3","A52479","Non-follicular (diffuse) lymphoma, unspecified, extranodal and solid organ sites"
"C83.9A","3","A52479","Non-follicular (diffuse) lymphoma, unspecified, in remission"
"C84.00","3","A52479","Mycosis fungoides, unspecified site"
"C84.01","3","A52479","Mycosis fungoides, lymph nodes of head, face, and neck"
"C84.02","3","A52479","Mycosis fungoides, intrathoracic lymph nodes"
"C84.03","3","A52479","Mycosis fungoides, intra-abdominal lymph nodes"
"C84.04","3","A52479","Mycosis fungoides, lymph nodes of axilla and upper limb"
"C84.05","3","A52479","Mycosis fungoides, lymph nodes of inguinal region and lower limb"
"C84.06","3","A52479","Mycosis fungoides, intrapelvic lymph nodes"
"C84.07","3","A52479","Mycosis fungoides, spleen"
"C84.08","3","A52479","Mycosis fungoides, lymph nodes of multiple sites"
"C84.09","3","A52479","Mycosis fungoides, extranodal and solid organ sites"
"C84.0A","3","A52479","Mycosis fungoides, in remission"
"C84.10","3","A52479","Sezary disease, unspecified site"
"C84.11","3","A52479","Sezary disease, lymph nodes of head, face, and neck"
"C84.12","3","A52479","Sezary disease, intrathoracic lymph nodes"
"C84.13","3","A52479","Sezary disease, intra-abdominal lymph nodes"
"C84.14","3","A52479","Sezary disease, lymph nodes of axilla and upper limb"
"C84.15","3","A52479","Sezary disease, lymph nodes of inguinal region and lower limb"
"C84.16","3","A52479","Sezary disease, intrapelvic lymph nodes"
"C84.17","3","A52479","Sezary disease, spleen"
"C84.18","3","A52479","Sezary disease, lymph nodes of multiple sites"
"C84.19","3","A52479","Sezary disease, extranodal and solid organ sites"
"C84.1A","3","A52479","Sezary disease, in remission"
"C84.40","3","A52479","Peripheral T-cell lymphoma, not elsewhere classified, unspecified site"
"C84.41","3","A52479","Peripheral T-cell lymphoma, not elsewhere classified, lymph nodes of head, face, and neck"
"C84.42","3","A52479","Peripheral T-cell lymphoma, not elsewhere classified, intrathoracic lymph nodes"
"C84.43","3","A52479","Peripheral T-cell lymphoma, not elsewhere classified, intra-abdominal lymph nodes"
"C84.44","3","A52479","Peripheral T-cell lymphoma, not elsewhere classified, lymph nodes of axilla and upper limb"
"C84.45","3","A52479","Peripheral T-cell lymphoma, not elsewhere classified, lymph nodes of inguinal region and lower limb"
"C84.46","3","A52479","Peripheral T-cell lymphoma, not elsewhere classified, intrapelvic lymph nodes"
"C84.47","3","A52479","Peripheral T-cell lymphoma, not elsewhere classified, spleen"
"C84.48","3","A52479","Peripheral T-cell lymphoma, not elsewhere classified, lymph nodes of multiple sites"
"C84.49","3","A52479","Peripheral T-cell lymphoma, not elsewhere classified, extranodal and solid organ sites"
"C84.4A","3","A52479","Peripheral T-cell lymphoma, not elsewhere classified, in remission"
"C84.60","3","A52479","Anaplastic large cell lymphoma, ALK-positive, unspecified site"
"C84.61","3","A52479","Anaplastic large cell lymphoma, ALK-positive, lymph nodes of head, face, and neck"
"C84.62","3","A52479","Anaplastic large cell lymphoma, ALK-positive, intrathoracic lymph nodes"
"C84.63","3","A52479","Anaplastic large cell lymphoma, ALK-positive, intra-abdominal lymph nodes"
"C84.64","3","A52479","Anaplastic large cell lymphoma, ALK-positive, lymph nodes of axilla and upper limb"
"C84.65","3","A52479","Anaplastic large cell lymphoma, ALK-positive, lymph nodes of inguinal region and lower limb"
"C84.66","3","A52479","Anaplastic large cell lymphoma, ALK-positive, intrapelvic lymph nodes"
"C84.67","3","A52479","Anaplastic large cell lymphoma, ALK-positive, spleen"
"C84.68","3","A52479","Anaplastic large cell lymphoma, ALK-positive, lymph nodes of multiple sites"
"C84.69","3","A52479","Anaplastic large cell lymphoma, ALK-positive, extranodal and solid organ sites"
"C84.6A","3","A52479","Anaplastic large cell lymphoma, ALK-positive, in remission"
"C84.70","3","A52479","Anaplastic large cell lymphoma, ALK-negative, unspecified site"
"C84.71","3","A52479","Anaplastic large cell lymphoma, ALK-negative, lymph nodes of head, face, and neck"
"C84.72","3","A52479","Anaplastic large cell lymphoma, ALK-negative, intrathoracic lymph nodes"
"C84.73","3","A52479","Anaplastic large cell lymphoma, ALK-negative, intra-abdominal lymph nodes"
"C84.74","3","A52479","Anaplastic large cell lymphoma, ALK-negative, lymph nodes of axilla and upper limb"
"C84.75","3","A52479","Anaplastic large cell lymphoma, ALK-negative, lymph nodes of inguinal region and lower limb"
"C84.76","3","A52479","Anaplastic large cell lymphoma, ALK-negative, intrapelvic lymph nodes"
"C84.77","3","A52479","Anaplastic large cell lymphoma, ALK-negative, spleen"
"C84.78","3","A52479","Anaplastic large cell lymphoma, ALK-negative, lymph nodes of multiple sites"
"C84.79","3","A52479","Anaplastic large cell lymphoma, ALK-negative, extranodal and solid organ sites"
"C84.7A","3","A52479","Anaplastic large cell lymphoma, ALK-negative, breast"
"C84.7B","3","A52479","Anaplastic large cell lymphoma, ALK-negative, in remission"
"C84.A0","3","A52479","Cutaneous T-cell lymphoma, unspecified, unspecified site"
"C84.A1","3","A52479","Cutaneous T-cell lymphoma, unspecified lymph nodes of head, face, and neck"
"C84.A2","3","A52479","Cutaneous T-cell lymphoma, unspecified, intrathoracic lymph nodes"
"C84.A3","3","A52479","Cutaneous T-cell lymphoma, unspecified, intra-abdominal lymph nodes"
"C84.A4","3","A52479","Cutaneous T-cell lymphoma, unspecified, lymph nodes of axilla and upper limb"
"C84.A5","3","A52479","Cutaneous T-cell lymphoma, unspecified, lymph nodes of inguinal region and lower limb"
"C84.A6","3","A52479","Cutaneous T-cell lymphoma, unspecified, intrapelvic lymph nodes"
"C84.A7","3","A52479","Cutaneous T-cell lymphoma, unspecified, spleen"
"C84.A8","3","A52479","Cutaneous T-cell lymphoma, unspecified, lymph nodes of multiple sites"
"C84.A9","3","A52479","Cutaneous T-cell lymphoma, unspecified, extranodal and solid organ sites"
"C84.AA","3","A52479","Cutaneous T-cell lymphoma, unspecified, in remission"
"C84.Z0","3","A52479","Other mature T/NK-cell lymphomas, unspecified site"
"C84.Z1","3","A52479","Other mature T/NK-cell lymphomas, lymph nodes of head, face, and neck"
"C84.Z2","3","A52479","Other mature T/NK-cell lymphomas, intrathoracic lymph nodes"
"C84.Z3","3","A52479","Other mature T/NK-cell lymphomas, intra-abdominal lymph nodes"
"C84.Z4","3","A52479","Other mature T/NK-cell lymphomas, lymph nodes of axilla and upper limb"
"C84.Z5","3","A52479","Other mature T/NK-cell lymphomas, lymph nodes of inguinal region and lower limb"
"C84.Z6","3","A52479","Other mature T/NK-cell lymphomas, intrapelvic lymph nodes"
"C84.Z7","3","A52479","Other mature T/NK-cell lymphomas, spleen"
"C84.Z8","3","A52479","Other mature T/NK-cell lymphomas, lymph nodes of multiple sites"
"C84.Z9","3","A52479","Other mature T/NK-cell lymphomas, extranodal and solid organ sites"
"C84.ZA","3","A52479","Other mature T/NK-cell lymphomas, in remission"
"C84.90","3","A52479","Mature T/NK-cell lymphomas, unspecified, unspecified site"
"C84.91","3","A52479","Mature T/NK-cell lymphomas, unspecified, lymph nodes of head, face, and neck"
"C84.92","3","A52479","Mature T/NK-cell lymphomas, unspecified, intrathoracic lymph nodes"
"C84.93","3","A52479","Mature T/NK-cell lymphomas, unspecified, intra-abdominal lymph nodes"
"C84.94","3","A52479","Mature T/NK-cell lymphomas, unspecified, lymph nodes of axilla and upper limb"
"C84.95","3","A52479","Mature T/NK-cell lymphomas, unspecified, lymph nodes of inguinal region and lower limb"
"C84.96","3","A52479","Mature T/NK-cell lymphomas, unspecified, intrapelvic lymph nodes"
"C84.97","3","A52479","Mature T/NK-cell lymphomas, unspecified, spleen"
"C84.98","3","A52479","Mature T/NK-cell lymphomas, unspecified, lymph nodes of multiple sites"
"C84.99","3","A52479","Mature T/NK-cell lymphomas, unspecified, extranodal and solid organ sites"
"C84.9A","3","A52479","Mature T/NK-cell lymphomas, unspecified, in remission"
"C85.10","3","A52479","Unspecified B-cell lymphoma, unspecified site"
"C85.11","3","A52479","Unspecified B-cell lymphoma, lymph nodes of head, face, and neck"
"C85.12","3","A52479","Unspecified B-cell lymphoma, intrathoracic lymph nodes"
"C85.13","3","A52479","Unspecified B-cell lymphoma, intra-abdominal lymph nodes"
"C85.14","3","A52479","Unspecified B-cell lymphoma, lymph nodes of axilla and upper limb"
"C85.15","3","A52479","Unspecified B-cell lymphoma, lymph nodes of inguinal region and lower limb"
"C85.16","3","A52479","Unspecified B-cell lymphoma, intrapelvic lymph nodes"
"C85.17","3","A52479","Unspecified B-cell lymphoma, spleen"
"C85.18","3","A52479","Unspecified B-cell lymphoma, lymph nodes of multiple sites"
"C85.19","3","A52479","Unspecified B-cell lymphoma, extranodal and solid organ sites"
"C85.1A","3","A52479","Unspecified B-cell lymphoma, in remission"
"C85.20","3","A52479","Mediastinal (thymic) large B-cell lymphoma, unspecified site"
"C85.21","3","A52479","Mediastinal (thymic) large B-cell lymphoma, lymph nodes of head, face, and neck"
"C85.22","3","A52479","Mediastinal (thymic) large B-cell lymphoma, intrathoracic lymph nodes"
"C85.23","3","A52479","Mediastinal (thymic) large B-cell lymphoma, intra-abdominal lymph nodes"
"C85.24","3","A52479","Mediastinal (thymic) large B-cell lymphoma, lymph nodes of axilla and upper limb"
"C85.25","3","A52479","Mediastinal (thymic) large B-cell lymphoma, lymph nodes of inguinal region and lower limb"
"C85.26","3","A52479","Mediastinal (thymic) large B-cell lymphoma, intrapelvic lymph nodes"
"C85.27","3","A52479","Mediastinal (thymic) large B-cell lymphoma, spleen"
"C85.28","3","A52479","Mediastinal (thymic) large B-cell lymphoma, lymph nodes of multiple sites"
"C85.29","3","A52479","Mediastinal (thymic) large B-cell lymphoma, extranodal and solid organ sites"
"C85.2A","3","A52479","Mediastinal (thymic) large B-cell lymphoma, in remission"
"C85.80","3","A52479","Other specified types of non-Hodgkin lymphoma, unspecified site"
"C85.81","3","A52479","Other specified types of non-Hodgkin lymphoma, lymph nodes of head, face, and neck"
"C85.82","3","A52479","Other specified types of non-Hodgkin lymphoma, intrathoracic lymph nodes"
"C85.83","3","A52479","Other specified types of non-Hodgkin lymphoma, intra-abdominal lymph nodes"
"C85.84","3","A52479","Other specified types of non-Hodgkin lymphoma, lymph nodes of axilla and upper limb"
"C85.85","3","A52479","Other specified types of non-Hodgkin lymphoma, lymph nodes of inguinal region and lower limb"
"C85.86","3","A52479","Other specified types of non-Hodgkin lymphoma, intrapelvic lymph nodes"
"C85.87","3","A52479","Other specified types of non-Hodgkin lymphoma, spleen"
"C85.88","3","A52479","Other specified types of non-Hodgkin lymphoma, lymph nodes of multiple sites"
"C85.89","3","A52479","Other specified types of non-Hodgkin lymphoma, extranodal and solid organ sites"
"C85.8A","3","A52479","Other specified types of non-Hodgkin lymphoma, in remission"
"C85.90","3","A52479","Non-Hodgkin lymphoma, unspecified, unspecified site"
"C85.91","3","A52479","Non-Hodgkin lymphoma, unspecified, lymph nodes of head, face, and neck"
"C85.92","3","A52479","Non-Hodgkin lymphoma, unspecified, intrathoracic lymph nodes"
"C85.93","3","A52479","Non-Hodgkin lymphoma, unspecified, intra-abdominal lymph nodes"
"C85.94","3","A52479","Non-Hodgkin lymphoma, unspecified, lymph nodes of axilla and upper limb"
"C85.95","3","A52479","Non-Hodgkin lymphoma, unspecified, lymph nodes of inguinal region and lower limb"
"C85.96","3","A52479","Non-Hodgkin lymphoma, unspecified, intrapelvic lymph nodes"
"C85.97","3","A52479","Non-Hodgkin lymphoma, unspecified, spleen"
"C85.98","3","A52479","Non-Hodgkin lymphoma, unspecified, lymph nodes of multiple sites"
"C85.99","3","A52479","Non-Hodgkin lymphoma, unspecified, extranodal and solid organ sites"
"C85.9A","3","A52479","Non-Hodgkin lymphoma, unspecified, in remission"
"C86.00","3","A52479","Extranodal NK/T-cell lymphoma, nasal type not having achieved remission"
"C86.01","3","A52479","Extranodal NK/T-cell lymphoma, nasal type, in remission"
"C86.10","3","A52479","Hepatosplenic T-cell lymphoma not having achieved remission"
"C86.11","3","A52479","Hepatosplenic T-cell lymphoma, in remission"
"C86.20","3","A52479","Enteropathy-type (intestinal) T-cell lymphoma not having achieved remission"
"C86.21","3","A52479","Enteropathy-type (intestinal) T-cell lymphoma, in remission"
"C86.30","3","A52479","Subcutaneous panniculitis-like T-cell lymphoma not having achieved remission"
"C86.31","3","A52479","Subcutaneous panniculitis-like T-cell lymphoma, in remission"
"C86.40","3","A52479","Blastic NK-cell lymphoma not having achieved remission"
"C86.41","3","A52479","Blastic NK-cell lymphoma, in remission"
"C86.50","3","A52479","Angioimmunoblastic T-cell lymphoma not having achieved remission"
"C86.51","3","A52479","Angioimmunoblastic T-cell lymphoma, in remission"
"C86.60","3","A52479","Primary cutaneous CD30-positive T-cell proliferations not having achieved remission"
"C86.61","3","A52479","Primary cutaneous CD30-positive T-cell proliferations, in remission"
"C88.00","3","A52479","Waldenstrom macroglobulinemia not having achieved remission"
"C88.01","3","A52479","Waldenstrom macroglobulinemia, in remission"
"C88.20","3","A52479","Heavy chain disease not having achieved remission"
"C88.21","3","A52479","Heavy chain disease, in remission"
"C88.30","3","A52479","Immunoproliferative small intestinal disease not having achieved remission"
"C88.31","3","A52479","Immunoproliferative small intestinal disease, in remission"
"C88.40","3","A52479","Extranodal marginal zone B-cell lymphoma of mucosa-associated lymphoid tissue (MALT-lymphoma) not having achieved remission"
"C88.41","3","A52479","Extranodal marginal zone B-cell lymphoma of mucosa-associated lymphoid tissue (MALT-lymphoma), in remission"
"C88.80","3","A52479","Other malignant immunoproliferative diseases not having achieved remission"
"C88.81","3","A52479","Other malignant immunoproliferative diseases, in remission"
"C88.90","3","A52479","Malignant immunoproliferative disease, unspecified not having achieved remission"
"C88.91","3","A52479","Malignant immunoproliferative disease, unspecified, in remission"
"C90.00","3","A52479","Multiple myeloma not having achieved remission"
"C90.01","3","A52479","Multiple myeloma in remission"
"C90.02","3","A52479","Multiple myeloma in relapse"
"C90.10","3","A52479","Plasma cell leukemia not having achieved remission"
"C90.11","3","A52479","Plasma cell leukemia in remission"
"C90.12","3","A52479","Plasma cell leukemia in relapse"
"C90.20","3","A52479","Extramedullary plasmacytoma not having achieved remission"
"C90.21","3","A52479","Extramedullary plasmacytoma in remission"
"C90.22","3","A52479","Extramedullary plasmacytoma in relapse"
"C90.30","3","A52479","Solitary plasmacytoma not having achieved remission"
"C90.31","3","A52479","Solitary plasmacytoma in remission"
"C90.32","3","A52479","Solitary plasmacytoma in relapse"
"C91.00","3","A52479","Acute lymphoblastic leukemia not having achieved remission"
"C91.01","3","A52479","Acute lymphoblastic leukemia, in remission"
"C91.02","3","A52479","Acute lymphoblastic leukemia, in relapse"
"C91.10","3","A52479","Chronic lymphocytic leukemia of B-cell type not having achieved remission"
"C91.11","3","A52479","Chronic lymphocytic leukemia of B-cell type in remission"
"C91.12","3","A52479","Chronic lymphocytic leukemia of B-cell type in relapse"
"C91.30","3","A52479","Prolymphocytic leukemia of B-cell type not having achieved remission"
"C91.31","3","A52479","Prolymphocytic leukemia of B-cell type, in remission"
"C91.32","3","A52479","Prolymphocytic leukemia of B-cell type, in relapse"
"C91.40","3","A52479","Hairy cell leukemia not having achieved remission"
"C91.41","3","A52479","Hairy cell leukemia, in remission"
"C91.42","3","A52479","Hairy cell leukemia, in relapse"
"C91.50","3","A52479","Adult T-cell lymphoma/leukemia (HTLV-1-associated) not having achieved remission"
"C91.51","3","A52479","Adult T-cell lymphoma/leukemia (HTLV-1-associated), in remission"
"C91.52","3","A52479","Adult T-cell lymphoma/leukemia (HTLV-1-associated), in relapse"
"C91.60","3","A52479","Prolymphocytic leukemia of T-cell type not having achieved remission"
"C91.61","3","A52479","Prolymphocytic leukemia of T-cell type, in remission"
"C91.62","3","A52479","Prolymphocytic leukemia of T-cell type, in relapse"
"C91.A0","3","A52479","Mature B-cell leukemia Burkitt-type not having achieved remission"
"C91.A1","3","A52479","Mature B-cell leukemia Burkitt-type, in remission"
"C91.A2","3","A52479","Mature B-cell leukemia Burkitt-type, in relapse"
"C91.Z0","3","A52479","Other lymphoid leukemia not having achieved remission"
"C91.Z1","3","A52479","Other lymphoid leukemia, in remission"
"C91.Z2","3","A52479","Other lymphoid leukemia, in relapse"
"C91.90","3","A52479","Lymphoid leukemia, unspecified not having achieved remission"
"C91.91","3","A52479","Lymphoid leukemia, unspecified, in remission"
"C91.92","3","A52479","Lymphoid leukemia, unspecified, in relapse"
"C92.00","3","A52479","Acute myeloblastic leukemia, not having achieved remission"
"C92.01","3","A52479","Acute myeloblastic leukemia, in remission"
"C92.02","3","A52479","Acute myeloblastic leukemia, in relapse"
"C92.10","3","A52479","Chronic myeloid leukemia, BCR/ABL-positive, not having achieved remission"
"C92.11","3","A52479","Chronic myeloid leukemia, BCR/ABL-positive, in remission"
"C92.12","3","A52479","Chronic myeloid leukemia, BCR/ABL-positive, in relapse"
"C92.20","3","A52479","Atypical chronic myeloid leukemia, BCR/ABL-negative, not having achieved remission"
"C92.21","3","A52479","Atypical chronic myeloid leukemia, BCR/ABL-negative, in remission"
"C92.22","3","A52479","Atypical chronic myeloid leukemia, BCR/ABL-negative, in relapse"
"C92.30","3","A52479","Myeloid sarcoma, not having achieved remission"
"C92.31","3","A52479","Myeloid sarcoma, in remission"
"C92.32","3","A52479","Myeloid sarcoma, in relapse"
"C92.40","3","A52479","Acute promyelocytic leukemia, not having achieved remission"
"C92.41","3","A52479","Acute promyelocytic leukemia, in remission"
"C92.42","3","A52479","Acute promyelocytic leukemia, in relapse"
"C92.50","3","A52479","Acute myelomonocytic leukemia, not having achieved remission"
"C92.51","3","A52479","Acute myelomonocytic leukemia, in remission"
"C92.52","3","A52479","Acute myelomonocytic leukemia, in relapse"
"C92.60","3","A52479","Acute myeloid leukemia with 11q23-abnormality not having achieved remission"
"C92.61","3","A52479","Acute myeloid leukemia with 11q23-abnormality in remission"
"C92.62","3","A52479","Acute myeloid leukemia with 11q23-abnormality in relapse"
"C92.A0","3","A52479","Acute myeloid leukemia with multilineage dysplasia, not having achieved remission"
"C92.A1","3","A52479","Acute myeloid leukemia with multilineage dysplasia, in remission"
"C92.A2","3","A52479","Acute myeloid leukemia with multilineage dysplasia, in relapse"
"C92.Z0","3","A52479","Other myeloid leukemia not having achieved remission"
"C92.Z1","3","A52479","Other myeloid leukemia, in remission"
"C92.Z2","3","A52479","Other myeloid leukemia, in relapse"
"C92.90","3","A52479","Myeloid leukemia, unspecified, not having achieved remission"
"C92.91","3","A52479","Myeloid leukemia, unspecified in remission"
"C92.92","3","A52479","Myeloid leukemia, unspecified in relapse"
"C93.00","3","A52479","Acute monoblastic/monocytic leukemia, not having achieved remission"
"C93.01","3","A52479","Acute monoblastic/monocytic leukemia, in remission"
"C93.02","3","A52479","Acute monoblastic/monocytic leukemia, in relapse"
"C93.10","3","A52479","Chronic myelomonocytic leukemia not having achieved remission"
"C93.11","3","A52479","Chronic myelomonocytic leukemia, in remission"
"C93.12","3","A52479","Chronic myelomonocytic leukemia, in relapse"
"C93.30","3","A52479","Juvenile myelomonocytic leukemia, not having achieved remission"
"C93.31","3","A52479","Juvenile myelomonocytic leukemia, in remission"
"C93.32","3","A52479","Juvenile myelomonocytic leukemia, in relapse"
"C93.Z0","3","A52479","Other monocytic leukemia, not having achieved remission"
"C93.Z1","3","A52479","Other monocytic leukemia, in remission"
"C93.Z2","3","A52479","Other monocytic leukemia, in relapse"
"C93.90","3","A52479","Monocytic leukemia, unspecified, not having achieved remission"
"C93.91","3","A52479","Monocytic leukemia, unspecified in remission"
"C93.92","3","A52479","Monocytic leukemia, unspecified in relapse"
"C96.0","3","A52479","Multifocal and multisystemic (disseminated) Langerhans-cell histiocytosis"
"C96.4","3","A52479","Sarcoma of dendritic cells (accessory cells)"
"C96.A","3","A52479","Histiocytic sarcoma"
"C96.Z","3","A52479","Other specified malignant neoplasms of lymphoid, hematopoietic and related tissue"
"C96.9","3","A52479","Malignant neoplasm of lymphoid, hematopoietic and related tissue, unspecified"
"D13.1","3","A52479","Benign neoplasm of stomach"
"D15.0","3","A52479","Benign neoplasm of thymus"
"D26.0","3","A52479","Other benign neoplasm of cervix uteri"
"D39.2","3","A52479","Neoplasm of uncertain behavior of placenta"
"D47.Z1","3","A52479","Post-transplant lymphoproliferative disorder (PTLD)"
"D47.Z9","3","A52479","Other specified neoplasms of uncertain behavior of lymphoid, hematopoietic and related tissue"
"D49.2","3","A52479","Neoplasm of unspecified behavior of bone, soft tissue, and skin"
"D49.511","3","A52479","Neoplasm of unspecified behavior of right kidney"
"D49.512","3","A52479","Neoplasm of unspecified behavior of left kidney"
"D49.519","3","A52479","Neoplasm of unspecified behavior of unspecified kidney"
"D49.59","3","A52479","Neoplasm of unspecified behavior of other genitourinary organ"
"D89.1","3","A52479","Cryoglobulinemia"
"E85.9","3","A52479","Amyloidosis, unspecified"
"K31.7","3","A52479","Polyp of stomach and duodenum"
"T81.9XXA","3","A52479","Unspecified complication of procedure, initial encounter"
"Z48.290","3","A52479","Encounter for aftercare following bone marrow transplant"
"Z85.020","3","A52479","Personal history of malignant carcinoid tumor of stomach"
"Z85.028","3","A52479","Personal history of other malignant neoplasm of stomach"
"Z85.030","3","A52479","Personal history of malignant carcinoid tumor of large intestine"
"Z85.040","3","A52479","Personal history of malignant carcinoid tumor of rectum"
"Z85.060","3","A52479","Personal history of malignant carcinoid tumor of small intestine"
"Z85.110","3","A52479","Personal history of malignant carcinoid tumor of bronchus and lung"
"Z85.118","3","A52479","Personal history of other malignant neoplasm of bronchus and lung"
"Z85.230","3","A52479","Personal history of malignant carcinoid tumor of thymus"
"Z85.3","3","A52479","Personal history of malignant neoplasm of breast"
"Z85.40","3","A52479","Personal history of malignant neoplasm of unspecified female genital organ"
"Z85.41","3","A52479","Personal history of malignant neoplasm of cervix uteri"
"Z85.42","3","A52479","Personal history of malignant neoplasm of other parts of uterus"
"Z85.43","3","A52479","Personal history of malignant neoplasm of ovary"
"Z85.44","3","A52479","Personal history of malignant neoplasm of other female genital organs"
"Z85.45","3","A52479","Personal history of malignant neoplasm of unspecified male genital organ"
"Z85.46","3","A52479","Personal history of malignant neoplasm of prostate"
"Z85.47","3","A52479","Personal history of malignant neoplasm of testis"
"Z85.48","3","A52479","Personal history of malignant neoplasm of epididymis"
"Z85.4A","3","A52479","Personal history of malignant neoplasm of fallopian tube(s)"
"Z85.51","3","A52479","Personal history of malignant neoplasm of bladder"
"Z85.520","3","A52479","Personal history of malignant carcinoid tumor of kidney"
"Z85.528","3","A52479","Personal history of other malignant neoplasm of kidney"
"Z85.53","3","A52479","Personal history of malignant neoplasm of renal pelvis"
"Z85.6","3","A52479","Personal history of leukemia"
"Z85.71","3","A52479","Personal history of Hodgkin lymphoma"
"Z85.72","3","A52479","Personal history of non-Hodgkin lymphomas"
"Z85.79","3","A52479","Personal history of other malignant neoplasms of lymphoid, hematopoietic and related tissues"
"Z85.810","3","A52479","Personal history of malignant neoplasm of tongue"
"Z85.818","3","A52479","Personal history of malignant neoplasm of other sites of lip, oral cavity, and pharynx"
"Z85.819","3","A52479","Personal history of malignant neoplasm of unspecified site of lip, oral cavity, and pharynx"
"Z85.821","3","A52479","Personal history of Merkel cell carcinoma"
"Z85.828","3","A52479","Personal history of other malignant neoplasm of skin"
"Z85.830","3","A52479","Personal history of malignant neoplasm of bone"
"Z85.831","3","A52479","Personal history of malignant neoplasm of soft tissue"
"Z85.840","3","A52479","Personal history of malignant neoplasm of eye"
"Z85.841","3","A52479","Personal history of malignant neoplasm of brain"
"Z85.858","3","A52479","Personal history of malignant neoplasm of other endocrine glands"
"Z85.89","3","A52479","Personal history of malignant neoplasm of other organs and systems"
"Z94.81","3","A52479","Bone marrow transplant status"
"C15.3","4","A52479","Malignant neoplasm of upper third of esophagus"
"C15.4","4","A52479","Malignant neoplasm of middle third of esophagus"
"C15.5","4","A52479","Malignant neoplasm of lower third of esophagus"
"C15.8","4","A52479","Malignant neoplasm of overlapping sites of esophagus"
"C15.9","4","A52479","Malignant neoplasm of esophagus, unspecified"
"C16.0","4","A52479","Malignant neoplasm of cardia"
"C16.1","4","A52479","Malignant neoplasm of fundus of stomach"
"C16.2","4","A52479","Malignant neoplasm of body of stomach"
"C16.3","4","A52479","Malignant neoplasm of pyloric antrum"
"C16.4","4","A52479","Malignant neoplasm of pylorus"
"C16.5","4","A52479","Malignant neoplasm of lesser curvature of stomach, unspecified"
"C16.6","4","A52479","Malignant neoplasm of greater curvature of stomach, unspecified"
"C16.8","4","A52479","Malignant neoplasm of overlapping sites of stomach"
"C16.9","4","A52479","Malignant neoplasm of stomach, unspecified"
"C22.0","4","A52479","Liver cell carcinoma"
"C22.1","4","A52479","Intrahepatic bile duct carcinoma"
"C22.2","4","A52479","Hepatoblastoma"
"C22.3","4","A52479","Angiosarcoma of liver"
"C22.4","4","A52479","Other sarcomas of liver"
"C22.7","4","A52479","Other specified carcinomas of liver"
"C22.8","4","A52479","Malignant neoplasm of liver, primary, unspecified as to type"
"C22.9","4","A52479","Malignant neoplasm of liver, not specified as primary or secondary"
"C25.4","4","A52479","Malignant neoplasm of endocrine pancreas"
"C30.0","4","A52479","Malignant neoplasm of nasal cavity"
"C30.1","4","A52479","Malignant neoplasm of middle ear"
"C31.0","4","A52479","Malignant neoplasm of maxillary sinus"
"C31.1","4","A52479","Malignant neoplasm of ethmoidal sinus"
"C31.2","4","A52479","Malignant neoplasm of frontal sinus"
"C31.3","4","A52479","Malignant neoplasm of sphenoid sinus"
"C31.8","4","A52479","Malignant neoplasm of overlapping sites of accessory sinuses"
"C31.9","4","A52479","Malignant neoplasm of accessory sinus, unspecified"
"C33","4","A52479","Malignant neoplasm of trachea"
"C34.00","4","A52479","Malignant neoplasm of unspecified main bronchus"
"C34.01","4","A52479","Malignant neoplasm of right main bronchus"
"C34.02","4","A52479","Malignant neoplasm of left main bronchus"
"C34.10","4","A52479","Malignant neoplasm of upper lobe, unspecified bronchus or lung"
"C34.11","4","A52479","Malignant neoplasm of upper lobe, right bronchus or lung"
"C34.12","4","A52479","Malignant neoplasm of upper lobe, left bronchus or lung"
"C34.2","4","A52479","Malignant neoplasm of middle lobe, bronchus or lung"
"C34.30","4","A52479","Malignant neoplasm of lower lobe, unspecified bronchus or lung"
"C34.31","4","A52479","Malignant neoplasm of lower lobe, right bronchus or lung"
"C34.32","4","A52479","Malignant neoplasm of lower lobe, left bronchus or lung"
"C34.80","4","A52479","Malignant neoplasm of overlapping sites of unspecified bronchus and lung"
"C34.81","4","A52479","Malignant neoplasm of overlapping sites of right bronchus and lung"
"C34.82","4","A52479","Malignant neoplasm of overlapping sites of left bronchus and lung"
"C34.90","4","A52479","Malignant neoplasm of unspecified part of unspecified bronchus or lung"
"C34.91","4","A52479","Malignant neoplasm of unspecified part of right bronchus or lung"
"C34.92","4","A52479","Malignant neoplasm of unspecified part of left bronchus or lung"
"C37","4","A52479","Malignant neoplasm of thymus"
"C38.0","4","A52479","Malignant neoplasm of heart"
"C38.1","4","A52479","Malignant neoplasm of anterior mediastinum"
"C38.2","4","A52479","Malignant neoplasm of posterior mediastinum"
"C38.3","4","A52479","Malignant neoplasm of mediastinum, part unspecified"
"C38.4","4","A52479","Malignant neoplasm of pleura"
"C38.8","4","A52479","Malignant neoplasm of overlapping sites of heart, mediastinum and pleura"
"C39.9","4","A52479","Malignant neoplasm of lower respiratory tract, part unspecified"
"C40.00","4","A52479","Malignant neoplasm of scapula and long bones of unspecified upper limb"
"C40.01","4","A52479","Malignant neoplasm of scapula and long bones of right upper limb"
"C40.02","4","A52479","Malignant neoplasm of scapula and long bones of left upper limb"
"C40.10","4","A52479","Malignant neoplasm of short bones of unspecified upper limb"
"C40.11","4","A52479","Malignant neoplasm of short bones of right upper limb"
"C40.12","4","A52479","Malignant neoplasm of short bones of left upper limb"
"C40.20","4","A52479","Malignant neoplasm of long bones of unspecified lower limb"
"C40.21","4","A52479","Malignant neoplasm of long bones of right lower limb"
"C40.22","4","A52479","Malignant neoplasm of long bones of left lower limb"
"C40.30","4","A52479","Malignant neoplasm of short bones of unspecified lower limb"
"C40.31","4","A52479","Malignant neoplasm of short bones of right lower limb"
"C40.32","4","A52479","Malignant neoplasm of short bones of left lower limb"
"C40.80","4","A52479","Malignant neoplasm of overlapping sites of bone and articular cartilage of unspecified limb"
"C40.81","4","A52479","Malignant neoplasm of overlapping sites of bone and articular cartilage of right limb"
"C40.82","4","A52479","Malignant neoplasm of overlapping sites of bone and articular cartilage of left limb"
"C40.90","4","A52479","Malignant neoplasm of unspecified bones and articular cartilage of unspecified limb"
"C40.91","4","A52479","Malignant neoplasm of unspecified bones and articular cartilage of right limb"
"C40.92","4","A52479","Malignant neoplasm of unspecified bones and articular cartilage of left limb"
"C41.0","4","A52479","Malignant neoplasm of bones of skull and face"
"C41.1","4","A52479","Malignant neoplasm of mandible"
"C41.2","4","A52479","Malignant neoplasm of vertebral column"
"C41.3","4","A52479","Malignant neoplasm of ribs, sternum and clavicle"
"C41.4","4","A52479","Malignant neoplasm of pelvic bones, sacrum and coccyx"
"C41.9","4","A52479","Malignant neoplasm of bone and articular cartilage, unspecified"
"C4A.0","4","A52479","Merkel cell carcinoma of lip"
"C4A.10","4","A52479","Merkel cell carcinoma of unspecified eyelid, including canthus"
"C4A.111","4","A52479","Merkel cell carcinoma of right upper eyelid, including canthus"
"C4A.112","4","A52479","Merkel cell carcinoma of right lower eyelid, including canthus"
"C4A.121","4","A52479","Merkel cell carcinoma of left upper eyelid, including canthus"
"C4A.122","4","A52479","Merkel cell carcinoma of left lower eyelid, including canthus"
"C4A.20","4","A52479","Merkel cell carcinoma of unspecified ear and external auricular canal"
"C4A.21","4","A52479","Merkel cell carcinoma of right ear and external auricular canal"
"C4A.22","4","A52479","Merkel cell carcinoma of left ear and external auricular canal"
"C4A.30","4","A52479","Merkel cell carcinoma of unspecified part of face"
"C4A.31","4","A52479","Merkel cell carcinoma of nose"
"C4A.39","4","A52479","Merkel cell carcinoma of other parts of face"
"C4A.4","4","A52479","Merkel cell carcinoma of scalp and neck"
"C4A.51","4","A52479","Merkel cell carcinoma of anal skin"
"C4A.52","4","A52479","Merkel cell carcinoma of skin of breast"
"C4A.59","4","A52479","Merkel cell carcinoma of other part of trunk"
"C4A.60","4","A52479","Merkel cell carcinoma of unspecified upper limb, including shoulder"
"C4A.61","4","A52479","Merkel cell carcinoma of right upper limb, including shoulder"
"C4A.62","4","A52479","Merkel cell carcinoma of left upper limb, including shoulder"
"C4A.70","4","A52479","Merkel cell carcinoma of unspecified lower limb, including hip"
"C4A.71","4","A52479","Merkel cell carcinoma of right lower limb, including hip"
"C4A.72","4","A52479","Merkel cell carcinoma of left lower limb, including hip"
"C4A.8","4","A52479","Merkel cell carcinoma of overlapping sites"
"C4A.9","4","A52479","Merkel cell carcinoma, unspecified"
"C45.0","4","A52479","Mesothelioma of pleura"
"C45.1","4","A52479","Mesothelioma of peritoneum"
"C45.2","4","A52479","Mesothelioma of pericardium"
"C45.9","4","A52479","Mesothelioma, unspecified"
"C46.0","4","A52479","Kaposi's sarcoma of skin"
"C46.1","4","A52479","Kaposi's sarcoma of soft tissue"
"C46.2","4","A52479","Kaposi's sarcoma of palate"
"C46.3","4","A52479","Kaposi's sarcoma of lymph nodes"
"C46.4","4","A52479","Kaposi's sarcoma of gastrointestinal sites"
"C46.50","4","A52479","Kaposi's sarcoma of unspecified lung"
"C46.51","4","A52479","Kaposi's sarcoma of right lung"
"C46.52","4","A52479","Kaposi's sarcoma of left lung"
"C46.7","4","A52479","Kaposi's sarcoma of other sites"
"C46.9","4","A52479","Kaposi's sarcoma, unspecified"
"C47.0","4","A52479","Malignant neoplasm of peripheral nerves of head, face and neck"
"C47.10","4","A52479","Malignant neoplasm of peripheral nerves of unspecified upper limb, including shoulder"
"C47.11","4","A52479","Malignant neoplasm of peripheral nerves of right upper limb, including shoulder"
"C47.12","4","A52479","Malignant neoplasm of peripheral nerves of left upper limb, including shoulder"
"C47.20","4","A52479","Malignant neoplasm of peripheral nerves of unspecified lower limb, including hip"
"C47.21","4","A52479","Malignant neoplasm of peripheral nerves of right lower limb, including hip"
"C47.22","4","A52479","Malignant neoplasm of peripheral nerves of left lower limb, including hip"
"C47.3","4","A52479","Malignant neoplasm of peripheral nerves of thorax"
"C47.4","4","A52479","Malignant neoplasm of peripheral nerves of abdomen"
"C47.5","4","A52479","Malignant neoplasm of peripheral nerves of pelvis"
"C47.6","4","A52479","Malignant neoplasm of peripheral nerves of trunk, unspecified"
"C47.8","4","A52479","Malignant neoplasm of overlapping sites of peripheral nerves and autonomic nervous system"
"C47.9","4","A52479","Malignant neoplasm of peripheral nerves and autonomic nervous system, unspecified"
"C48.1","4","A52479","Malignant neoplasm of specified parts of peritoneum"
"C48.2","4","A52479","Malignant neoplasm of peritoneum, unspecified"
"C48.8","4","A52479","Malignant neoplasm of overlapping sites of retroperitoneum and peritoneum"
"C49.0","4","A52479","Malignant neoplasm of connective and soft tissue of head, face and neck"
"C49.10","4","A52479","Malignant neoplasm of connective and soft tissue of unspecified upper limb, including shoulder"
"C49.11","4","A52479","Malignant neoplasm of connective and soft tissue of right upper limb, including shoulder"
"C49.12","4","A52479","Malignant neoplasm of connective and soft tissue of left upper limb, including shoulder"
"C49.20","4","A52479","Malignant neoplasm of connective and soft tissue of unspecified lower limb, including hip"
"C49.21","4","A52479","Malignant neoplasm of connective and soft tissue of right lower limb, including hip"
"C49.22","4","A52479","Malignant neoplasm of connective and soft tissue of left lower limb, including hip"
"C49.3","4","A52479","Malignant neoplasm of connective and soft tissue of thorax"
"C49.4","4","A52479","Malignant neoplasm of connective and soft tissue of abdomen"
"C49.5","4","A52479","Malignant neoplasm of connective and soft tissue of pelvis"
"C49.6","4","A52479","Malignant neoplasm of connective and soft tissue of trunk, unspecified"
"C49.8","4","A52479","Malignant neoplasm of overlapping sites of connective and soft tissue"
"C49.9","4","A52479","Malignant neoplasm of connective and soft tissue, unspecified"
"C49.A0","4","A52479","Gastrointestinal stromal tumor, unspecified site"
"C49.A1","4","A52479","Gastrointestinal stromal tumor of esophagus"
"C49.A2","4","A52479","Gastrointestinal stromal tumor of stomach"
"C49.A3","4","A52479","Gastrointestinal stromal tumor of small intestine"
"C49.A4","4","A52479","Gastrointestinal stromal tumor of large intestine"
"C49.A5","4","A52479","Gastrointestinal stromal tumor of rectum"
"C49.A9","4","A52479","Gastrointestinal stromal tumor of other sites"
"C50.011","4","A52479","Malignant neoplasm of nipple and areola, right female breast"
"C50.012","4","A52479","Malignant neoplasm of nipple and areola, left female breast"
"C50.019","4","A52479","Malignant neoplasm of nipple and areola, unspecified female breast"
"C50.021","4","A52479","Malignant neoplasm of nipple and areola, right male breast"
"C50.022","4","A52479","Malignant neoplasm of nipple and areola, left male breast"
"C50.029","4","A52479","Malignant neoplasm of nipple and areola, unspecified male breast"
"C50.111","4","A52479","Malignant neoplasm of central portion of right female breast"
"C50.112","4","A52479","Malignant neoplasm of central portion of left female breast"
"C50.119","4","A52479","Malignant neoplasm of central portion of unspecified female breast"
"C50.121","4","A52479","Malignant neoplasm of central portion of right male breast"
"C50.122","4","A52479","Malignant neoplasm of central portion of left male breast"
"C50.129","4","A52479","Malignant neoplasm of central portion of unspecified male breast"
"C50.211","4","A52479","Malignant neoplasm of upper-inner quadrant of right female breast"
"C50.212","4","A52479","Malignant neoplasm of upper-inner quadrant of left female breast"
"C50.219","4","A52479","Malignant neoplasm of upper-inner quadrant of unspecified female breast"
"C50.221","4","A52479","Malignant neoplasm of upper-inner quadrant of right male breast"
"C50.222","4","A52479","Malignant neoplasm of upper-inner quadrant of left male breast"
"C50.229","4","A52479","Malignant neoplasm of upper-inner quadrant of unspecified male breast"
"C50.311","4","A52479","Malignant neoplasm of lower-inner quadrant of right female breast"
"C50.312","4","A52479","Malignant neoplasm of lower-inner quadrant of left female breast"
"C50.319","4","A52479","Malignant neoplasm of lower-inner quadrant of unspecified female breast"
"C50.321","4","A52479","Malignant neoplasm of lower-inner quadrant of right male breast"
"C50.322","4","A52479","Malignant neoplasm of lower-inner quadrant of left male breast"
"C50.329","4","A52479","Malignant neoplasm of lower-inner quadrant of unspecified male breast"
"C50.411","4","A52479","Malignant neoplasm of upper-outer quadrant of right female breast"
"C50.412","4","A52479","Malignant neoplasm of upper-outer quadrant of left female breast"
"C50.419","4","A52479","Malignant neoplasm of upper-outer quadrant of unspecified female breast"
"C50.421","4","A52479","Malignant neoplasm of upper-outer quadrant of right male breast"
"C50.422","4","A52479","Malignant neoplasm of upper-outer quadrant of left male breast"
"C50.429","4","A52479","Malignant neoplasm of upper-outer quadrant of unspecified male breast"
"C50.511","4","A52479","Malignant neoplasm of lower-outer quadrant of right female breast"
"C50.512","4","A52479","Malignant neoplasm of lower-outer quadrant of left female breast"
"C50.519","4","A52479","Malignant neoplasm of lower-outer quadrant of unspecified female breast"
"C50.521","4","A52479","Malignant neoplasm of lower-outer quadrant of right male breast"
"C50.522","4","A52479","Malignant neoplasm of lower-outer quadrant of left male breast"
"C50.529","4","A52479","Malignant neoplasm of lower-outer quadrant of unspecified male breast"
"C50.611","4","A52479","Malignant neoplasm of axillary tail of right female breast"
"C50.612","4","A52479","Malignant neoplasm of axillary tail of left female breast"
"C50.619","4","A52479","Malignant neoplasm of axillary tail of unspecified female breast"
"C50.621","4","A52479","Malignant neoplasm of axillary tail of right male breast"
"C50.622","4","A52479","Malignant neoplasm of axillary tail of left male breast"
"C50.629","4","A52479","Malignant neoplasm of axillary tail of unspecified male breast"
"C50.811","4","A52479","Malignant neoplasm of overlapping sites of right female breast"
"C50.812","4","A52479","Malignant neoplasm of overlapping sites of left female breast"
"C50.819","4","A52479","Malignant neoplasm of overlapping sites of unspecified female breast"
"C50.821","4","A52479","Malignant neoplasm of overlapping sites of right male breast"
"C50.822","4","A52479","Malignant neoplasm of overlapping sites of left male breast"
"C50.829","4","A52479","Malignant neoplasm of overlapping sites of unspecified male breast"
"C50.911","4","A52479","Malignant neoplasm of unspecified site of right female breast"
"C50.912","4","A52479","Malignant neoplasm of unspecified site of left female breast"
"C50.919","4","A52479","Malignant neoplasm of unspecified site of unspecified female breast"
"C50.921","4","A52479","Malignant neoplasm of unspecified site of right male breast"
"C50.922","4","A52479","Malignant neoplasm of unspecified site of left male breast"
"C50.929","4","A52479","Malignant neoplasm of unspecified site of unspecified male breast"
"C50.A0","4","A52479","Malignant inflammatory neoplasm of unspecified breast"
"C50.A1","4","A52479","Malignant inflammatory neoplasm of right breast"
"C50.A2","4","A52479","Malignant inflammatory neoplasm of left breast"
"C51.9","4","A52479","Malignant neoplasm of vulva, unspecified"
"C53.0","4","A52479","Malignant neoplasm of endocervix"
"C53.1","4","A52479","Malignant neoplasm of exocervix"
"C53.8","4","A52479","Malignant neoplasm of overlapping sites of cervix uteri"
"C53.9","4","A52479","Malignant neoplasm of cervix uteri, unspecified"
"C54.0","4","A52479","Malignant neoplasm of isthmus uteri"
"C54.1","4","A52479","Malignant neoplasm of endometrium"
"C54.2","4","A52479","Malignant neoplasm of myometrium"
"C54.3","4","A52479","Malignant neoplasm of fundus uteri"
"C54.8","4","A52479","Malignant neoplasm of overlapping sites of corpus uteri"
"C54.9","4","A52479","Malignant neoplasm of corpus uteri, unspecified"
"C56.1","4","A52479","Malignant neoplasm of right ovary"
"C56.2","4","A52479","Malignant neoplasm of left ovary"
"C56.3","4","A52479","Malignant neoplasm of bilateral ovaries"
"C56.9","4","A52479","Malignant neoplasm of unspecified ovary"
"C57.00","4","A52479","Malignant neoplasm of unspecified fallopian tube"
"C57.01","4","A52479","Malignant neoplasm of right fallopian tube"
"C57.02","4","A52479","Malignant neoplasm of left fallopian tube"
"C57.10","4","A52479","Malignant neoplasm of unspecified broad ligament"
"C57.11","4","A52479","Malignant neoplasm of right broad ligament"
"C57.12","4","A52479","Malignant neoplasm of left broad ligament"
"C57.20","4","A52479","Malignant neoplasm of unspecified round ligament"
"C57.21","4","A52479","Malignant neoplasm of right round ligament"
"C57.22","4","A52479","Malignant neoplasm of left round ligament"
"C57.3","4","A52479","Malignant neoplasm of parametrium"
"C57.4","4","A52479","Malignant neoplasm of uterine adnexa, unspecified"
"C58","4","A52479","Malignant neoplasm of placenta"
"C61","4","A52479","Malignant neoplasm of prostate"
"C62.00","4","A52479","Malignant neoplasm of unspecified undescended testis"
"C62.01","4","A52479","Malignant neoplasm of undescended right testis"
"C62.02","4","A52479","Malignant neoplasm of undescended left testis"
"C62.10","4","A52479","Malignant neoplasm of unspecified descended testis"
"C62.11","4","A52479","Malignant neoplasm of descended right testis"
"C62.12","4","A52479","Malignant neoplasm of descended left testis"
"C62.90","4","A52479","Malignant neoplasm of unspecified testis, unspecified whether descended or undescended"
"C62.91","4","A52479","Malignant neoplasm of right testis, unspecified whether descended or undescended"
"C62.92","4","A52479","Malignant neoplasm of left testis, unspecified whether descended or undescended"
"C64.1","4","A52479","Malignant neoplasm of right kidney, except renal pelvis"
"C64.2","4","A52479","Malignant neoplasm of left kidney, except renal pelvis"
"C64.9","4","A52479","Malignant neoplasm of unspecified kidney, except renal pelvis"
"C65.1","4","A52479","Malignant neoplasm of right renal pelvis"
"C65.2","4","A52479","Malignant neoplasm of left renal pelvis"
"C65.9","4","A52479","Malignant neoplasm of unspecified renal pelvis"
"C67.0","4","A52479","Malignant neoplasm of trigone of bladder"
"C67.1","4","A52479","Malignant neoplasm of dome of bladder"
"C67.2","4","A52479","Malignant neoplasm of lateral wall of bladder"
"C67.3","4","A52479","Malignant neoplasm of anterior wall of bladder"
"C67.4","4","A52479","Malignant neoplasm of posterior wall of bladder"
"C67.5","4","A52479","Malignant neoplasm of bladder neck"
"C67.6","4","A52479","Malignant neoplasm of ureteric orifice"
"C67.7","4","A52479","Malignant neoplasm of urachus"
"C67.8","4","A52479","Malignant neoplasm of overlapping sites of bladder"
"C67.9","4","A52479","Malignant neoplasm of bladder, unspecified"
"C69.20","4","A52479","Malignant neoplasm of unspecified retina"
"C69.21","4","A52479","Malignant neoplasm of right retina"
"C69.22","4","A52479","Malignant neoplasm of left retina"
"C71.0","4","A52479","Malignant neoplasm of cerebrum, except lobes and ventricles"
"C71.1","4","A52479","Malignant neoplasm of frontal lobe"
"C71.2","4","A52479","Malignant neoplasm of temporal lobe"
"C71.3","4","A52479","Malignant neoplasm of parietal lobe"
"C71.4","4","A52479","Malignant neoplasm of occipital lobe"
"C71.5","4","A52479","Malignant neoplasm of cerebral ventricle"
"C71.6","4","A52479","Malignant neoplasm of cerebellum"
"C71.7","4","A52479","Malignant neoplasm of brain stem"
"C71.8","4","A52479","Malignant neoplasm of overlapping sites of brain"
"C71.9","4","A52479","Malignant neoplasm of brain, unspecified"
"C72.9","4","A52479","Malignant neoplasm of central nervous system, unspecified"
"C73","4","A52479","Malignant neoplasm of thyroid gland"
"C74.00","4","A52479","Malignant neoplasm of cortex of unspecified adrenal gland"
"C74.01","4","A52479","Malignant neoplasm of cortex of right adrenal gland"
"C74.02","4","A52479","Malignant neoplasm of cortex of left adrenal gland"
"C74.10","4","A52479","Malignant neoplasm of medulla of unspecified adrenal gland"
"C74.11","4","A52479","Malignant neoplasm of medulla of right adrenal gland"
"C74.12","4","A52479","Malignant neoplasm of medulla of left adrenal gland"
"C74.90","4","A52479","Malignant neoplasm of unspecified part of unspecified adrenal gland"
"C74.91","4","A52479","Malignant neoplasm of unspecified part of right adrenal gland"
"C74.92","4","A52479","Malignant neoplasm of unspecified part of left adrenal gland"
"C7A.090","4","A52479","Malignant carcinoid tumor of the bronchus and lung"
"C7A.1","4","A52479","Malignant poorly differentiated neuroendocrine tumors"
"C7A.8","4","A52479","Other malignant neuroendocrine tumors"
"C7B.1","4","A52479","Secondary Merkel cell carcinoma"
"C78.00","4","A52479","Secondary malignant neoplasm of unspecified lung"
"C78.01","4","A52479","Secondary malignant neoplasm of right lung"
"C78.02","4","A52479","Secondary malignant neoplasm of left lung"
"C78.7","4","A52479","Secondary malignant neoplasm of liver and intrahepatic bile duct"
"C79.31","4","A52479","Secondary malignant neoplasm of brain"
"C79.32","4","A52479","Secondary malignant neoplasm of cerebral meninges"
"C79.40","4","A52479","Secondary malignant neoplasm of unspecified part of nervous system"
"C79.49","4","A52479","Secondary malignant neoplasm of other parts of nervous system"
"C79.51","4","A52479","Secondary malignant neoplasm of bone"
"C79.52","4","A52479","Secondary malignant neoplasm of bone marrow"
"C79.63","4","A52479","Secondary malignant neoplasm of bilateral ovaries"
"C79.70","4","A52479","Secondary malignant neoplasm of unspecified adrenal gland"
"C79.71","4","A52479","Secondary malignant neoplasm of right adrenal gland"
"C79.72","4","A52479","Secondary malignant neoplasm of left adrenal gland"
"C80.0","4","A52479","Disseminated malignant neoplasm, unspecified"
"C80.1","4","A52479","Malignant (primary) neoplasm, unspecified"
"C80.2","4","A52479","Malignant neoplasm associated with transplanted organ"
"C81.00","4","A52479","Nodular lymphocyte predominant Hodgkin lymphoma, unspecified site"
"C81.01","4","A52479","Nodular lymphocyte predominant Hodgkin lymphoma, lymph nodes of head, face, and neck"
"C81.02","4","A52479","Nodular lymphocyte predominant Hodgkin lymphoma, intrathoracic lymph nodes"
"C81.03","4","A52479","Nodular lymphocyte predominant Hodgkin lymphoma, intra-abdominal lymph nodes"
"C81.04","4","A52479","Nodular lymphocyte predominant Hodgkin lymphoma, lymph nodes of axilla and upper limb"
"C81.05","4","A52479","Nodular lymphocyte predominant Hodgkin lymphoma, lymph nodes of inguinal region and lower limb"
"C81.06","4","A52479","Nodular lymphocyte predominant Hodgkin lymphoma, intrapelvic lymph nodes"
"C81.07","4","A52479","Nodular lymphocyte predominant Hodgkin lymphoma, spleen"
"C81.08","4","A52479","Nodular lymphocyte predominant Hodgkin lymphoma, lymph nodes of multiple sites"
"C81.09","4","A52479","Nodular lymphocyte predominant Hodgkin lymphoma, extranodal and solid organ sites"
"C81.0A","4","A52479","Nodular lymphocyte predominant Hodgkin lymphoma, in remission"
"C81.10","4","A52479","Nodular sclerosis Hodgkin lymphoma, unspecified site"
"C81.11","4","A52479","Nodular sclerosis Hodgkin lymphoma, lymph nodes of head, face, and neck"
"C81.12","4","A52479","Nodular sclerosis Hodgkin lymphoma, intrathoracic lymph nodes"
"C81.13","4","A52479","Nodular sclerosis Hodgkin lymphoma, intra-abdominal lymph nodes"
"C81.14","4","A52479","Nodular sclerosis Hodgkin lymphoma, lymph nodes of axilla and upper limb"
"C81.15","4","A52479","Nodular sclerosis Hodgkin lymphoma, lymph nodes of inguinal region and lower limb"
"C81.16","4","A52479","Nodular sclerosis Hodgkin lymphoma, intrapelvic lymph nodes"
"C81.17","4","A52479","Nodular sclerosis Hodgkin lymphoma, spleen"
"C81.18","4","A52479","Nodular sclerosis Hodgkin lymphoma, lymph nodes of multiple sites"
"C81.19","4","A52479","Nodular sclerosis Hodgkin lymphoma, extranodal and solid organ sites"
"C81.1A","4","A52479","Nodular sclerosis Hodgkin lymphoma, in remission"
"C81.20","4","A52479","Mixed cellularity Hodgkin lymphoma, unspecified site"
"C81.21","4","A52479","Mixed cellularity Hodgkin lymphoma, lymph nodes of head, face, and neck"
"C81.22","4","A52479","Mixed cellularity Hodgkin lymphoma, intrathoracic lymph nodes"
"C81.23","4","A52479","Mixed cellularity Hodgkin lymphoma, intra-abdominal lymph nodes"
"C81.24","4","A52479","Mixed cellularity Hodgkin lymphoma, lymph nodes of axilla and upper limb"
"C81.25","4","A52479","Mixed cellularity Hodgkin lymphoma, lymph nodes of inguinal region and lower limb"
"C81.26","4","A52479","Mixed cellularity Hodgkin lymphoma, intrapelvic lymph nodes"
"C81.27","4","A52479","Mixed cellularity Hodgkin lymphoma, spleen"
"C81.28","4","A52479","Mixed cellularity Hodgkin lymphoma, lymph nodes of multiple sites"
"C81.29","4","A52479","Mixed cellularity Hodgkin lymphoma, extranodal and solid organ sites"
"C81.2A","4","A52479","Mixed cellularity Hodgkin lymphoma, in remission"
"C81.30","4","A52479","Lymphocyte depleted Hodgkin lymphoma, unspecified site"
"C81.31","4","A52479","Lymphocyte depleted Hodgkin lymphoma, lymph nodes of head, face, and neck"
"C81.32","4","A52479","Lymphocyte depleted Hodgkin lymphoma, intrathoracic lymph nodes"
"C81.33","4","A52479","Lymphocyte depleted Hodgkin lymphoma, intra-abdominal lymph nodes"
"C81.34","4","A52479","Lymphocyte depleted Hodgkin lymphoma, lymph nodes of axilla and upper limb"
"C81.35","4","A52479","Lymphocyte depleted Hodgkin lymphoma, lymph nodes of inguinal region and lower limb"
"C81.36","4","A52479","Lymphocyte depleted Hodgkin lymphoma, intrapelvic lymph nodes"
"C81.37","4","A52479","Lymphocyte depleted Hodgkin lymphoma, spleen"
"C81.38","4","A52479","Lymphocyte depleted Hodgkin lymphoma, lymph nodes of multiple sites"
"C81.39","4","A52479","Lymphocyte depleted Hodgkin lymphoma, extranodal and solid organ sites"
"C81.3A","4","A52479","Lymphocyte depleted Hodgkin lymphoma, in remission"
"C81.40","4","A52479","Lymphocyte-rich Hodgkin lymphoma, unspecified site"
"C81.41","4","A52479","Lymphocyte-rich Hodgkin lymphoma, lymph nodes of head, face, and neck"
"C81.42","4","A52479","Lymphocyte-rich Hodgkin lymphoma, intrathoracic lymph nodes"
"C81.43","4","A52479","Lymphocyte-rich Hodgkin lymphoma, intra-abdominal lymph nodes"
"C81.44","4","A52479","Lymphocyte-rich Hodgkin lymphoma, lymph nodes of axilla and upper limb"
"C81.45","4","A52479","Lymphocyte-rich Hodgkin lymphoma, lymph nodes of inguinal region and lower limb"
"C81.46","4","A52479","Lymphocyte-rich Hodgkin lymphoma, intrapelvic lymph nodes"
"C81.47","4","A52479","Lymphocyte-rich Hodgkin lymphoma, spleen"
"C81.48","4","A52479","Lymphocyte-rich Hodgkin lymphoma, lymph nodes of multiple sites"
"C81.49","4","A52479","Lymphocyte-rich Hodgkin lymphoma, extranodal and solid organ sites"
"C81.4A","4","A52479","Lymphocyte-rich Hodgkin lymphoma, in remission"
"C81.70","4","A52479","Other Hodgkin lymphoma, unspecified site"
"C81.71","4","A52479","Other Hodgkin lymphoma, lymph nodes of head, face, and neck"
"C81.72","4","A52479","Other Hodgkin lymphoma, intrathoracic lymph nodes"
"C81.73","4","A52479","Other Hodgkin lymphoma, intra-abdominal lymph nodes"
"C81.74","4","A52479","Other Hodgkin lymphoma, lymph nodes of axilla and upper limb"
"C81.75","4","A52479","Other Hodgkin lymphoma, lymph nodes of inguinal region and lower limb"
"C81.76","4","A52479","Other Hodgkin lymphoma, intrapelvic lymph nodes"
"C81.77","4","A52479","Other Hodgkin lymphoma, spleen"
"C81.78","4","A52479","Other Hodgkin lymphoma, lymph nodes of multiple sites"
"C81.79","4","A52479","Other Hodgkin lymphoma, extranodal and solid organ sites"
"C81.7A","4","A52479","Other Hodgkin lymphoma, in remission"
"C81.90","4","A52479","Hodgkin lymphoma, unspecified, unspecified site"
"C81.91","4","A52479","Hodgkin lymphoma, unspecified, lymph nodes of head, face, and neck"
"C81.92","4","A52479","Hodgkin lymphoma, unspecified, intrathoracic lymph nodes"
"C81.93","4","A52479","Hodgkin lymphoma, unspecified, intra-abdominal lymph nodes"
"C81.94","4","A52479","Hodgkin lymphoma, unspecified, lymph nodes of axilla and upper limb"
"C81.95","4","A52479","Hodgkin lymphoma, unspecified, lymph nodes of inguinal region and lower limb"
"C81.96","4","A52479","Hodgkin lymphoma, unspecified, intrapelvic lymph nodes"
"C81.97","4","A52479","Hodgkin lymphoma, unspecified, spleen"
"C81.98","4","A52479","Hodgkin lymphoma, unspecified, lymph nodes of multiple sites"
"C81.99","4","A52479","Hodgkin lymphoma, unspecified, extranodal and solid organ sites"
"C81.9A","4","A52479","Hodgkin lymphoma, unspecified, in remission"
"C82.00","4","A52479","Follicular lymphoma grade I, unspecified site"
"C82.01","4","A52479","Follicular lymphoma grade I, lymph nodes of head, face, and neck"
"C82.02","4","A52479","Follicular lymphoma grade I, intrathoracic lymph nodes"
"C82.03","4","A52479","Follicular lymphoma grade I, intra-abdominal lymph nodes"
"C82.04","4","A52479","Follicular lymphoma grade I, lymph nodes of axilla and upper limb"
"C82.05","4","A52479","Follicular lymphoma grade I, lymph nodes of inguinal region and lower limb"
"C82.06","4","A52479","Follicular lymphoma grade I, intrapelvic lymph nodes"
"C82.07","4","A52479","Follicular lymphoma grade I, spleen"
"C82.08","4","A52479","Follicular lymphoma grade I, lymph nodes of multiple sites"
"C82.09","4","A52479","Follicular lymphoma grade I, extranodal and solid organ sites"
"C82.0A","4","A52479","Follicular lymphoma grade I, in remission"
"C82.10","4","A52479","Follicular lymphoma grade II, unspecified site"
"C82.11","4","A52479","Follicular lymphoma grade II, lymph nodes of head, face, and neck"
"C82.12","4","A52479","Follicular lymphoma grade II, intrathoracic lymph nodes"
"C82.13","4","A52479","Follicular lymphoma grade II, intra-abdominal lymph nodes"
"C82.14","4","A52479","Follicular lymphoma grade II, lymph nodes of axilla and upper limb"
"C82.15","4","A52479","Follicular lymphoma grade II, lymph nodes of inguinal region and lower limb"
"C82.16","4","A52479","Follicular lymphoma grade II, intrapelvic lymph nodes"
"C82.17","4","A52479","Follicular lymphoma grade II, spleen"
"C82.18","4","A52479","Follicular lymphoma grade II, lymph nodes of multiple sites"
"C82.19","4","A52479","Follicular lymphoma grade II, extranodal and solid organ sites"
"C82.1A","4","A52479","Follicular lymphoma grade II, in remission"
"C82.20","4","A52479","Follicular lymphoma grade III, unspecified, unspecified site"
"C82.21","4","A52479","Follicular lymphoma grade III, unspecified, lymph nodes of head, face, and neck"
"C82.22","4","A52479","Follicular lymphoma grade III, unspecified, intrathoracic lymph nodes"
"C82.23","4","A52479","Follicular lymphoma grade III, unspecified, intra-abdominal lymph nodes"
"C82.24","4","A52479","Follicular lymphoma grade III, unspecified, lymph nodes of axilla and upper limb"
"C82.25","4","A52479","Follicular lymphoma grade III, unspecified, lymph nodes of inguinal region and lower limb"
"C82.26","4","A52479","Follicular lymphoma grade III, unspecified, intrapelvic lymph nodes"
"C82.27","4","A52479","Follicular lymphoma grade III, unspecified, spleen"
"C82.28","4","A52479","Follicular lymphoma grade III, unspecified, lymph nodes of multiple sites"
"C82.29","4","A52479","Follicular lymphoma grade III, unspecified, extranodal and solid organ sites"
"C82.2A","4","A52479","Follicular lymphoma grade III, unspecified, in remission"
"C82.30","4","A52479","Follicular lymphoma grade IIIa, unspecified site"
"C82.31","4","A52479","Follicular lymphoma grade IIIa, lymph nodes of head, face, and neck"
"C82.32","4","A52479","Follicular lymphoma grade IIIa, intrathoracic lymph nodes"
"C82.33","4","A52479","Follicular lymphoma grade IIIa, intra-abdominal lymph nodes"
"C82.34","4","A52479","Follicular lymphoma grade IIIa, lymph nodes of axilla and upper limb"
"C82.35","4","A52479","Follicular lymphoma grade IIIa, lymph nodes of inguinal region and lower limb"
"C82.36","4","A52479","Follicular lymphoma grade IIIa, intrapelvic lymph nodes"
"C82.37","4","A52479","Follicular lymphoma grade IIIa, spleen"
"C82.38","4","A52479","Follicular lymphoma grade IIIa, lymph nodes of multiple sites"
"C82.39","4","A52479","Follicular lymphoma grade IIIa, extranodal and solid organ sites"
"C82.3A","4","A52479","Follicular lymphoma grade IIIa, in remission"
"C82.40","4","A52479","Follicular lymphoma grade IIIb, unspecified site"
"C82.41","4","A52479","Follicular lymphoma grade IIIb, lymph nodes of head, face, and neck"
"C82.42","4","A52479","Follicular lymphoma grade IIIb, intrathoracic lymph nodes"
"C82.43","4","A52479","Follicular lymphoma grade IIIb, intra-abdominal lymph nodes"
"C82.44","4","A52479","Follicular lymphoma grade IIIb, lymph nodes of axilla and upper limb"
"C82.45","4","A52479","Follicular lymphoma grade IIIb, lymph nodes of inguinal region and lower limb"
"C82.46","4","A52479","Follicular lymphoma grade IIIb, intrapelvic lymph nodes"
"C82.47","4","A52479","Follicular lymphoma grade IIIb, spleen"
"C82.48","4","A52479","Follicular lymphoma grade IIIb, lymph nodes of multiple sites"
"C82.49","4","A52479","Follicular lymphoma grade IIIb, extranodal and solid organ sites"
"C82.4A","4","A52479","Follicular lymphoma grade IIIb, in remission"
"C82.50","4","A52479","Diffuse follicle center lymphoma, unspecified site"
"C82.51","4","A52479","Diffuse follicle center lymphoma, lymph nodes of head, face, and neck"
"C82.52","4","A52479","Diffuse follicle center lymphoma, intrathoracic lymph nodes"
"C82.53","4","A52479","Diffuse follicle center lymphoma, intra-abdominal lymph nodes"
"C82.54","4","A52479","Diffuse follicle center lymphoma, lymph nodes of axilla and upper limb"
"C82.55","4","A52479","Diffuse follicle center lymphoma, lymph nodes of inguinal region and lower limb"
"C82.56","4","A52479","Diffuse follicle center lymphoma, intrapelvic lymph nodes"
"C82.57","4","A52479","Diffuse follicle center lymphoma, spleen"
"C82.58","4","A52479","Diffuse follicle center lymphoma, lymph nodes of multiple sites"
"C82.59","4","A52479","Diffuse follicle center lymphoma, extranodal and solid organ sites"
"C82.5A","4","A52479","Diffuse follicle center lymphoma, in remission"
"C82.60","4","A52479","Cutaneous follicle center lymphoma, unspecified site"
"C82.61","4","A52479","Cutaneous follicle center lymphoma, lymph nodes of head, face, and neck"
"C82.62","4","A52479","Cutaneous follicle center lymphoma, intrathoracic lymph nodes"
"C82.63","4","A52479","Cutaneous follicle center lymphoma, intra-abdominal lymph nodes"
"C82.64","4","A52479","Cutaneous follicle center lymphoma, lymph nodes of axilla and upper limb"
"C82.65","4","A52479","Cutaneous follicle center lymphoma, lymph nodes of inguinal region and lower limb"
"C82.66","4","A52479","Cutaneous follicle center lymphoma, intrapelvic lymph nodes"
"C82.67","4","A52479","Cutaneous follicle center lymphoma, spleen"
"C82.68","4","A52479","Cutaneous follicle center lymphoma, lymph nodes of multiple sites"
"C82.69","4","A52479","Cutaneous follicle center lymphoma, extranodal and solid organ sites"
"C82.6A","4","A52479","Cutaneous follicle center lymphoma, in remission"
"C82.80","4","A52479","Other types of follicular lymphoma, unspecified site"
"C82.81","4","A52479","Other types of follicular lymphoma, lymph nodes of head, face, and neck"
"C82.82","4","A52479","Other types of follicular lymphoma, intrathoracic lymph nodes"
"C82.83","4","A52479","Other types of follicular lymphoma, intra-abdominal lymph nodes"
"C82.84","4","A52479","Other types of follicular lymphoma, lymph nodes of axilla and upper limb"
"C82.85","4","A52479","Other types of follicular lymphoma, lymph nodes of inguinal region and lower limb"
"C82.86","4","A52479","Other types of follicular lymphoma, intrapelvic lymph nodes"
"C82.87","4","A52479","Other types of follicular lymphoma, spleen"
"C82.88","4","A52479","Other types of follicular lymphoma, lymph nodes of multiple sites"
"C82.89","4","A52479","Other types of follicular lymphoma, extranodal and solid organ sites"
"C82.8A","4","A52479","Other types of follicular lymphoma, in remission"
"C82.90","4","A52479","Follicular lymphoma, unspecified, unspecified site"
"C82.91","4","A52479","Follicular lymphoma, unspecified, lymph nodes of head, face, and neck"
"C82.92","4","A52479","Follicular lymphoma, unspecified, intrathoracic lymph nodes"
"C82.93","4","A52479","Follicular lymphoma, unspecified, intra-abdominal lymph nodes"
"C82.94","4","A52479","Follicular lymphoma, unspecified, lymph nodes of axilla and upper limb"
"C82.95","4","A52479","Follicular lymphoma, unspecified, lymph nodes of inguinal region and lower limb"
"C82.96","4","A52479","Follicular lymphoma, unspecified, intrapelvic lymph nodes"
"C82.97","4","A52479","Follicular lymphoma, unspecified, spleen"
"C82.98","4","A52479","Follicular lymphoma, unspecified, lymph nodes of multiple sites"
"C82.99","4","A52479","Follicular lymphoma, unspecified, extranodal and solid organ sites"
"C82.9A","4","A52479","Follicular lymphoma, unspecified, in remission"
"C83.00","4","A52479","Small cell B-cell lymphoma, unspecified site"
"C83.01","4","A52479","Small cell B-cell lymphoma, lymph nodes of head, face, and neck"
"C83.02","4","A52479","Small cell B-cell lymphoma, intrathoracic lymph nodes"
"C83.03","4","A52479","Small cell B-cell lymphoma, intra-abdominal lymph nodes"
"C83.04","4","A52479","Small cell B-cell lymphoma, lymph nodes of axilla and upper limb"
"C83.05","4","A52479","Small cell B-cell lymphoma, lymph nodes of inguinal region and lower limb"
"C83.06","4","A52479","Small cell B-cell lymphoma, intrapelvic lymph nodes"
"C83.07","4","A52479","Small cell B-cell lymphoma, spleen"
"C83.08","4","A52479","Small cell B-cell lymphoma, lymph nodes of multiple sites"
"C83.09","4","A52479","Small cell B-cell lymphoma, extranodal and solid organ sites"
"C83.0A","4","A52479","Small cell B-cell lymphoma, in remission"
"C83.10","4","A52479","Mantle cell lymphoma, unspecified site"
"C83.11","4","A52479","Mantle cell lymphoma, lymph nodes of head, face, and neck"
"C83.12","4","A52479","Mantle cell lymphoma, intrathoracic lymph nodes"
"C83.13","4","A52479","Mantle cell lymphoma, intra-abdominal lymph nodes"
"C83.14","4","A52479","Mantle cell lymphoma, lymph nodes of axilla and upper limb"
"C83.15","4","A52479","Mantle cell lymphoma, lymph nodes of inguinal region and lower limb"
"C83.16","4","A52479","Mantle cell lymphoma, intrapelvic lymph nodes"
"C83.17","4","A52479","Mantle cell lymphoma, spleen"
"C83.18","4","A52479","Mantle cell lymphoma, lymph nodes of multiple sites"
"C83.19","4","A52479","Mantle cell lymphoma, extranodal and solid organ sites"
"C83.1A","4","A52479","Mantle cell lymphoma, in remission"
"C83.30","4","A52479","Diffuse large B-cell lymphoma, unspecified site"
"C83.31","4","A52479","Diffuse large B-cell lymphoma, lymph nodes of head, face, and neck"
"C83.32","4","A52479","Diffuse large B-cell lymphoma, intrathoracic lymph nodes"
"C83.33","4","A52479","Diffuse large B-cell lymphoma, intra-abdominal lymph nodes"
"C83.34","4","A52479","Diffuse large B-cell lymphoma, lymph nodes of axilla and upper limb"
"C83.35","4","A52479","Diffuse large B-cell lymphoma, lymph nodes of inguinal region and lower limb"
"C83.36","4","A52479","Diffuse large B-cell lymphoma, intrapelvic lymph nodes"
"C83.37","4","A52479","Diffuse large B-cell lymphoma, spleen"
"C83.38","4","A52479","Diffuse large B-cell lymphoma, lymph nodes of multiple sites"
"C83.390","4","A52479","Primary central nervous system lymphoma"
"C83.398","4","A52479","Diffuse large B-cell lymphoma of other extranodal and solid organ sites"
"C83.3A","4","A52479","Diffuse large B-cell lymphoma, in remission"
"C83.50","4","A52479","Lymphoblastic (diffuse) lymphoma, unspecified site"
"C83.51","4","A52479","Lymphoblastic (diffuse) lymphoma, lymph nodes of head, face, and neck"
"C83.52","4","A52479","Lymphoblastic (diffuse) lymphoma, intrathoracic lymph nodes"
"C83.53","4","A52479","Lymphoblastic (diffuse) lymphoma, intra-abdominal lymph nodes"
"C83.54","4","A52479","Lymphoblastic (diffuse) lymphoma, lymph nodes of axilla and upper limb"
"C83.55","4","A52479","Lymphoblastic (diffuse) lymphoma, lymph nodes of inguinal region and lower limb"
"C83.56","4","A52479","Lymphoblastic (diffuse) lymphoma, intrapelvic lymph nodes"
"C83.57","4","A52479","Lymphoblastic (diffuse) lymphoma, spleen"
"C83.58","4","A52479","Lymphoblastic (diffuse) lymphoma, lymph nodes of multiple sites"
"C83.59","4","A52479","Lymphoblastic (diffuse) lymphoma, extranodal and solid organ sites"
"C83.5A","4","A52479","Lymphoblastic (diffuse) lymphoma, in remission"
"C83.70","4","A52479","Burkitt lymphoma, unspecified site"
"C83.71","4","A52479","Burkitt lymphoma, lymph nodes of head, face, and neck"
"C83.72","4","A52479","Burkitt lymphoma, intrathoracic lymph nodes"
"C83.73","4","A52479","Burkitt lymphoma, intra-abdominal lymph nodes"
"C83.74","4","A52479","Burkitt lymphoma, lymph nodes of axilla and upper limb"
"C83.75","4","A52479","Burkitt lymphoma, lymph nodes of inguinal region and lower limb"
"C83.76","4","A52479","Burkitt lymphoma, intrapelvic lymph nodes"
"C83.77","4","A52479","Burkitt lymphoma, spleen"
"C83.78","4","A52479","Burkitt lymphoma, lymph nodes of multiple sites"
"C83.79","4","A52479","Burkitt lymphoma, extranodal and solid organ sites"
"C83.7A","4","A52479","Burkitt lymphoma, in remission"
"C83.80","4","A52479","Other non-follicular lymphoma, unspecified site"
"C83.81","4","A52479","Other non-follicular lymphoma, lymph nodes of head, face, and neck"
"C83.82","4","A52479","Other non-follicular lymphoma, intrathoracic lymph nodes"
"C83.83","4","A52479","Other non-follicular lymphoma, intra-abdominal lymph nodes"
"C83.84","4","A52479","Other non-follicular lymphoma, lymph nodes of axilla and upper limb"
"C83.85","4","A52479","Other non-follicular lymphoma, lymph nodes of inguinal region and lower limb"
"C83.86","4","A52479","Other non-follicular lymphoma, intrapelvic lymph nodes"
"C83.87","4","A52479","Other non-follicular lymphoma, spleen"
"C83.88","4","A52479","Other non-follicular lymphoma, lymph nodes of multiple sites"
"C83.89","4","A52479","Other non-follicular lymphoma, extranodal and solid organ sites"
"C83.8A","4","A52479","Other non-follicular lymphoma, in remission"
"C83.90","4","A52479","Non-follicular (diffuse) lymphoma, unspecified, unspecified site"
"C83.91","4","A52479","Non-follicular (diffuse) lymphoma, unspecified, lymph nodes of head, face, and neck"
"C83.92","4","A52479","Non-follicular (diffuse) lymphoma, unspecified, intrathoracic lymph nodes"
"C83.93","4","A52479","Non-follicular (diffuse) lymphoma, unspecified, intra-abdominal lymph nodes"
"C83.94","4","A52479","Non-follicular (diffuse) lymphoma, unspecified, lymph nodes of axilla and upper limb"
"C83.95","4","A52479","Non-follicular (diffuse) lymphoma, unspecified, lymph nodes of inguinal region and lower limb"
"C83.96","4","A52479","Non-follicular (diffuse) lymphoma, unspecified, intrapelvic lymph nodes"
"C83.97","4","A52479","Non-follicular (diffuse) lymphoma, unspecified, spleen"
"C83.98","4","A52479","Non-follicular (diffuse) lymphoma, unspecified, lymph nodes of multiple sites"
"C83.99","4","A52479","Non-follicular (diffuse) lymphoma, unspecified, extranodal and solid organ sites"
"C83.9A","4","A52479","Non-follicular (diffuse) lymphoma, unspecified, in remission"
"C84.00","4","A52479","Mycosis fungoides, unspecified site"
"C84.01","4","A52479","Mycosis fungoides, lymph nodes of head, face, and neck"
"C84.02","4","A52479","Mycosis fungoides, intrathoracic lymph nodes"
"C84.03","4","A52479","Mycosis fungoides, intra-abdominal lymph nodes"
"C84.04","4","A52479","Mycosis fungoides, lymph nodes of axilla and upper limb"
"C84.05","4","A52479","Mycosis fungoides, lymph nodes of inguinal region and lower limb"
"C84.06","4","A52479","Mycosis fungoides, intrapelvic lymph nodes"
"C84.07","4","A52479","Mycosis fungoides, spleen"
"C84.08","4","A52479","Mycosis fungoides, lymph nodes of multiple sites"
"C84.09","4","A52479","Mycosis fungoides, extranodal and solid organ sites"
"C84.0A","4","A52479","Mycosis fungoides, in remission"
"C84.10","4","A52479","Sezary disease, unspecified site"
"C84.11","4","A52479","Sezary disease, lymph nodes of head, face, and neck"
"C84.12","4","A52479","Sezary disease, intrathoracic lymph nodes"
"C84.13","4","A52479","Sezary disease, intra-abdominal lymph nodes"
"C84.14","4","A52479","Sezary disease, lymph nodes of axilla and upper limb"
"C84.15","4","A52479","Sezary disease, lymph nodes of inguinal region and lower limb"
"C84.16","4","A52479","Sezary disease, intrapelvic lymph nodes"
"C84.17","4","A52479","Sezary disease, spleen"
"C84.18","4","A52479","Sezary disease, lymph nodes of multiple sites"
"C84.19","4","A52479","Sezary disease, extranodal and solid organ sites"
"C84.1A","4","A52479","Sezary disease, in remission"
"C84.40","4","A52479","Peripheral T-cell lymphoma, not elsewhere classified, unspecified site"
"C84.41","4","A52479","Peripheral T-cell lymphoma, not elsewhere classified, lymph nodes of head, face, and neck"
"C84.42","4","A52479","Peripheral T-cell lymphoma, not elsewhere classified, intrathoracic lymph nodes"
"C84.43","4","A52479","Peripheral T-cell lymphoma, not elsewhere classified, intra-abdominal lymph nodes"
"C84.44","4","A52479","Peripheral T-cell lymphoma, not elsewhere classified, lymph nodes of axilla and upper limb"
"C84.45","4","A52479","Peripheral T-cell lymphoma, not elsewhere classified, lymph nodes of inguinal region and lower limb"
"C84.46","4","A52479","Peripheral T-cell lymphoma, not elsewhere classified, intrapelvic lymph nodes"
"C84.47","4","A52479","Peripheral T-cell lymphoma, not elsewhere classified, spleen"
"C84.48","4","A52479","Peripheral T-cell lymphoma, not elsewhere classified, lymph nodes of multiple sites"
"C84.49","4","A52479","Peripheral T-cell lymphoma, not elsewhere classified, extranodal and solid organ sites"
"C84.4A","4","A52479","Peripheral T-cell lymphoma, not elsewhere classified, in remission"
"C84.60","4","A52479","Anaplastic large cell lymphoma, ALK-positive, unspecified site"
"C84.61","4","A52479","Anaplastic large cell lymphoma, ALK-positive, lymph nodes of head, face, and neck"
"C84.62","4","A52479","Anaplastic large cell lymphoma, ALK-positive, intrathoracic lymph nodes"
"C84.63","4","A52479","Anaplastic large cell lymphoma, ALK-positive, intra-abdominal lymph nodes"
"C84.64","4","A52479","Anaplastic large cell lymphoma, ALK-positive, lymph nodes of axilla and upper limb"
"C84.65","4","A52479","Anaplastic large cell lymphoma, ALK-positive, lymph nodes of inguinal region and lower limb"
"C84.66","4","A52479","Anaplastic large cell lymphoma, ALK-positive, intrapelvic lymph nodes"
"C84.67","4","A52479","Anaplastic large cell lymphoma, ALK-positive, spleen"
"C84.68","4","A52479","Anaplastic large cell lymphoma, ALK-positive, lymph nodes of multiple sites"
"C84.69","4","A52479","Anaplastic large cell lymphoma, ALK-positive, extranodal and solid organ sites"
"C84.6A","4","A52479","Anaplastic large cell lymphoma, ALK-positive, in remission"
"C84.70","4","A52479","Anaplastic large cell lymphoma, ALK-negative, unspecified site"
"C84.71","4","A52479","Anaplastic large cell lymphoma, ALK-negative, lymph nodes of head, face, and neck"
"C84.72","4","A52479","Anaplastic large cell lymphoma, ALK-negative, intrathoracic lymph nodes"
"C84.73","4","A52479","Anaplastic large cell lymphoma, ALK-negative, intra-abdominal lymph nodes"
"C84.74","4","A52479","Anaplastic large cell lymphoma, ALK-negative, lymph nodes of axilla and upper limb"
"C84.75","4","A52479","Anaplastic large cell lymphoma, ALK-negative, lymph nodes of inguinal region and lower limb"
"C84.76","4","A52479","Anaplastic large cell lymphoma, ALK-negative, intrapelvic lymph nodes"
"C84.77","4","A52479","Anaplastic large cell lymphoma, ALK-negative, spleen"
"C84.78","4","A52479","Anaplastic large cell lymphoma, ALK-negative, lymph nodes of multiple sites"
"C84.79","4","A52479","Anaplastic large cell lymphoma, ALK-negative, extranodal and solid organ sites"
"C84.7A","4","A52479","Anaplastic large cell lymphoma, ALK-negative, breast"
"C84.7B","4","A52479","Anaplastic large cell lymphoma, ALK-negative, in remission"
"C84.A0","4","A52479","Cutaneous T-cell lymphoma, unspecified, unspecified site"
"C84.A1","4","A52479","Cutaneous T-cell lymphoma, unspecified lymph nodes of head, face, and neck"
"C84.A2","4","A52479","Cutaneous T-cell lymphoma, unspecified, intrathoracic lymph nodes"
"C84.A3","4","A52479","Cutaneous T-cell lymphoma, unspecified, intra-abdominal lymph nodes"
"C84.A4","4","A52479","Cutaneous T-cell lymphoma, unspecified, lymph nodes of axilla and upper limb"
"C84.A5","4","A52479","Cutaneous T-cell lymphoma, unspecified, lymph nodes of inguinal region and lower limb"
"C84.A6","4","A52479","Cutaneous T-cell lymphoma, unspecified, intrapelvic lymph nodes"
"C84.A7","4","A52479","Cutaneous T-cell lymphoma, unspecified, spleen"
"C84.A8","4","A52479","Cutaneous T-cell lymphoma, unspecified, lymph nodes of multiple sites"
"C84.A9","4","A52479","Cutaneous T-cell lymphoma, unspecified, extranodal and solid organ sites"
"C84.AA","4","A52479","Cutaneous T-cell lymphoma, unspecified, in remission"
"C84.Z0","4","A52479","Other mature T/NK-cell lymphomas, unspecified site"
"C84.Z1","4","A52479","Other mature T/NK-cell lymphomas, lymph nodes of head, face, and neck"
"C84.Z2","4","A52479","Other mature T/NK-cell lymphomas, intrathoracic lymph nodes"
"C84.Z3","4","A52479","Other mature T/NK-cell lymphomas, intra-abdominal lymph nodes"
"C84.Z4","4","A52479","Other mature T/NK-cell lymphomas, lymph nodes of axilla and upper limb"
"C84.Z5","4","A52479","Other mature T/NK-cell lymphomas, lymph nodes of inguinal region and lower limb"
"C84.Z6","4","A52479","Other mature T/NK-cell lymphomas, intrapelvic lymph nodes"
"C84.Z7","4","A52479","Other mature T/NK-cell lymphomas, spleen"
"C84.Z8","4","A52479","Other mature T/NK-cell lymphomas, lymph nodes of multiple sites"
"C84.Z9","4","A52479","Other mature T/NK-cell lymphomas, extranodal and solid organ sites"
"C84.ZA","4","A52479","Other mature T/NK-cell lymphomas, in remission"
"C84.90","4","A52479","Mature T/NK-cell lymphomas, unspecified, unspecified site"
"C84.91","4","A52479","Mature T/NK-cell lymphomas, unspecified, lymph nodes of head, face, and neck"
"C84.92","4","A52479","Mature T/NK-cell lymphomas, unspecified, intrathoracic lymph nodes"
"C84.93","4","A52479","Mature T/NK-cell lymphomas, unspecified, intra-abdominal lymph nodes"
"C84.94","4","A52479","Mature T/NK-cell lymphomas, unspecified, lymph nodes of axilla and upper limb"
"C84.95","4","A52479","Mature T/NK-cell lymphomas, unspecified, lymph nodes of inguinal region and lower limb"
"C84.96","4","A52479","Mature T/NK-cell lymphomas, unspecified, intrapelvic lymph nodes"
"C84.97","4","A52479","Mature T/NK-cell lymphomas, unspecified, spleen"
"C84.98","4","A52479","Mature T/NK-cell lymphomas, unspecified, lymph nodes of multiple sites"
"C84.99","4","A52479","Mature T/NK-cell lymphomas, unspecified, extranodal and solid organ sites"
"C84.9A","4","A52479","Mature T/NK-cell lymphomas, unspecified, in remission"
"C85.10","4","A52479","Unspecified B-cell lymphoma, unspecified site"
"C85.11","4","A52479","Unspecified B-cell lymphoma, lymph nodes of head, face, and neck"
"C85.12","4","A52479","Unspecified B-cell lymphoma, intrathoracic lymph nodes"
"C85.13","4","A52479","Unspecified B-cell lymphoma, intra-abdominal lymph nodes"
"C85.14","4","A52479","Unspecified B-cell lymphoma, lymph nodes of axilla and upper limb"
"C85.15","4","A52479","Unspecified B-cell lymphoma, lymph nodes of inguinal region and lower limb"
"C85.16","4","A52479","Unspecified B-cell lymphoma, intrapelvic lymph nodes"
"C85.17","4","A52479","Unspecified B-cell lymphoma, spleen"
"C85.18","4","A52479","Unspecified B-cell lymphoma, lymph nodes of multiple sites"
"C85.19","4","A52479","Unspecified B-cell lymphoma, extranodal and solid organ sites"
"C85.1A","4","A52479","Unspecified B-cell lymphoma, in remission"
"C85.20","4","A52479","Mediastinal (thymic) large B-cell lymphoma, unspecified site"
"C85.21","4","A52479","Mediastinal (thymic) large B-cell lymphoma, lymph nodes of head, face, and neck"
"C85.22","4","A52479","Mediastinal (thymic) large B-cell lymphoma, intrathoracic lymph nodes"
"C85.23","4","A52479","Mediastinal (thymic) large B-cell lymphoma, intra-abdominal lymph nodes"
"C85.24","4","A52479","Mediastinal (thymic) large B-cell lymphoma, lymph nodes of axilla and upper limb"
"C85.25","4","A52479","Mediastinal (thymic) large B-cell lymphoma, lymph nodes of inguinal region and lower limb"
"C85.26","4","A52479","Mediastinal (thymic) large B-cell lymphoma, intrapelvic lymph nodes"
"C85.27","4","A52479","Mediastinal (thymic) large B-cell lymphoma, spleen"
"C85.28","4","A52479","Mediastinal (thymic) large B-cell lymphoma, lymph nodes of multiple sites"
"C85.29","4","A52479","Mediastinal (thymic) large B-cell lymphoma, extranodal and solid organ sites"
"C85.2A","4","A52479","Mediastinal (thymic) large B-cell lymphoma, in remission"
"C85.80","4","A52479","Other specified types of non-Hodgkin lymphoma, unspecified site"
"C85.81","4","A52479","Other specified types of non-Hodgkin lymphoma, lymph nodes of head, face, and neck"
"C85.82","4","A52479","Other specified types of non-Hodgkin lymphoma, intrathoracic lymph nodes"
"C85.83","4","A52479","Other specified types of non-Hodgkin lymphoma, intra-abdominal lymph nodes"
"C85.84","4","A52479","Other specified types of non-Hodgkin lymphoma, lymph nodes of axilla and upper limb"
"C85.85","4","A52479","Other specified types of non-Hodgkin lymphoma, lymph nodes of inguinal region and lower limb"
"C85.86","4","A52479","Other specified types of non-Hodgkin lymphoma, intrapelvic lymph nodes"
"C85.87","4","A52479","Other specified types of non-Hodgkin lymphoma, spleen"
"C85.88","4","A52479","Other specified types of non-Hodgkin lymphoma, lymph nodes of multiple sites"
"C85.89","4","A52479","Other specified types of non-Hodgkin lymphoma, extranodal and solid organ sites"
"C85.8A","4","A52479","Other specified types of non-Hodgkin lymphoma, in remission"
"C85.90","4","A52479","Non-Hodgkin lymphoma, unspecified, unspecified site"
"C85.91","4","A52479","Non-Hodgkin lymphoma, unspecified, lymph nodes of head, face, and neck"
"C85.92","4","A52479","Non-Hodgkin lymphoma, unspecified, intrathoracic lymph nodes"
"C85.93","4","A52479","Non-Hodgkin lymphoma, unspecified, intra-abdominal lymph nodes"
"C85.94","4","A52479","Non-Hodgkin lymphoma, unspecified, lymph nodes of axilla and upper limb"
"C85.95","4","A52479","Non-Hodgkin lymphoma, unspecified, lymph nodes of inguinal region and lower limb"
"C85.96","4","A52479","Non-Hodgkin lymphoma, unspecified, intrapelvic lymph nodes"
"C85.97","4","A52479","Non-Hodgkin lymphoma, unspecified, spleen"
"C85.98","4","A52479","Non-Hodgkin lymphoma, unspecified, lymph nodes of multiple sites"
"C85.99","4","A52479","Non-Hodgkin lymphoma, unspecified, extranodal and solid organ sites"
"C85.9A","4","A52479","Non-Hodgkin lymphoma, unspecified, in remission"
"C86.00","4","A52479","Extranodal NK/T-cell lymphoma, nasal type not having achieved remission"
"C86.01","4","A52479","Extranodal NK/T-cell lymphoma, nasal type, in remission"
"C86.10","4","A52479","Hepatosplenic T-cell lymphoma not having achieved remission"
"C86.11","4","A52479","Hepatosplenic T-cell lymphoma, in remission"
"C86.20","4","A52479","Enteropathy-type (intestinal) T-cell lymphoma not having achieved remission"
"C86.21","4","A52479","Enteropathy-type (intestinal) T-cell lymphoma, in remission"
"C86.30","4","A52479","Subcutaneous panniculitis-like T-cell lymphoma not having achieved remission"
"C86.31","4","A52479","Subcutaneous panniculitis-like T-cell lymphoma, in remission"
"C86.40","4","A52479","Blastic NK-cell lymphoma not having achieved remission"
"C86.41","4","A52479","Blastic NK-cell lymphoma, in remission"
"C86.50","4","A52479","Angioimmunoblastic T-cell lymphoma not having achieved remission"
"C86.51","4","A52479","Angioimmunoblastic T-cell lymphoma, in remission"
"C86.60","4","A52479","Primary cutaneous CD30-positive T-cell proliferations not having achieved remission"
"C86.61","4","A52479","Primary cutaneous CD30-positive T-cell proliferations, in remission"
"C88.20","4","A52479","Heavy chain disease not having achieved remission"
"C88.21","4","A52479","Heavy chain disease, in remission"
"C88.30","4","A52479","Immunoproliferative small intestinal disease not having achieved remission"
"C88.31","4","A52479","Immunoproliferative small intestinal disease, in remission"
"C88.40","4","A52479","Extranodal marginal zone B-cell lymphoma of mucosa-associated lymphoid tissue (MALT-lymphoma) not having achieved remission"
"C88.41","4","A52479","Extranodal marginal zone B-cell lymphoma of mucosa-associated lymphoid tissue (MALT-lymphoma), in remission"
"C88.80","4","A52479","Other malignant immunoproliferative diseases not having achieved remission"
"C88.81","4","A52479","Other malignant immunoproliferative diseases, in remission"
"C88.90","4","A52479","Malignant immunoproliferative disease, unspecified not having achieved remission"
"C88.91","4","A52479","Malignant immunoproliferative disease, unspecified, in remission"
"C90.00","4","A52479","Multiple myeloma not having achieved remission"
"C90.01","4","A52479","Multiple myeloma in remission"
"C90.02","4","A52479","Multiple myeloma in relapse"
"C90.10","4","A52479","Plasma cell leukemia not having achieved remission"
"C90.11","4","A52479","Plasma cell leukemia in remission"
"C90.12","4","A52479","Plasma cell leukemia in relapse"
"C90.20","4","A52479","Extramedullary plasmacytoma not having achieved remission"
"C90.21","4","A52479","Extramedullary plasmacytoma in remission"
"C90.22","4","A52479","Extramedullary plasmacytoma in relapse"
"C90.30","4","A52479","Solitary plasmacytoma not having achieved remission"
"C90.31","4","A52479","Solitary plasmacytoma in remission"
"C90.32","4","A52479","Solitary plasmacytoma in relapse"
"C91.00","4","A52479","Acute lymphoblastic leukemia not having achieved remission"
"C91.01","4","A52479","Acute lymphoblastic leukemia, in remission"
"C91.02","4","A52479","Acute lymphoblastic leukemia, in relapse"
"C91.10","4","A52479","Chronic lymphocytic leukemia of B-cell type not having achieved remission"
"C91.11","4","A52479","Chronic lymphocytic leukemia of B-cell type in remission"
"C91.12","4","A52479","Chronic lymphocytic leukemia of B-cell type in relapse"
"C91.30","4","A52479","Prolymphocytic leukemia of B-cell type not having achieved remission"
"C91.31","4","A52479","Prolymphocytic leukemia of B-cell type, in remission"
"C91.32","4","A52479","Prolymphocytic leukemia of B-cell type, in relapse"
"C91.40","4","A52479","Hairy cell leukemia not having achieved remission"
"C91.41","4","A52479","Hairy cell leukemia, in remission"
"C91.42","4","A52479","Hairy cell leukemia, in relapse"
"C91.50","4","A52479","Adult T-cell lymphoma/leukemia (HTLV-1-associated) not having achieved remission"
"C91.51","4","A52479","Adult T-cell lymphoma/leukemia (HTLV-1-associated), in remission"
"C91.52","4","A52479","Adult T-cell lymphoma/leukemia (HTLV-1-associated), in relapse"
"C91.60","4","A52479","Prolymphocytic leukemia of T-cell type not having achieved remission"
"C91.61","4","A52479","Prolymphocytic leukemia of T-cell type, in remission"
"C91.62","4","A52479","Prolymphocytic leukemia of T-cell type, in relapse"
"C91.A0","4","A52479","Mature B-cell leukemia Burkitt-type not having achieved remission"
"C91.A1","4","A52479","Mature B-cell leukemia Burkitt-type, in remission"
"C91.A2","4","A52479","Mature B-cell leukemia Burkitt-type, in relapse"
"C91.Z0","4","A52479","Other lymphoid leukemia not having achieved remission"
"C91.Z1","4","A52479","Other lymphoid leukemia, in remission"
"C91.Z2","4","A52479","Other lymphoid leukemia, in relapse"
"C91.90","4","A52479","Lymphoid leukemia, unspecified not having achieved remission"
"C91.91","4","A52479","Lymphoid leukemia, unspecified, in remission"
"C91.92","4","A52479","Lymphoid leukemia, unspecified, in relapse"
"C92.00","4","A52479","Acute myeloblastic leukemia, not having achieved remission"
"C92.01","4","A52479","Acute myeloblastic leukemia, in remission"
"C92.02","4","A52479","Acute myeloblastic leukemia, in relapse"
"C92.20","4","A52479","Atypical chronic myeloid leukemia, BCR/ABL-negative, not having achieved remission"
"C92.21","4","A52479","Atypical chronic myeloid leukemia, BCR/ABL-negative, in remission"
"C92.22","4","A52479","Atypical chronic myeloid leukemia, BCR/ABL-negative, in relapse"
"C92.40","4","A52479","Acute promyelocytic leukemia, not having achieved remission"
"C92.41","4","A52479","Acute promyelocytic leukemia, in remission"
"C92.42","4","A52479","Acute promyelocytic leukemia, in relapse"
"C92.50","4","A52479","Acute myelomonocytic leukemia, not having achieved remission"
"C92.51","4","A52479","Acute myelomonocytic leukemia, in remission"
"C92.52","4","A52479","Acute myelomonocytic leukemia, in relapse"
"C92.60","4","A52479","Acute myeloid leukemia with 11q23-abnormality not having achieved remission"
"C92.61","4","A52479","Acute myeloid leukemia with 11q23-abnormality in remission"
"C92.62","4","A52479","Acute myeloid leukemia with 11q23-abnormality in relapse"
"C92.A0","4","A52479","Acute myeloid leukemia with multilineage dysplasia, not having achieved remission"
"C92.A1","4","A52479","Acute myeloid leukemia with multilineage dysplasia, in remission"
"C92.A2","4","A52479","Acute myeloid leukemia with multilineage dysplasia, in relapse"
"C93.00","4","A52479","Acute monoblastic/monocytic leukemia, not having achieved remission"
"C93.01","4","A52479","Acute monoblastic/monocytic leukemia, in remission"
"C93.02","4","A52479","Acute monoblastic/monocytic leukemia, in relapse"
"C93.90","4","A52479","Monocytic leukemia, unspecified, not having achieved remission"
"C93.91","4","A52479","Monocytic leukemia, unspecified in remission"
"C93.92","4","A52479","Monocytic leukemia, unspecified in relapse"
"C96.0","4","A52479","Multifocal and multisystemic (disseminated) Langerhans-cell histiocytosis"
"C96.4","4","A52479","Sarcoma of dendritic cells (accessory cells)"
"C96.A","4","A52479","Histiocytic sarcoma"
"C96.Z","4","A52479","Other specified malignant neoplasms of lymphoid, hematopoietic and related tissue"
"C96.9","4","A52479","Malignant neoplasm of lymphoid, hematopoietic and related tissue, unspecified"
"D15.0","4","A52479","Benign neoplasm of thymus"
"D37.1","4","A52479","Neoplasm of uncertain behavior of stomach"
"D37.2","4","A52479","Neoplasm of uncertain behavior of small intestine"
"D37.3","4","A52479","Neoplasm of uncertain behavior of appendix"
"D37.4","4","A52479","Neoplasm of uncertain behavior of colon"
"D37.5","4","A52479","Neoplasm of uncertain behavior of rectum"
"D37.8","4","A52479","Neoplasm of uncertain behavior of other specified digestive organs"
"D37.9","4","A52479","Neoplasm of uncertain behavior of digestive organ, unspecified"
"D39.2","4","A52479","Neoplasm of uncertain behavior of placenta"
"D43.0","4","A52479","Neoplasm of uncertain behavior of brain, supratentorial"
"D43.1","4","A52479","Neoplasm of uncertain behavior of brain, infratentorial"
"D43.2","4","A52479","Neoplasm of uncertain behavior of brain, unspecified"
"D43.4","4","A52479","Neoplasm of uncertain behavior of spinal cord"
"D47.Z1","4","A52479","Post-transplant lymphoproliferative disorder (PTLD)"
"D47.Z9","4","A52479","Other specified neoplasms of uncertain behavior of lymphoid, hematopoietic and related tissue"
"D49.511","4","A52479","Neoplasm of unspecified behavior of right kidney"
"D49.512","4","A52479","Neoplasm of unspecified behavior of left kidney"
"D49.519","4","A52479","Neoplasm of unspecified behavior of unspecified kidney"
"D49.59","4","A52479","Neoplasm of unspecified behavior of other genitourinary organ"
"G73.1","4","A52479","Lambert-Eaton syndrome in neoplastic disease"
"Z48.290","4","A52479","Encounter for aftercare following bone marrow transplant"
"Z85.00","4","A52479","Personal history of malignant neoplasm of unspecified digestive organ"
"Z85.01","4","A52479","Personal history of malignant neoplasm of esophagus"
"Z85.020","4","A52479","Personal history of malignant carcinoid tumor of stomach"
"Z85.028","4","A52479","Personal history of other malignant neoplasm of stomach"
"Z85.030","4","A52479","Personal history of malignant carcinoid tumor of large intestine"
"Z85.040","4","A52479","Personal history of malignant carcinoid tumor of rectum"
"Z85.05","4","A52479","Personal history of malignant neoplasm of liver"
"Z85.060","4","A52479","Personal history of malignant carcinoid tumor of small intestine"
"Z85.110","4","A52479","Personal history of malignant carcinoid tumor of bronchus and lung"
"Z85.118","4","A52479","Personal history of other malignant neoplasm of bronchus and lung"
"Z85.230","4","A52479","Personal history of malignant carcinoid tumor of thymus"
"Z85.3","4","A52479","Personal history of malignant neoplasm of breast"
"Z85.40","4","A52479","Personal history of malignant neoplasm of unspecified female genital organ"
"Z85.41","4","A52479","Personal history of malignant neoplasm of cervix uteri"
"Z85.42","4","A52479","Personal history of malignant neoplasm of other parts of uterus"
"Z85.43","4","A52479","Personal history of malignant neoplasm of ovary"
"Z85.44","4","A52479","Personal history of malignant neoplasm of other female genital organs"
"Z85.46","4","A52479","Personal history of malignant neoplasm of prostate"
"Z85.47","4","A52479","Personal history of malignant neoplasm of testis"
"Z85.4A","4","A52479","Personal history of malignant neoplasm of fallopian tube(s)"
"Z85.51","4","A52479","Personal history of malignant neoplasm of bladder"
"Z85.520","4","A52479","Personal history of malignant carcinoid tumor of kidney"
"Z85.528","4","A52479","Personal history of other malignant neoplasm of kidney"
"Z85.53","4","A52479","Personal history of malignant neoplasm of renal pelvis"
"Z85.6","4","A52479","Personal history of leukemia"
"Z85.71","4","A52479","Personal history of Hodgkin lymphoma"
"Z85.72","4","A52479","Personal history of non-Hodgkin lymphomas"
"Z85.79","4","A52479","Personal history of other malignant neoplasms of lymphoid, hematopoietic and related tissues"
"Z85.821","4","A52479","Personal history of Merkel cell carcinoma"
"Z85.830","4","A52479","Personal history of malignant neoplasm of bone"
"Z85.831","4","A52479","Personal history of malignant neoplasm of soft tissue"
"Z85.840","4","A52479","Personal history of malignant neoplasm of eye"
"Z85.841","4","A52479","Personal history of malignant neoplasm of brain"
"Z85.850","4","A52479","Personal history of malignant neoplasm of thyroid"
"Z85.858","4","A52479","Personal history of malignant neoplasm of other endocrine glands"
"Z85.89","4","A52479","Personal history of malignant neoplasm of other organs and systems"
"Z94.81","4","A52479","Bone marrow transplant status"
"C15.3","5","A52479","Malignant neoplasm of upper third of esophagus"
"C15.4","5","A52479","Malignant neoplasm of middle third of esophagus"
"C15.5","5","A52479","Malignant neoplasm of lower third of esophagus"
"C15.8","5","A52479","Malignant neoplasm of overlapping sites of esophagus"
"C15.9","5","A52479","Malignant neoplasm of esophagus, unspecified"
"C16.0","5","A52479","Malignant neoplasm of cardia"
"C16.1","5","A52479","Malignant neoplasm of fundus of stomach"
"C16.2","5","A52479","Malignant neoplasm of body of stomach"
"C16.3","5","A52479","Malignant neoplasm of pyloric antrum"
"C16.4","5","A52479","Malignant neoplasm of pylorus"
"C16.5","5","A52479","Malignant neoplasm of lesser curvature of stomach, unspecified"
"C16.6","5","A52479","Malignant neoplasm of greater curvature of stomach, unspecified"
"C16.8","5","A52479","Malignant neoplasm of overlapping sites of stomach"
"C16.9","5","A52479","Malignant neoplasm of stomach, unspecified"
"C17.0","5","A52479","Malignant neoplasm of duodenum"
"C17.1","5","A52479","Malignant neoplasm of jejunum"
"C17.2","5","A52479","Malignant neoplasm of ileum"
"C17.3","5","A52479","Meckel's diverticulum, malignant"
"C17.8","5","A52479","Malignant neoplasm of overlapping sites of small intestine"
"C17.9","5","A52479","Malignant neoplasm of small intestine, unspecified"
"C18.0","5","A52479","Malignant neoplasm of cecum"
"C18.1","5","A52479","Malignant neoplasm of appendix"
"C18.2","5","A52479","Malignant neoplasm of ascending colon"
"C18.3","5","A52479","Malignant neoplasm of hepatic flexure"
"C18.4","5","A52479","Malignant neoplasm of transverse colon"
"C18.5","5","A52479","Malignant neoplasm of splenic flexure"
"C18.6","5","A52479","Malignant neoplasm of descending colon"
"C18.7","5","A52479","Malignant neoplasm of sigmoid colon"
"C18.8","5","A52479","Malignant neoplasm of overlapping sites of colon"
"C18.9","5","A52479","Malignant neoplasm of colon, unspecified"
"C19","5","A52479","Malignant neoplasm of rectosigmoid junction"
"C20","5","A52479","Malignant neoplasm of rectum"
"C21.0","5","A52479","Malignant neoplasm of anus, unspecified"
"C21.1","5","A52479","Malignant neoplasm of anal canal"
"C21.2","5","A52479","Malignant neoplasm of cloacogenic zone"
"C21.8","5","A52479","Malignant neoplasm of overlapping sites of rectum, anus and anal canal"
"C22.0","5","A52479","Liver cell carcinoma"
"C22.1","5","A52479","Intrahepatic bile duct carcinoma"
"C22.2","5","A52479","Hepatoblastoma"
"C22.3","5","A52479","Angiosarcoma of liver"
"C22.4","5","A52479","Other sarcomas of liver"
"C22.7","5","A52479","Other specified carcinomas of liver"
"C22.8","5","A52479","Malignant neoplasm of liver, primary, unspecified as to type"
"C22.9","5","A52479","Malignant neoplasm of liver, not specified as primary or secondary"
"C23","5","A52479","Malignant neoplasm of gallbladder"
"C24.0","5","A52479","Malignant neoplasm of extrahepatic bile duct"
"C24.1","5","A52479","Malignant neoplasm of ampulla of Vater"
"C24.8","5","A52479","Malignant neoplasm of overlapping sites of biliary tract"
"C24.9","5","A52479","Malignant neoplasm of biliary tract, unspecified"
"C25.0","5","A52479","Malignant neoplasm of head of pancreas"
"C25.1","5","A52479","Malignant neoplasm of body of pancreas"
"C25.2","5","A52479","Malignant neoplasm of tail of pancreas"
"C25.3","5","A52479","Malignant neoplasm of pancreatic duct"
"C25.4","5","A52479","Malignant neoplasm of endocrine pancreas"
"C25.7","5","A52479","Malignant neoplasm of other parts of pancreas"
"C25.8","5","A52479","Malignant neoplasm of overlapping sites of pancreas"
"C25.9","5","A52479","Malignant neoplasm of pancreas, unspecified"
"C26.0","5","A52479","Malignant neoplasm of intestinal tract, part unspecified"
"C26.1","5","A52479","Malignant neoplasm of spleen"
"C26.9","5","A52479","Malignant neoplasm of ill-defined sites within the digestive system"
"C40.00","5","A52479","Malignant neoplasm of scapula and long bones of unspecified upper limb"
"C40.01","5","A52479","Malignant neoplasm of scapula and long bones of right upper limb"
"C40.02","5","A52479","Malignant neoplasm of scapula and long bones of left upper limb"
"C40.10","5","A52479","Malignant neoplasm of short bones of unspecified upper limb"
"C40.11","5","A52479","Malignant neoplasm of short bones of right upper limb"
"C40.12","5","A52479","Malignant neoplasm of short bones of left upper limb"
"C40.20","5","A52479","Malignant neoplasm of long bones of unspecified lower limb"
"C40.21","5","A52479","Malignant neoplasm of long bones of right lower limb"
"C40.22","5","A52479","Malignant neoplasm of long bones of left lower limb"
"C40.30","5","A52479","Malignant neoplasm of short bones of unspecified lower limb"
"C40.31","5","A52479","Malignant neoplasm of short bones of right lower limb"
"C40.32","5","A52479","Malignant neoplasm of short bones of left lower limb"
"C40.80","5","A52479","Malignant neoplasm of overlapping sites of bone and articular cartilage of unspecified limb"
"C40.81","5","A52479","Malignant neoplasm of overlapping sites of bone and articular cartilage of right limb"
"C40.82","5","A52479","Malignant neoplasm of overlapping sites of bone and articular cartilage of left limb"
"C40.90","5","A52479","Malignant neoplasm of unspecified bones and articular cartilage of unspecified limb"
"C40.91","5","A52479","Malignant neoplasm of unspecified bones and articular cartilage of right limb"
"C40.92","5","A52479","Malignant neoplasm of unspecified bones and articular cartilage of left limb"
"C41.0","5","A52479","Malignant neoplasm of bones of skull and face"
"C41.1","5","A52479","Malignant neoplasm of mandible"
"C41.2","5","A52479","Malignant neoplasm of vertebral column"
"C41.3","5","A52479","Malignant neoplasm of ribs, sternum and clavicle"
"C41.4","5","A52479","Malignant neoplasm of pelvic bones, sacrum and coccyx"
"C41.9","5","A52479","Malignant neoplasm of bone and articular cartilage, unspecified"
"C43.0","5","A52479","Malignant melanoma of lip"
"C43.10","5","A52479","Malignant melanoma of unspecified eyelid, including canthus"
"C43.111","5","A52479","Malignant melanoma of right upper eyelid, including canthus"
"C43.112","5","A52479","Malignant melanoma of right lower eyelid, including canthus"
"C43.121","5","A52479","Malignant melanoma of left upper eyelid, including canthus"
"C43.122","5","A52479","Malignant melanoma of left lower eyelid, including canthus"
"C43.20","5","A52479","Malignant melanoma of unspecified ear and external auricular canal"
"C43.21","5","A52479","Malignant melanoma of right ear and external auricular canal"
"C43.22","5","A52479","Malignant melanoma of left ear and external auricular canal"
"C43.30","5","A52479","Malignant melanoma of unspecified part of face"
"C43.31","5","A52479","Malignant melanoma of nose"
"C43.39","5","A52479","Malignant melanoma of other parts of face"
"C43.4","5","A52479","Malignant melanoma of scalp and neck"
"C43.51","5","A52479","Malignant melanoma of anal skin"
"C43.52","5","A52479","Malignant melanoma of skin of breast"
"C43.59","5","A52479","Malignant melanoma of other part of trunk"
"C43.60","5","A52479","Malignant melanoma of unspecified upper limb, including shoulder"
"C43.61","5","A52479","Malignant melanoma of right upper limb, including shoulder"
"C43.62","5","A52479","Malignant melanoma of left upper limb, including shoulder"
"C43.70","5","A52479","Malignant melanoma of unspecified lower limb, including hip"
"C43.71","5","A52479","Malignant melanoma of right lower limb, including hip"
"C43.72","5","A52479","Malignant melanoma of left lower limb, including hip"
"C43.8","5","A52479","Malignant melanoma of overlapping sites of skin"
"C43.9","5","A52479","Malignant melanoma of skin, unspecified"
"C45.1","5","A52479","Mesothelioma of peritoneum"
"C45.9","5","A52479","Mesothelioma, unspecified"
"C47.0","5","A52479","Malignant neoplasm of peripheral nerves of head, face and neck"
"C47.10","5","A52479","Malignant neoplasm of peripheral nerves of unspecified upper limb, including shoulder"
"C47.11","5","A52479","Malignant neoplasm of peripheral nerves of right upper limb, including shoulder"
"C47.12","5","A52479","Malignant neoplasm of peripheral nerves of left upper limb, including shoulder"
"C47.20","5","A52479","Malignant neoplasm of peripheral nerves of unspecified lower limb, including hip"
"C47.21","5","A52479","Malignant neoplasm of peripheral nerves of right lower limb, including hip"
"C47.22","5","A52479","Malignant neoplasm of peripheral nerves of left lower limb, including hip"
"C47.3","5","A52479","Malignant neoplasm of peripheral nerves of thorax"
"C47.4","5","A52479","Malignant neoplasm of peripheral nerves of abdomen"
"C47.5","5","A52479","Malignant neoplasm of peripheral nerves of pelvis"
"C47.6","5","A52479","Malignant neoplasm of peripheral nerves of trunk, unspecified"
"C47.8","5","A52479","Malignant neoplasm of overlapping sites of peripheral nerves and autonomic nervous system"
"C47.9","5","A52479","Malignant neoplasm of peripheral nerves and autonomic nervous system, unspecified"
"C48.0","5","A52479","Malignant neoplasm of retroperitoneum"
"C48.1","5","A52479","Malignant neoplasm of specified parts of peritoneum"
"C48.2","5","A52479","Malignant neoplasm of peritoneum, unspecified"
"C48.8","5","A52479","Malignant neoplasm of overlapping sites of retroperitoneum and peritoneum"
"C49.0","5","A52479","Malignant neoplasm of connective and soft tissue of head, face and neck"
"C49.10","5","A52479","Malignant neoplasm of connective and soft tissue of unspecified upper limb, including shoulder"
"C49.11","5","A52479","Malignant neoplasm of connective and soft tissue of right upper limb, including shoulder"
"C49.12","5","A52479","Malignant neoplasm of connective and soft tissue of left upper limb, including shoulder"
"C49.20","5","A52479","Malignant neoplasm of connective and soft tissue of unspecified lower limb, including hip"
"C49.21","5","A52479","Malignant neoplasm of connective and soft tissue of right lower limb, including hip"
"C49.22","5","A52479","Malignant neoplasm of connective and soft tissue of left lower limb, including hip"
"C49.3","5","A52479","Malignant neoplasm of connective and soft tissue of thorax"
"C49.4","5","A52479","Malignant neoplasm of connective and soft tissue of abdomen"
"C49.5","5","A52479","Malignant neoplasm of connective and soft tissue of pelvis"
"C49.6","5","A52479","Malignant neoplasm of connective and soft tissue of trunk, unspecified"
"C49.8","5","A52479","Malignant neoplasm of overlapping sites of connective and soft tissue"
"C49.9","5","A52479","Malignant neoplasm of connective and soft tissue, unspecified"
"C50.011","5","A52479","Malignant neoplasm of nipple and areola, right female breast"
"C50.012","5","A52479","Malignant neoplasm of nipple and areola, left female breast"
"C50.019","5","A52479","Malignant neoplasm of nipple and areola, unspecified female breast"
"C50.021","5","A52479","Malignant neoplasm of nipple and areola, right male breast"
"C50.022","5","A52479","Malignant neoplasm of nipple and areola, left male breast"
"C50.029","5","A52479","Malignant neoplasm of nipple and areola, unspecified male breast"
"C50.111","5","A52479","Malignant neoplasm of central portion of right female breast"
"C50.112","5","A52479","Malignant neoplasm of central portion of left female breast"
"C50.119","5","A52479","Malignant neoplasm of central portion of unspecified female breast"
"C50.121","5","A52479","Malignant neoplasm of central portion of right male breast"
"C50.122","5","A52479","Malignant neoplasm of central portion of left male breast"
"C50.129","5","A52479","Malignant neoplasm of central portion of unspecified male breast"
"C50.211","5","A52479","Malignant neoplasm of upper-inner quadrant of right female breast"
"C50.212","5","A52479","Malignant neoplasm of upper-inner quadrant of left female breast"
"C50.219","5","A52479","Malignant neoplasm of upper-inner quadrant of unspecified female breast"
"C50.221","5","A52479","Malignant neoplasm of upper-inner quadrant of right male breast"
"C50.222","5","A52479","Malignant neoplasm of upper-inner quadrant of left male breast"
"C50.229","5","A52479","Malignant neoplasm of upper-inner quadrant of unspecified male breast"
"C50.311","5","A52479","Malignant neoplasm of lower-inner quadrant of right female breast"
"C50.312","5","A52479","Malignant neoplasm of lower-inner quadrant of left female breast"
"C50.319","5","A52479","Malignant neoplasm of lower-inner quadrant of unspecified female breast"
"C50.321","5","A52479","Malignant neoplasm of lower-inner quadrant of right male breast"
"C50.322","5","A52479","Malignant neoplasm of lower-inner quadrant of left male breast"
"C50.329","5","A52479","Malignant neoplasm of lower-inner quadrant of unspecified male breast"
"C50.411","5","A52479","Malignant neoplasm of upper-outer quadrant of right female breast"
"C50.412","5","A52479","Malignant neoplasm of upper-outer quadrant of left female breast"
"C50.419","5","A52479","Malignant neoplasm of upper-outer quadrant of unspecified female breast"
"C50.421","5","A52479","Malignant neoplasm of upper-outer quadrant of right male breast"
"C50.422","5","A52479","Malignant neoplasm of upper-outer quadrant of left male breast"
"C50.429","5","A52479","Malignant neoplasm of upper-outer quadrant of unspecified male breast"
"C50.511","5","A52479","Malignant neoplasm of lower-outer quadrant of right female breast"
"C50.512","5","A52479","Malignant neoplasm of lower-outer quadrant of left female breast"
"C50.519","5","A52479","Malignant neoplasm of lower-outer quadrant of unspecified female breast"
"C50.521","5","A52479","Malignant neoplasm of lower-outer quadrant of right male breast"
"C50.522","5","A52479","Malignant neoplasm of lower-outer quadrant of left male breast"
"C50.529","5","A52479","Malignant neoplasm of lower-outer quadrant of unspecified male breast"
"C50.611","5","A52479","Malignant neoplasm of axillary tail of right female breast"
"C50.612","5","A52479","Malignant neoplasm of axillary tail of left female breast"
"C50.619","5","A52479","Malignant neoplasm of axillary tail of unspecified female breast"
"C50.621","5","A52479","Malignant neoplasm of axillary tail of right male breast"
"C50.622","5","A52479","Malignant neoplasm of axillary tail of left male breast"
"C50.629","5","A52479","Malignant neoplasm of axillary tail of unspecified male breast"
"C50.811","5","A52479","Malignant neoplasm of overlapping sites of right female breast"
"C50.812","5","A52479","Malignant neoplasm of overlapping sites of left female breast"
"C50.819","5","A52479","Malignant neoplasm of overlapping sites of unspecified female breast"
"C50.821","5","A52479","Malignant neoplasm of overlapping sites of right male breast"
"C50.822","5","A52479","Malignant neoplasm of overlapping sites of left male breast"
"C50.829","5","A52479","Malignant neoplasm of overlapping sites of unspecified male breast"
"C50.911","5","A52479","Malignant neoplasm of unspecified site of right female breast"
"C50.912","5","A52479","Malignant neoplasm of unspecified site of left female breast"
"C50.919","5","A52479","Malignant neoplasm of unspecified site of unspecified female breast"
"C50.921","5","A52479","Malignant neoplasm of unspecified site of right male breast"
"C50.922","5","A52479","Malignant neoplasm of unspecified site of left male breast"
"C50.929","5","A52479","Malignant neoplasm of unspecified site of unspecified male breast"
"C50.A0","5","A52479","Malignant inflammatory neoplasm of unspecified breast"
"C50.A1","5","A52479","Malignant inflammatory neoplasm of right breast"
"C50.A2","5","A52479","Malignant inflammatory neoplasm of left breast"
"C54.0","5","A52479","Malignant neoplasm of isthmus uteri"
"C54.1","5","A52479","Malignant neoplasm of endometrium"
"C54.2","5","A52479","Malignant neoplasm of myometrium"
"C54.3","5","A52479","Malignant neoplasm of fundus uteri"
"C54.8","5","A52479","Malignant neoplasm of overlapping sites of corpus uteri"
"C54.9","5","A52479","Malignant neoplasm of corpus uteri, unspecified"
"C56.1","5","A52479","Malignant neoplasm of right ovary"
"C56.2","5","A52479","Malignant neoplasm of left ovary"
"C56.3","5","A52479","Malignant neoplasm of bilateral ovaries"
"C56.9","5","A52479","Malignant neoplasm of unspecified ovary"
"C57.00","5","A52479","Malignant neoplasm of unspecified fallopian tube"
"C57.01","5","A52479","Malignant neoplasm of right fallopian tube"
"C57.02","5","A52479","Malignant neoplasm of left fallopian tube"
"C57.10","5","A52479","Malignant neoplasm of unspecified broad ligament"
"C57.11","5","A52479","Malignant neoplasm of right broad ligament"
"C57.12","5","A52479","Malignant neoplasm of left broad ligament"
"C57.20","5","A52479","Malignant neoplasm of unspecified round ligament"
"C57.21","5","A52479","Malignant neoplasm of right round ligament"
"C57.22","5","A52479","Malignant neoplasm of left round ligament"
"C57.3","5","A52479","Malignant neoplasm of parametrium"
"C57.4","5","A52479","Malignant neoplasm of uterine adnexa, unspecified"
"C61","5","A52479","Malignant neoplasm of prostate"
"C62.00","5","A52479","Malignant neoplasm of unspecified undescended testis"
"C62.01","5","A52479","Malignant neoplasm of undescended right testis"
"C62.02","5","A52479","Malignant neoplasm of undescended left testis"
"C62.10","5","A52479","Malignant neoplasm of unspecified descended testis"
"C62.11","5","A52479","Malignant neoplasm of descended right testis"
"C62.12","5","A52479","Malignant neoplasm of descended left testis"
"C62.90","5","A52479","Malignant neoplasm of unspecified testis, unspecified whether descended or undescended"
"C62.91","5","A52479","Malignant neoplasm of right testis, unspecified whether descended or undescended"
"C62.92","5","A52479","Malignant neoplasm of left testis, unspecified whether descended or undescended"
"C79.51","5","A52479","Secondary malignant neoplasm of bone"
"C79.52","5","A52479","Secondary malignant neoplasm of bone marrow"
"C79.63","5","A52479","Secondary malignant neoplasm of bilateral ovaries"
"C80.0","5","A52479","Disseminated malignant neoplasm, unspecified"
"C81.00","5","A52479","Nodular lymphocyte predominant Hodgkin lymphoma, unspecified site"
"C81.01","5","A52479","Nodular lymphocyte predominant Hodgkin lymphoma, lymph nodes of head, face, and neck"
"C81.02","5","A52479","Nodular lymphocyte predominant Hodgkin lymphoma, intrathoracic lymph nodes"
"C81.03","5","A52479","Nodular lymphocyte predominant Hodgkin lymphoma, intra-abdominal lymph nodes"
"C81.04","5","A52479","Nodular lymphocyte predominant Hodgkin lymphoma, lymph nodes of axilla and upper limb"
"C81.05","5","A52479","Nodular lymphocyte predominant Hodgkin lymphoma, lymph nodes of inguinal region and lower limb"
"C81.06","5","A52479","Nodular lymphocyte predominant Hodgkin lymphoma, intrapelvic lymph nodes"
"C81.07","5","A52479","Nodular lymphocyte predominant Hodgkin lymphoma, spleen"
"C81.08","5","A52479","Nodular lymphocyte predominant Hodgkin lymphoma, lymph nodes of multiple sites"
"C81.09","5","A52479","Nodular lymphocyte predominant Hodgkin lymphoma, extranodal and solid organ sites"
"C81.0A","5","A52479","Nodular lymphocyte predominant Hodgkin lymphoma, in remission"
"C81.10","5","A52479","Nodular sclerosis Hodgkin lymphoma, unspecified site"
"C81.11","5","A52479","Nodular sclerosis Hodgkin lymphoma, lymph nodes of head, face, and neck"
"C81.12","5","A52479","Nodular sclerosis Hodgkin lymphoma, intrathoracic lymph nodes"
"C81.13","5","A52479","Nodular sclerosis Hodgkin lymphoma, intra-abdominal lymph nodes"
"C81.14","5","A52479","Nodular sclerosis Hodgkin lymphoma, lymph nodes of axilla and upper limb"
"C81.15","5","A52479","Nodular sclerosis Hodgkin lymphoma, lymph nodes of inguinal region and lower limb"
"C81.16","5","A52479","Nodular sclerosis Hodgkin lymphoma, intrapelvic lymph nodes"
"C81.17","5","A52479","Nodular sclerosis Hodgkin lymphoma, spleen"
"C81.18","5","A52479","Nodular sclerosis Hodgkin lymphoma, lymph nodes of multiple sites"
"C81.19","5","A52479","Nodular sclerosis Hodgkin lymphoma, extranodal and solid organ sites"
"C81.1A","5","A52479","Nodular sclerosis Hodgkin lymphoma, in remission"
"C81.20","5","A52479","Mixed cellularity Hodgkin lymphoma, unspecified site"
"C81.21","5","A52479","Mixed cellularity Hodgkin lymphoma, lymph nodes of head, face, and neck"
"C81.22","5","A52479","Mixed cellularity Hodgkin lymphoma, intrathoracic lymph nodes"
"C81.23","5","A52479","Mixed cellularity Hodgkin lymphoma, intra-abdominal lymph nodes"
"C81.24","5","A52479","Mixed cellularity Hodgkin lymphoma, lymph nodes of axilla and upper limb"
"C81.25","5","A52479","Mixed cellularity Hodgkin lymphoma, lymph nodes of inguinal region and lower limb"
"C81.26","5","A52479","Mixed cellularity Hodgkin lymphoma, intrapelvic lymph nodes"
"C81.27","5","A52479","Mixed cellularity Hodgkin lymphoma, spleen"
"C81.28","5","A52479","Mixed cellularity Hodgkin lymphoma, lymph nodes of multiple sites"
"C81.29","5","A52479","Mixed cellularity Hodgkin lymphoma, extranodal and solid organ sites"
"C81.2A","5","A52479","Mixed cellularity Hodgkin lymphoma, in remission"
"C81.30","5","A52479","Lymphocyte depleted Hodgkin lymphoma, unspecified site"
"C81.31","5","A52479","Lymphocyte depleted Hodgkin lymphoma, lymph nodes of head, face, and neck"
"C81.32","5","A52479","Lymphocyte depleted Hodgkin lymphoma, intrathoracic lymph nodes"
"C81.33","5","A52479","Lymphocyte depleted Hodgkin lymphoma, intra-abdominal lymph nodes"
"C81.34","5","A52479","Lymphocyte depleted Hodgkin lymphoma, lymph nodes of axilla and upper limb"
"C81.35","5","A52479","Lymphocyte depleted Hodgkin lymphoma, lymph nodes of inguinal region and lower limb"
"C81.36","5","A52479","Lymphocyte depleted Hodgkin lymphoma, intrapelvic lymph nodes"
"C81.37","5","A52479","Lymphocyte depleted Hodgkin lymphoma, spleen"
"C81.38","5","A52479","Lymphocyte depleted Hodgkin lymphoma, lymph nodes of multiple sites"
"C81.39","5","A52479","Lymphocyte depleted Hodgkin lymphoma, extranodal and solid organ sites"
"C81.3A","5","A52479","Lymphocyte depleted Hodgkin lymphoma, in remission"
"C81.40","5","A52479","Lymphocyte-rich Hodgkin lymphoma, unspecified site"
"C81.41","5","A52479","Lymphocyte-rich Hodgkin lymphoma, lymph nodes of head, face, and neck"
"C81.42","5","A52479","Lymphocyte-rich Hodgkin lymphoma, intrathoracic lymph nodes"
"C81.43","5","A52479","Lymphocyte-rich Hodgkin lymphoma, intra-abdominal lymph nodes"
"C81.44","5","A52479","Lymphocyte-rich Hodgkin lymphoma, lymph nodes of axilla and upper limb"
"C81.45","5","A52479","Lymphocyte-rich Hodgkin lymphoma, lymph nodes of inguinal region and lower limb"
"C81.46","5","A52479","Lymphocyte-rich Hodgkin lymphoma, intrapelvic lymph nodes"
"C81.47","5","A52479","Lymphocyte-rich Hodgkin lymphoma, spleen"
"C81.48","5","A52479","Lymphocyte-rich Hodgkin lymphoma, lymph nodes of multiple sites"
"C81.49","5","A52479","Lymphocyte-rich Hodgkin lymphoma, extranodal and solid organ sites"
"C81.4A","5","A52479","Lymphocyte-rich Hodgkin lymphoma, in remission"
"C81.70","5","A52479","Other Hodgkin lymphoma, unspecified site"
"C81.71","5","A52479","Other Hodgkin lymphoma, lymph nodes of head, face, and neck"
"C81.72","5","A52479","Other Hodgkin lymphoma, intrathoracic lymph nodes"
"C81.73","5","A52479","Other Hodgkin lymphoma, intra-abdominal lymph nodes"
"C81.74","5","A52479","Other Hodgkin lymphoma, lymph nodes of axilla and upper limb"
"C81.75","5","A52479","Other Hodgkin lymphoma, lymph nodes of inguinal region and lower limb"
"C81.76","5","A52479","Other Hodgkin lymphoma, intrapelvic lymph nodes"
"C81.77","5","A52479","Other Hodgkin lymphoma, spleen"
"C81.78","5","A52479","Other Hodgkin lymphoma, lymph nodes of multiple sites"
"C81.79","5","A52479","Other Hodgkin lymphoma, extranodal and solid organ sites"
"C81.7A","5","A52479","Other Hodgkin lymphoma, in remission"
"C81.90","5","A52479","Hodgkin lymphoma, unspecified, unspecified site"
"C81.91","5","A52479","Hodgkin lymphoma, unspecified, lymph nodes of head, face, and neck"
"C81.92","5","A52479","Hodgkin lymphoma, unspecified, intrathoracic lymph nodes"
"C81.93","5","A52479","Hodgkin lymphoma, unspecified, intra-abdominal lymph nodes"
"C81.94","5","A52479","Hodgkin lymphoma, unspecified, lymph nodes of axilla and upper limb"
"C81.95","5","A52479","Hodgkin lymphoma, unspecified, lymph nodes of inguinal region and lower limb"
"C81.96","5","A52479","Hodgkin lymphoma, unspecified, intrapelvic lymph nodes"
"C81.97","5","A52479","Hodgkin lymphoma, unspecified, spleen"
"C81.98","5","A52479","Hodgkin lymphoma, unspecified, lymph nodes of multiple sites"
"C81.99","5","A52479","Hodgkin lymphoma, unspecified, extranodal and solid organ sites"
"C81.9A","5","A52479","Hodgkin lymphoma, unspecified, in remission"
"C88.00","5","A52479","Waldenstrom macroglobulinemia not having achieved remission"
"C88.01","5","A52479","Waldenstrom macroglobulinemia, in remission"
"C88.20","5","A52479","Heavy chain disease not having achieved remission"
"C88.21","5","A52479","Heavy chain disease, in remission"
"C88.30","5","A52479","Immunoproliferative small intestinal disease not having achieved remission"
"C88.31","5","A52479","Immunoproliferative small intestinal disease, in remission"
"C88.80","5","A52479","Other malignant immunoproliferative diseases not having achieved remission"
"C88.81","5","A52479","Other malignant immunoproliferative diseases, in remission"
"C88.90","5","A52479","Malignant immunoproliferative disease, unspecified not having achieved remission"
"C88.91","5","A52479","Malignant immunoproliferative disease, unspecified, in remission"
"C90.00","5","A52479","Multiple myeloma not having achieved remission"
"C90.01","5","A52479","Multiple myeloma in remission"
"C90.02","5","A52479","Multiple myeloma in relapse"
"C90.10","5","A52479","Plasma cell leukemia not having achieved remission"
"C90.11","5","A52479","Plasma cell leukemia in remission"
"C90.12","5","A52479","Plasma cell leukemia in relapse"
"C90.20","5","A52479","Extramedullary plasmacytoma not having achieved remission"
"C90.21","5","A52479","Extramedullary plasmacytoma in remission"
"C90.22","5","A52479","Extramedullary plasmacytoma in relapse"
"C90.30","5","A52479","Solitary plasmacytoma not having achieved remission"
"C90.31","5","A52479","Solitary plasmacytoma in remission"
"C90.32","5","A52479","Solitary plasmacytoma in relapse"
"C92.10","5","A52479","Chronic myeloid leukemia, BCR/ABL-positive, not having achieved remission"
"C92.11","5","A52479","Chronic myeloid leukemia, BCR/ABL-positive, in remission"
"C92.12","5","A52479","Chronic myeloid leukemia, BCR/ABL-positive, in relapse"
"C93.10","5","A52479","Chronic myelomonocytic leukemia not having achieved remission"
"C93.11","5","A52479","Chronic myelomonocytic leukemia, in remission"
"C93.12","5","A52479","Chronic myelomonocytic leukemia, in relapse"
"D03.0","5","A52479","Melanoma in situ of lip"
"D03.10","5","A52479","Melanoma in situ of unspecified eyelid, including canthus"
"D03.111","5","A52479","Melanoma in situ of right upper eyelid, including canthus"
"D03.112","5","A52479","Melanoma in situ of right lower eyelid, including canthus"
"D03.121","5","A52479","Melanoma in situ of left upper eyelid, including canthus"
"D03.122","5","A52479","Melanoma in situ of left lower eyelid, including canthus"
"D03.20","5","A52479","Melanoma in situ of unspecified ear and external auricular canal"
"D03.21","5","A52479","Melanoma in situ of right ear and external auricular canal"
"D03.22","5","A52479","Melanoma in situ of left ear and external auricular canal"
"D03.30","5","A52479","Melanoma in situ of unspecified part of face"
"D03.39","5","A52479","Melanoma in situ of other parts of face"
"D03.4","5","A52479","Melanoma in situ of scalp and neck"
"D03.51","5","A52479","Melanoma in situ of anal skin"
"D03.52","5","A52479","Melanoma in situ of breast (skin) (soft tissue)"
"D03.59","5","A52479","Melanoma in situ of other part of trunk"
"D03.60","5","A52479","Melanoma in situ of unspecified upper limb, including shoulder"
"D03.61","5","A52479","Melanoma in situ of right upper limb, including shoulder"
"D03.62","5","A52479","Melanoma in situ of left upper limb, including shoulder"
"D03.70","5","A52479","Melanoma in situ of unspecified lower limb, including hip"
"D03.71","5","A52479","Melanoma in situ of right lower limb, including hip"
"D03.72","5","A52479","Melanoma in situ of left lower limb, including hip"
"D03.8","5","A52479","Melanoma in situ of other sites"
"D03.9","5","A52479","Melanoma in situ, unspecified"
"D47.Z9","5","A52479","Other specified neoplasms of uncertain behavior of lymphoid, hematopoietic and related tissue"
"E85.9","5","A52479","Amyloidosis, unspecified"
"Z48.290","5","A52479","Encounter for aftercare following bone marrow transplant"
"Z85.01","5","A52479","Personal history of malignant neoplasm of esophagus"
"Z85.028","5","A52479","Personal history of other malignant neoplasm of stomach"
"Z85.038","5","A52479","Personal history of other malignant neoplasm of large intestine"
"Z85.048","5","A52479","Personal history of other malignant neoplasm of rectum, rectosigmoid junction, and anus"
"Z85.05","5","A52479","Personal history of malignant neoplasm of liver"
"Z85.068","5","A52479","Personal history of other malignant neoplasm of small intestine"
"Z85.07","5","A52479","Personal history of malignant neoplasm of pancreas"
"Z85.09","5","A52479","Personal history of malignant neoplasm of other digestive organs"
"Z85.3","5","A52479","Personal history of malignant neoplasm of breast"
"Z85.42","5","A52479","Personal history of malignant neoplasm of other parts of uterus"
"Z85.43","5","A52479","Personal history of malignant neoplasm of ovary"
"Z85.46","5","A52479","Personal history of malignant neoplasm of prostate"
"Z85.47","5","A52479","Personal history of malignant neoplasm of testis"
"Z85.4A","5","A52479","Personal history of malignant neoplasm of fallopian tube(s)"
"Z85.6","5","A52479","Personal history of leukemia"
"Z85.71","5","A52479","Personal history of Hodgkin lymphoma"
"Z85.72","5","A52479","Personal history of non-Hodgkin lymphomas"
"Z85.79","5","A52479","Personal history of other malignant neoplasms of lymphoid, hematopoietic and related tissues"
"Z85.820","5","A52479","Personal history of malignant melanoma of skin"
"Z85.830","5","A52479","Personal history of malignant neoplasm of bone"
"Z94.81","5","A52479","Bone marrow transplant status"
"C00.0","6","A52479","Malignant neoplasm of external upper lip"
"C00.1","6","A52479","Malignant neoplasm of external lower lip"
"C00.2","6","A52479","Malignant neoplasm of external lip, unspecified"
"C00.3","6","A52479","Malignant neoplasm of upper lip, inner aspect"
"C00.4","6","A52479","Malignant neoplasm of lower lip, inner aspect"
"C00.5","6","A52479","Malignant neoplasm of lip, unspecified, inner aspect"
"C00.6","6","A52479","Malignant neoplasm of commissure of lip, unspecified"
"C00.8","6","A52479","Malignant neoplasm of overlapping sites of lip"
"C00.9","6","A52479","Malignant neoplasm of lip, unspecified"
"C01","6","A52479","Malignant neoplasm of base of tongue"
"C02.0","6","A52479","Malignant neoplasm of dorsal surface of tongue"
"C02.1","6","A52479","Malignant neoplasm of border of tongue"
"C02.2","6","A52479","Malignant neoplasm of ventral surface of tongue"
"C02.3","6","A52479","Malignant neoplasm of anterior two-thirds of tongue, part unspecified"
"C02.4","6","A52479","Malignant neoplasm of lingual tonsil"
"C02.8","6","A52479","Malignant neoplasm of overlapping sites of tongue"
"C02.9","6","A52479","Malignant neoplasm of tongue, unspecified"
"C03.0","6","A52479","Malignant neoplasm of upper gum"
"C03.1","6","A52479","Malignant neoplasm of lower gum"
"C03.9","6","A52479","Malignant neoplasm of gum, unspecified"
"C04.0","6","A52479","Malignant neoplasm of anterior floor of mouth"
"C04.1","6","A52479","Malignant neoplasm of lateral floor of mouth"
"C04.8","6","A52479","Malignant neoplasm of overlapping sites of floor of mouth"
"C04.9","6","A52479","Malignant neoplasm of floor of mouth, unspecified"
"C05.0","6","A52479","Malignant neoplasm of hard palate"
"C05.1","6","A52479","Malignant neoplasm of soft palate"
"C05.2","6","A52479","Malignant neoplasm of uvula"
"C05.8","6","A52479","Malignant neoplasm of overlapping sites of palate"
"C05.9","6","A52479","Malignant neoplasm of palate, unspecified"
"C06.0","6","A52479","Malignant neoplasm of cheek mucosa"
"C06.1","6","A52479","Malignant neoplasm of vestibule of mouth"
"C06.2","6","A52479","Malignant neoplasm of retromolar area"
"C06.80","6","A52479","Malignant neoplasm of overlapping sites of unspecified parts of mouth"
"C06.89","6","A52479","Malignant neoplasm of overlapping sites of other parts of mouth"
"C06.9","6","A52479","Malignant neoplasm of mouth, unspecified"
"C07","6","A52479","Malignant neoplasm of parotid gland"
"C08.0","6","A52479","Malignant neoplasm of submandibular gland"
"C08.1","6","A52479","Malignant neoplasm of sublingual gland"
"C08.9","6","A52479","Malignant neoplasm of major salivary gland, unspecified"
"C09.0","6","A52479","Malignant neoplasm of tonsillar fossa"
"C09.1","6","A52479","Malignant neoplasm of tonsillar pillar (anterior) (posterior)"
"C09.8","6","A52479","Malignant neoplasm of overlapping sites of tonsil"
"C09.9","6","A52479","Malignant neoplasm of tonsil, unspecified"
"C10.0","6","A52479","Malignant neoplasm of vallecula"
"C10.1","6","A52479","Malignant neoplasm of anterior surface of epiglottis"
"C10.2","6","A52479","Malignant neoplasm of lateral wall of oropharynx"
"C10.3","6","A52479","Malignant neoplasm of posterior wall of oropharynx"
"C10.4","6","A52479","Malignant neoplasm of branchial cleft"
"C10.8","6","A52479","Malignant neoplasm of overlapping sites of oropharynx"
"C10.9","6","A52479","Malignant neoplasm of oropharynx, unspecified"
"C11.0","6","A52479","Malignant neoplasm of superior wall of nasopharynx"
"C11.1","6","A52479","Malignant neoplasm of posterior wall of nasopharynx"
"C11.2","6","A52479","Malignant neoplasm of lateral wall of nasopharynx"
"C11.3","6","A52479","Malignant neoplasm of anterior wall of nasopharynx"
"C11.8","6","A52479","Malignant neoplasm of overlapping sites of nasopharynx"
"C11.9","6","A52479","Malignant neoplasm of nasopharynx, unspecified"
"C12","6","A52479","Malignant neoplasm of pyriform sinus"
"C13.0","6","A52479","Malignant neoplasm of postcricoid region"
"C13.1","6","A52479","Malignant neoplasm of aryepiglottic fold, hypopharyngeal aspect"
"C13.2","6","A52479","Malignant neoplasm of posterior wall of hypopharynx"
"C13.8","6","A52479","Malignant neoplasm of overlapping sites of hypopharynx"
"C13.9","6","A52479","Malignant neoplasm of hypopharynx, unspecified"
"C14.0","6","A52479","Malignant neoplasm of pharynx, unspecified"
"C14.2","6","A52479","Malignant neoplasm of Waldeyer's ring"
"C14.8","6","A52479","Malignant neoplasm of overlapping sites of lip, oral cavity and pharynx"
"C15.3","6","A52479","Malignant neoplasm of upper third of esophagus"
"C15.4","6","A52479","Malignant neoplasm of middle third of esophagus"
"C15.5","6","A52479","Malignant neoplasm of lower third of esophagus"
"C15.8","6","A52479","Malignant neoplasm of overlapping sites of esophagus"
"C15.9","6","A52479","Malignant neoplasm of esophagus, unspecified"
"C16.0","6","A52479","Malignant neoplasm of cardia"
"C16.1","6","A52479","Malignant neoplasm of fundus of stomach"
"C16.2","6","A52479","Malignant neoplasm of body of stomach"
"C16.3","6","A52479","Malignant neoplasm of pyloric antrum"
"C16.4","6","A52479","Malignant neoplasm of pylorus"
"C16.5","6","A52479","Malignant neoplasm of lesser curvature of stomach, unspecified"
"C16.6","6","A52479","Malignant neoplasm of greater curvature of stomach, unspecified"
"C16.8","6","A52479","Malignant neoplasm of overlapping sites of stomach"
"C16.9","6","A52479","Malignant neoplasm of stomach, unspecified"
"C18.0","6","A52479","Malignant neoplasm of cecum"
"C18.1","6","A52479","Malignant neoplasm of appendix"
"C18.2","6","A52479","Malignant neoplasm of ascending colon"
"C18.3","6","A52479","Malignant neoplasm of hepatic flexure"
"C18.4","6","A52479","Malignant neoplasm of transverse colon"
"C18.5","6","A52479","Malignant neoplasm of splenic flexure"
"C18.6","6","A52479","Malignant neoplasm of descending colon"
"C18.7","6","A52479","Malignant neoplasm of sigmoid colon"
"C18.8","6","A52479","Malignant neoplasm of overlapping sites of colon"
"C18.9","6","A52479","Malignant neoplasm of colon, unspecified"
"C19","6","A52479","Malignant neoplasm of rectosigmoid junction"
"C20","6","A52479","Malignant neoplasm of rectum"
"C21.0","6","A52479","Malignant neoplasm of anus, unspecified"
"C21.1","6","A52479","Malignant neoplasm of anal canal"
"C21.2","6","A52479","Malignant neoplasm of cloacogenic zone"
"C21.8","6","A52479","Malignant neoplasm of overlapping sites of rectum, anus and anal canal"
"C22.0","6","A52479","Liver cell carcinoma"
"C22.1","6","A52479","Intrahepatic bile duct carcinoma"
"C22.2","6","A52479","Hepatoblastoma"
"C22.3","6","A52479","Angiosarcoma of liver"
"C22.4","6","A52479","Other sarcomas of liver"
"C22.7","6","A52479","Other specified carcinomas of liver"
"C22.8","6","A52479","Malignant neoplasm of liver, primary, unspecified as to type"
"C22.9","6","A52479","Malignant neoplasm of liver, not specified as primary or secondary"
"C25.0","6","A52479","Malignant neoplasm of head of pancreas"
"C25.1","6","A52479","Malignant neoplasm of body of pancreas"
"C25.2","6","A52479","Malignant neoplasm of tail of pancreas"
"C25.3","6","A52479","Malignant neoplasm of pancreatic duct"
"C25.4","6","A52479","Malignant neoplasm of endocrine pancreas"
"C25.7","6","A52479","Malignant neoplasm of other parts of pancreas"
"C25.8","6","A52479","Malignant neoplasm of overlapping sites of pancreas"
"C25.9","6","A52479","Malignant neoplasm of pancreas, unspecified"
"C30.0","6","A52479","Malignant neoplasm of nasal cavity"
"C30.1","6","A52479","Malignant neoplasm of middle ear"
"C31.0","6","A52479","Malignant neoplasm of maxillary sinus"
"C31.1","6","A52479","Malignant neoplasm of ethmoidal sinus"
"C31.2","6","A52479","Malignant neoplasm of frontal sinus"
"C31.3","6","A52479","Malignant neoplasm of sphenoid sinus"
"C31.8","6","A52479","Malignant neoplasm of overlapping sites of accessory sinuses"
"C31.9","6","A52479","Malignant neoplasm of accessory sinus, unspecified"
"C32.0","6","A52479","Malignant neoplasm of glottis"
"C32.1","6","A52479","Malignant neoplasm of supraglottis"
"C32.2","6","A52479","Malignant neoplasm of subglottis"
"C32.3","6","A52479","Malignant neoplasm of laryngeal cartilage"
"C32.8","6","A52479","Malignant neoplasm of overlapping sites of larynx"
"C32.9","6","A52479","Malignant neoplasm of larynx, unspecified"
"C33","6","A52479","Malignant neoplasm of trachea"
"C34.00","6","A52479","Malignant neoplasm of unspecified main bronchus"
"C34.01","6","A52479","Malignant neoplasm of right main bronchus"
"C34.02","6","A52479","Malignant neoplasm of left main bronchus"
"C34.10","6","A52479","Malignant neoplasm of upper lobe, unspecified bronchus or lung"
"C34.11","6","A52479","Malignant neoplasm of upper lobe, right bronchus or lung"
"C34.12","6","A52479","Malignant neoplasm of upper lobe, left bronchus or lung"
"C34.2","6","A52479","Malignant neoplasm of middle lobe, bronchus or lung"
"C34.30","6","A52479","Malignant neoplasm of lower lobe, unspecified bronchus or lung"
"C34.31","6","A52479","Malignant neoplasm of lower lobe, right bronchus or lung"
"C34.32","6","A52479","Malignant neoplasm of lower lobe, left bronchus or lung"
"C34.80","6","A52479","Malignant neoplasm of overlapping sites of unspecified bronchus and lung"
"C34.81","6","A52479","Malignant neoplasm of overlapping sites of right bronchus and lung"
"C34.82","6","A52479","Malignant neoplasm of overlapping sites of left bronchus and lung"
"C34.90","6","A52479","Malignant neoplasm of unspecified part of unspecified bronchus or lung"
"C34.91","6","A52479","Malignant neoplasm of unspecified part of right bronchus or lung"
"C34.92","6","A52479","Malignant neoplasm of unspecified part of left bronchus or lung"
"C38.0","6","A52479","Malignant neoplasm of heart"
"C38.1","6","A52479","Malignant neoplasm of anterior mediastinum"
"C38.2","6","A52479","Malignant neoplasm of posterior mediastinum"
"C38.3","6","A52479","Malignant neoplasm of mediastinum, part unspecified"
"C38.4","6","A52479","Malignant neoplasm of pleura"
"C38.8","6","A52479","Malignant neoplasm of overlapping sites of heart, mediastinum and pleura"
"C39.9","6","A52479","Malignant neoplasm of lower respiratory tract, part unspecified"
"C40.00","6","A52479","Malignant neoplasm of scapula and long bones of unspecified upper limb"
"C40.01","6","A52479","Malignant neoplasm of scapula and long bones of right upper limb"
"C40.02","6","A52479","Malignant neoplasm of scapula and long bones of left upper limb"
"C40.10","6","A52479","Malignant neoplasm of short bones of unspecified upper limb"
"C40.11","6","A52479","Malignant neoplasm of short bones of right upper limb"
"C40.12","6","A52479","Malignant neoplasm of short bones of left upper limb"
"C40.20","6","A52479","Malignant neoplasm of long bones of unspecified lower limb"
"C40.21","6","A52479","Malignant neoplasm of long bones of right lower limb"
"C40.22","6","A52479","Malignant neoplasm of long bones of left lower limb"
"C40.30","6","A52479","Malignant neoplasm of short bones of unspecified lower limb"
"C40.31","6","A52479","Malignant neoplasm of short bones of right lower limb"
"C40.32","6","A52479","Malignant neoplasm of short bones of left lower limb"
"C40.80","6","A52479","Malignant neoplasm of overlapping sites of bone and articular cartilage of unspecified limb"
"C40.81","6","A52479","Malignant neoplasm of overlapping sites of bone and articular cartilage of right limb"
"C40.82","6","A52479","Malignant neoplasm of overlapping sites of bone and articular cartilage of left limb"
"C40.90","6","A52479","Malignant neoplasm of unspecified bones and articular cartilage of unspecified limb"
"C40.91","6","A52479","Malignant neoplasm of unspecified bones and articular cartilage of right limb"
"C40.92","6","A52479","Malignant neoplasm of unspecified bones and articular cartilage of left limb"
"C41.0","6","A52479","Malignant neoplasm of bones of skull and face"
"C41.1","6","A52479","Malignant neoplasm of mandible"
"C41.2","6","A52479","Malignant neoplasm of vertebral column"
"C41.3","6","A52479","Malignant neoplasm of ribs, sternum and clavicle"
"C41.4","6","A52479","Malignant neoplasm of pelvic bones, sacrum and coccyx"
"C41.9","6","A52479","Malignant neoplasm of bone and articular cartilage, unspecified"
"C44.00","6","A52479","Unspecified malignant neoplasm of skin of lip"
"C44.01","6","A52479","Basal cell carcinoma of skin of lip"
"C44.02","6","A52479","Squamous cell carcinoma of skin of lip"
"C44.09","6","A52479","Other specified malignant neoplasm of skin of lip"
"C45.0","6","A52479","Mesothelioma of pleura"
"C45.1","6","A52479","Mesothelioma of peritoneum"
"C45.2","6","A52479","Mesothelioma of pericardium"
"C47.0","6","A52479","Malignant neoplasm of peripheral nerves of head, face and neck"
"C47.10","6","A52479","Malignant neoplasm of peripheral nerves of unspecified upper limb, including shoulder"
"C47.11","6","A52479","Malignant neoplasm of peripheral nerves of right upper limb, including shoulder"
"C47.12","6","A52479","Malignant neoplasm of peripheral nerves of left upper limb, including shoulder"
"C47.20","6","A52479","Malignant neoplasm of peripheral nerves of unspecified lower limb, including hip"
"C47.21","6","A52479","Malignant neoplasm of peripheral nerves of right lower limb, including hip"
"C47.22","6","A52479","Malignant neoplasm of peripheral nerves of left lower limb, including hip"
"C47.3","6","A52479","Malignant neoplasm of peripheral nerves of thorax"
"C47.4","6","A52479","Malignant neoplasm of peripheral nerves of abdomen"
"C47.5","6","A52479","Malignant neoplasm of peripheral nerves of pelvis"
"C47.6","6","A52479","Malignant neoplasm of peripheral nerves of trunk, unspecified"
"C47.8","6","A52479","Malignant neoplasm of overlapping sites of peripheral nerves and autonomic nervous system"
"C47.9","6","A52479","Malignant neoplasm of peripheral nerves and autonomic nervous system, unspecified"
"C48.1","6","A52479","Malignant neoplasm of specified parts of peritoneum"
"C48.2","6","A52479","Malignant neoplasm of peritoneum, unspecified"
"C48.8","6","A52479","Malignant neoplasm of overlapping sites of retroperitoneum and peritoneum"
"C49.0","6","A52479","Malignant neoplasm of connective and soft tissue of head, face and neck"
"C49.10","6","A52479","Malignant neoplasm of connective and soft tissue of unspecified upper limb, including shoulder"
"C49.11","6","A52479","Malignant neoplasm of connective and soft tissue of right upper limb, including shoulder"
"C49.12","6","A52479","Malignant neoplasm of connective and soft tissue of left upper limb, including shoulder"
"C49.20","6","A52479","Malignant neoplasm of connective and soft tissue of unspecified lower limb, including hip"
"C49.21","6","A52479","Malignant neoplasm of connective and soft tissue of right lower limb, including hip"
"C49.22","6","A52479","Malignant neoplasm of connective and soft tissue of left lower limb, including hip"
"C49.3","6","A52479","Malignant neoplasm of connective and soft tissue of thorax"
"C49.4","6","A52479","Malignant neoplasm of connective and soft tissue of abdomen"
"C49.5","6","A52479","Malignant neoplasm of connective and soft tissue of pelvis"
"C49.6","6","A52479","Malignant neoplasm of connective and soft tissue of trunk, unspecified"
"C49.8","6","A52479","Malignant neoplasm of overlapping sites of connective and soft tissue"
"C49.9","6","A52479","Malignant neoplasm of connective and soft tissue, unspecified"
"C50.011","6","A52479","Malignant neoplasm of nipple and areola, right female breast"
"C50.012","6","A52479","Malignant neoplasm of nipple and areola, left female breast"
"C50.019","6","A52479","Malignant neoplasm of nipple and areola, unspecified female breast"
"C50.021","6","A52479","Malignant neoplasm of nipple and areola, right male breast"
"C50.022","6","A52479","Malignant neoplasm of nipple and areola, left male breast"
"C50.029","6","A52479","Malignant neoplasm of nipple and areola, unspecified male breast"
"C50.111","6","A52479","Malignant neoplasm of central portion of right female breast"
"C50.112","6","A52479","Malignant neoplasm of central portion of left female breast"
"C50.119","6","A52479","Malignant neoplasm of central portion of unspecified female breast"
"C50.121","6","A52479","Malignant neoplasm of central portion of right male breast"
"C50.122","6","A52479","Malignant neoplasm of central portion of left male breast"
"C50.129","6","A52479","Malignant neoplasm of central portion of unspecified male breast"
"C50.211","6","A52479","Malignant neoplasm of upper-inner quadrant of right female breast"
"C50.212","6","A52479","Malignant neoplasm of upper-inner quadrant of left female breast"
"C50.219","6","A52479","Malignant neoplasm of upper-inner quadrant of unspecified female breast"
"C50.221","6","A52479","Malignant neoplasm of upper-inner quadrant of right male breast"
"C50.222","6","A52479","Malignant neoplasm of upper-inner quadrant of left male breast"
"C50.229","6","A52479","Malignant neoplasm of upper-inner quadrant of unspecified male breast"
"C50.311","6","A52479","Malignant neoplasm of lower-inner quadrant of right female breast"
"C50.312","6","A52479","Malignant neoplasm of lower-inner quadrant of left female breast"
"C50.319","6","A52479","Malignant neoplasm of lower-inner quadrant of unspecified female breast"
"C50.321","6","A52479","Malignant neoplasm of lower-inner quadrant of right male breast"
"C50.322","6","A52479","Malignant neoplasm of lower-inner quadrant of left male breast"
"C50.329","6","A52479","Malignant neoplasm of lower-inner quadrant of unspecified male breast"
"C50.411","6","A52479","Malignant neoplasm of upper-outer quadrant of right female breast"
"C50.412","6","A52479","Malignant neoplasm of upper-outer quadrant of left female breast"
"C50.419","6","A52479","Malignant neoplasm of upper-outer quadrant of unspecified female breast"
"C50.421","6","A52479","Malignant neoplasm of upper-outer quadrant of right male breast"
"C50.422","6","A52479","Malignant neoplasm of upper-outer quadrant of left male breast"
"C50.429","6","A52479","Malignant neoplasm of upper-outer quadrant of unspecified male breast"
"C50.511","6","A52479","Malignant neoplasm of lower-outer quadrant of right female breast"
"C50.512","6","A52479","Malignant neoplasm of lower-outer quadrant of left female breast"
"C50.519","6","A52479","Malignant neoplasm of lower-outer quadrant of unspecified female breast"
"C50.521","6","A52479","Malignant neoplasm of lower-outer quadrant of right male breast"
"C50.522","6","A52479","Malignant neoplasm of lower-outer quadrant of left male breast"
"C50.529","6","A52479","Malignant neoplasm of lower-outer quadrant of unspecified male breast"
"C50.611","6","A52479","Malignant neoplasm of axillary tail of right female breast"
"C50.612","6","A52479","Malignant neoplasm of axillary tail of left female breast"
"C50.619","6","A52479","Malignant neoplasm of axillary tail of unspecified female breast"
"C50.621","6","A52479","Malignant neoplasm of axillary tail of right male breast"
"C50.622","6","A52479","Malignant neoplasm of axillary tail of left male breast"
"C50.629","6","A52479","Malignant neoplasm of axillary tail of unspecified male breast"
"C50.811","6","A52479","Malignant neoplasm of overlapping sites of right female breast"
"C50.812","6","A52479","Malignant neoplasm of overlapping sites of left female breast"
"C50.819","6","A52479","Malignant neoplasm of overlapping sites of unspecified female breast"
"C50.821","6","A52479","Malignant neoplasm of overlapping sites of right male breast"
"C50.822","6","A52479","Malignant neoplasm of overlapping sites of left male breast"
"C50.829","6","A52479","Malignant neoplasm of overlapping sites of unspecified male breast"
"C50.911","6","A52479","Malignant neoplasm of unspecified site of right female breast"
"C50.912","6","A52479","Malignant neoplasm of unspecified site of left female breast"
"C50.919","6","A52479","Malignant neoplasm of unspecified site of unspecified female breast"
"C50.921","6","A52479","Malignant neoplasm of unspecified site of right male breast"
"C50.922","6","A52479","Malignant neoplasm of unspecified site of left male breast"
"C50.929","6","A52479","Malignant neoplasm of unspecified site of unspecified male breast"
"C50.A0","6","A52479","Malignant inflammatory neoplasm of unspecified breast"
"C50.A1","6","A52479","Malignant inflammatory neoplasm of right breast"
"C50.A2","6","A52479","Malignant inflammatory neoplasm of left breast"
"C53.0","6","A52479","Malignant neoplasm of endocervix"
"C53.1","6","A52479","Malignant neoplasm of exocervix"
"C53.8","6","A52479","Malignant neoplasm of overlapping sites of cervix uteri"
"C53.9","6","A52479","Malignant neoplasm of cervix uteri, unspecified"
"C56.1","6","A52479","Malignant neoplasm of right ovary"
"C56.2","6","A52479","Malignant neoplasm of left ovary"
"C56.3","6","A52479","Malignant neoplasm of bilateral ovaries"
"C56.9","6","A52479","Malignant neoplasm of unspecified ovary"
"C57.00","6","A52479","Malignant neoplasm of unspecified fallopian tube"
"C57.01","6","A52479","Malignant neoplasm of right fallopian tube"
"C57.02","6","A52479","Malignant neoplasm of left fallopian tube"
"C57.10","6","A52479","Malignant neoplasm of unspecified broad ligament"
"C57.11","6","A52479","Malignant neoplasm of right broad ligament"
"C57.12","6","A52479","Malignant neoplasm of left broad ligament"
"C57.20","6","A52479","Malignant neoplasm of unspecified round ligament"
"C57.21","6","A52479","Malignant neoplasm of right round ligament"
"C57.22","6","A52479","Malignant neoplasm of left round ligament"
"C57.3","6","A52479","Malignant neoplasm of parametrium"
"C57.4","6","A52479","Malignant neoplasm of uterine adnexa, unspecified"
"C58","6","A52479","Malignant neoplasm of placenta"
"C60.0","6","A52479","Malignant neoplasm of prepuce"
"C60.1","6","A52479","Malignant neoplasm of glans penis"
"C60.2","6","A52479","Malignant neoplasm of body of penis"
"C60.8","6","A52479","Malignant neoplasm of overlapping sites of penis"
"C60.9","6","A52479","Malignant neoplasm of penis, unspecified"
"C61","6","A52479","Malignant neoplasm of prostate"
"C62.00","6","A52479","Malignant neoplasm of unspecified undescended testis"
"C62.01","6","A52479","Malignant neoplasm of undescended right testis"
"C62.02","6","A52479","Malignant neoplasm of undescended left testis"
"C62.10","6","A52479","Malignant neoplasm of unspecified descended testis"
"C62.11","6","A52479","Malignant neoplasm of descended right testis"
"C62.12","6","A52479","Malignant neoplasm of descended left testis"
"C62.90","6","A52479","Malignant neoplasm of unspecified testis, unspecified whether descended or undescended"
"C62.91","6","A52479","Malignant neoplasm of right testis, unspecified whether descended or undescended"
"C62.92","6","A52479","Malignant neoplasm of left testis, unspecified whether descended or undescended"
"C63.7","6","A52479","Malignant neoplasm of other specified male genital organs"
"C63.8","6","A52479","Malignant neoplasm of overlapping sites of male genital organs"
"C63.9","6","A52479","Malignant neoplasm of male genital organ, unspecified"
"C65.1","6","A52479","Malignant neoplasm of right renal pelvis"
"C65.2","6","A52479","Malignant neoplasm of left renal pelvis"
"C65.9","6","A52479","Malignant neoplasm of unspecified renal pelvis"
"C66.1","6","A52479","Malignant neoplasm of right ureter"
"C66.2","6","A52479","Malignant neoplasm of left ureter"
"C66.9","6","A52479","Malignant neoplasm of unspecified ureter"
"C67.0","6","A52479","Malignant neoplasm of trigone of bladder"
"C67.1","6","A52479","Malignant neoplasm of dome of bladder"
"C67.2","6","A52479","Malignant neoplasm of lateral wall of bladder"
"C67.3","6","A52479","Malignant neoplasm of anterior wall of bladder"
"C67.4","6","A52479","Malignant neoplasm of posterior wall of bladder"
"C67.5","6","A52479","Malignant neoplasm of bladder neck"
"C67.6","6","A52479","Malignant neoplasm of ureteric orifice"
"C67.7","6","A52479","Malignant neoplasm of urachus"
"C67.8","6","A52479","Malignant neoplasm of overlapping sites of bladder"
"C67.9","6","A52479","Malignant neoplasm of bladder, unspecified"
"C68.0","6","A52479","Malignant neoplasm of urethra"
"C68.1","6","A52479","Malignant neoplasm of paraurethral glands"
"C68.8","6","A52479","Malignant neoplasm of overlapping sites of urinary organs"
"C69.20","6","A52479","Malignant neoplasm of unspecified retina"
"C69.21","6","A52479","Malignant neoplasm of right retina"
"C69.22","6","A52479","Malignant neoplasm of left retina"
"C69.40","6","A52479","Malignant neoplasm of unspecified ciliary body"
"C69.41","6","A52479","Malignant neoplasm of right ciliary body"
"C69.42","6","A52479","Malignant neoplasm of left ciliary body"
"C69.80","6","A52479","Malignant neoplasm of overlapping sites of unspecified eye and adnexa"
"C69.81","6","A52479","Malignant neoplasm of overlapping sites of right eye and adnexa"
"C69.82","6","A52479","Malignant neoplasm of overlapping sites of left eye and adnexa"
"C71.0","6","A52479","Malignant neoplasm of cerebrum, except lobes and ventricles"
"C71.1","6","A52479","Malignant neoplasm of frontal lobe"
"C71.2","6","A52479","Malignant neoplasm of temporal lobe"
"C71.3","6","A52479","Malignant neoplasm of parietal lobe"
"C71.4","6","A52479","Malignant neoplasm of occipital lobe"
"C71.5","6","A52479","Malignant neoplasm of cerebral ventricle"
"C71.6","6","A52479","Malignant neoplasm of cerebellum"
"C71.7","6","A52479","Malignant neoplasm of brain stem"
"C71.8","6","A52479","Malignant neoplasm of overlapping sites of brain"
"C71.9","6","A52479","Malignant neoplasm of brain, unspecified"
"C76.0","6","A52479","Malignant neoplasm of head, face and neck"
"C77.0","6","A52479","Secondary and unspecified malignant neoplasm of lymph nodes of head, face and neck"
"C79.31","6","A52479","Secondary malignant neoplasm of brain"
"C79.32","6","A52479","Secondary malignant neoplasm of cerebral meninges"
"C79.40","6","A52479","Secondary malignant neoplasm of unspecified part of nervous system"
"C79.49","6","A52479","Secondary malignant neoplasm of other parts of nervous system"
"C79.51","6","A52479","Secondary malignant neoplasm of bone"
"C79.52","6","A52479","Secondary malignant neoplasm of bone marrow"
"C79.63","6","A52479","Secondary malignant neoplasm of bilateral ovaries"
"C79.89","6","A52479","Secondary malignant neoplasm of other specified sites"
"C79.9","6","A52479","Secondary malignant neoplasm of unspecified site"
"C81.00","6","A52479","Nodular lymphocyte predominant Hodgkin lymphoma, unspecified site"
"C81.01","6","A52479","Nodular lymphocyte predominant Hodgkin lymphoma, lymph nodes of head, face, and neck"
"C81.02","6","A52479","Nodular lymphocyte predominant Hodgkin lymphoma, intrathoracic lymph nodes"
"C81.03","6","A52479","Nodular lymphocyte predominant Hodgkin lymphoma, intra-abdominal lymph nodes"
"C81.04","6","A52479","Nodular lymphocyte predominant Hodgkin lymphoma, lymph nodes of axilla and upper limb"
"C81.05","6","A52479","Nodular lymphocyte predominant Hodgkin lymphoma, lymph nodes of inguinal region and lower limb"
"C81.06","6","A52479","Nodular lymphocyte predominant Hodgkin lymphoma, intrapelvic lymph nodes"
"C81.07","6","A52479","Nodular lymphocyte predominant Hodgkin lymphoma, spleen"
"C81.08","6","A52479","Nodular lymphocyte predominant Hodgkin lymphoma, lymph nodes of multiple sites"
"C81.09","6","A52479","Nodular lymphocyte predominant Hodgkin lymphoma, extranodal and solid organ sites"
"C81.0A","6","A52479","Nodular lymphocyte predominant Hodgkin lymphoma, in remission"
"C81.10","6","A52479","Nodular sclerosis Hodgkin lymphoma, unspecified site"
"C81.11","6","A52479","Nodular sclerosis Hodgkin lymphoma, lymph nodes of head, face, and neck"
"C81.12","6","A52479","Nodular sclerosis Hodgkin lymphoma, intrathoracic lymph nodes"
"C81.13","6","A52479","Nodular sclerosis Hodgkin lymphoma, intra-abdominal lymph nodes"
"C81.14","6","A52479","Nodular sclerosis Hodgkin lymphoma, lymph nodes of axilla and upper limb"
"C81.15","6","A52479","Nodular sclerosis Hodgkin lymphoma, lymph nodes of inguinal region and lower limb"
"C81.16","6","A52479","Nodular sclerosis Hodgkin lymphoma, intrapelvic lymph nodes"
"C81.17","6","A52479","Nodular sclerosis Hodgkin lymphoma, spleen"
"C81.18","6","A52479","Nodular sclerosis Hodgkin lymphoma, lymph nodes of multiple sites"
"C81.19","6","A52479","Nodular sclerosis Hodgkin lymphoma, extranodal and solid organ sites"
"C81.1A","6","A52479","Nodular sclerosis Hodgkin lymphoma, in remission"
"C81.20","6","A52479","Mixed cellularity Hodgkin lymphoma, unspecified site"
"C81.21","6","A52479","Mixed cellularity Hodgkin lymphoma, lymph nodes of head, face, and neck"
"C81.22","6","A52479","Mixed cellularity Hodgkin lymphoma, intrathoracic lymph nodes"
"C81.23","6","A52479","Mixed cellularity Hodgkin lymphoma, intra-abdominal lymph nodes"
"C81.24","6","A52479","Mixed cellularity Hodgkin lymphoma, lymph nodes of axilla and upper limb"
"C81.25","6","A52479","Mixed cellularity Hodgkin lymphoma, lymph nodes of inguinal region and lower limb"
"C81.26","6","A52479","Mixed cellularity Hodgkin lymphoma, intrapelvic lymph nodes"
"C81.27","6","A52479","Mixed cellularity Hodgkin lymphoma, spleen"
"C81.28","6","A52479","Mixed cellularity Hodgkin lymphoma, lymph nodes of multiple sites"
"C81.29","6","A52479","Mixed cellularity Hodgkin lymphoma, extranodal and solid organ sites"
"C81.2A","6","A52479","Mixed cellularity Hodgkin lymphoma, in remission"
"C81.30","6","A52479","Lymphocyte depleted Hodgkin lymphoma, unspecified site"
"C81.31","6","A52479","Lymphocyte depleted Hodgkin lymphoma, lymph nodes of head, face, and neck"
"C81.32","6","A52479","Lymphocyte depleted Hodgkin lymphoma, intrathoracic lymph nodes"
"C81.33","6","A52479","Lymphocyte depleted Hodgkin lymphoma, intra-abdominal lymph nodes"
"C81.34","6","A52479","Lymphocyte depleted Hodgkin lymphoma, lymph nodes of axilla and upper limb"
"C81.35","6","A52479","Lymphocyte depleted Hodgkin lymphoma, lymph nodes of inguinal region and lower limb"
"C81.36","6","A52479","Lymphocyte depleted Hodgkin lymphoma, intrapelvic lymph nodes"
"C81.37","6","A52479","Lymphocyte depleted Hodgkin lymphoma, spleen"
"C81.38","6","A52479","Lymphocyte depleted Hodgkin lymphoma, lymph nodes of multiple sites"
"C81.39","6","A52479","Lymphocyte depleted Hodgkin lymphoma, extranodal and solid organ sites"
"C81.3A","6","A52479","Lymphocyte depleted Hodgkin lymphoma, in remission"
"C81.40","6","A52479","Lymphocyte-rich Hodgkin lymphoma, unspecified site"
"C81.41","6","A52479","Lymphocyte-rich Hodgkin lymphoma, lymph nodes of head, face, and neck"
"C81.42","6","A52479","Lymphocyte-rich Hodgkin lymphoma, intrathoracic lymph nodes"
"C81.43","6","A52479","Lymphocyte-rich Hodgkin lymphoma, intra-abdominal lymph nodes"
"C81.44","6","A52479","Lymphocyte-rich Hodgkin lymphoma, lymph nodes of axilla and upper limb"
"C81.45","6","A52479","Lymphocyte-rich Hodgkin lymphoma, lymph nodes of inguinal region and lower limb"
"C81.46","6","A52479","Lymphocyte-rich Hodgkin lymphoma, intrapelvic lymph nodes"
"C81.47","6","A52479","Lymphocyte-rich Hodgkin lymphoma, spleen"
"C81.48","6","A52479","Lymphocyte-rich Hodgkin lymphoma, lymph nodes of multiple sites"
"C81.49","6","A52479","Lymphocyte-rich Hodgkin lymphoma, extranodal and solid organ sites"
"C81.4A","6","A52479","Lymphocyte-rich Hodgkin lymphoma, in remission"
"C81.70","6","A52479","Other Hodgkin lymphoma, unspecified site"
"C81.71","6","A52479","Other Hodgkin lymphoma, lymph nodes of head, face, and neck"
"C81.72","6","A52479","Other Hodgkin lymphoma, intrathoracic lymph nodes"
"C81.73","6","A52479","Other Hodgkin lymphoma, intra-abdominal lymph nodes"
"C81.74","6","A52479","Other Hodgkin lymphoma, lymph nodes of axilla and upper limb"
"C81.75","6","A52479","Other Hodgkin lymphoma, lymph nodes of inguinal region and lower limb"
"C81.76","6","A52479","Other Hodgkin lymphoma, intrapelvic lymph nodes"
"C81.77","6","A52479","Other Hodgkin lymphoma, spleen"
"C81.78","6","A52479","Other Hodgkin lymphoma, lymph nodes of multiple sites"
"C81.79","6","A52479","Other Hodgkin lymphoma, extranodal and solid organ sites"
"C81.7A","6","A52479","Other Hodgkin lymphoma, in remission"
"C81.90","6","A52479","Hodgkin lymphoma, unspecified, unspecified site"
"C81.91","6","A52479","Hodgkin lymphoma, unspecified, lymph nodes of head, face, and neck"
"C81.92","6","A52479","Hodgkin lymphoma, unspecified, intrathoracic lymph nodes"
"C81.93","6","A52479","Hodgkin lymphoma, unspecified, intra-abdominal lymph nodes"
"C81.94","6","A52479","Hodgkin lymphoma, unspecified, lymph nodes of axilla and upper limb"
"C81.95","6","A52479","Hodgkin lymphoma, unspecified, lymph nodes of inguinal region and lower limb"
"C81.96","6","A52479","Hodgkin lymphoma, unspecified, intrapelvic lymph nodes"
"C81.97","6","A52479","Hodgkin lymphoma, unspecified, spleen"
"C81.98","6","A52479","Hodgkin lymphoma, unspecified, lymph nodes of multiple sites"
"C81.99","6","A52479","Hodgkin lymphoma, unspecified, extranodal and solid organ sites"
"C81.9A","6","A52479","Hodgkin lymphoma, unspecified, in remission"
"C82.00","6","A52479","Follicular lymphoma grade I, unspecified site"
"C82.01","6","A52479","Follicular lymphoma grade I, lymph nodes of head, face, and neck"
"C82.02","6","A52479","Follicular lymphoma grade I, intrathoracic lymph nodes"
"C82.03","6","A52479","Follicular lymphoma grade I, intra-abdominal lymph nodes"
"C82.04","6","A52479","Follicular lymphoma grade I, lymph nodes of axilla and upper limb"
"C82.05","6","A52479","Follicular lymphoma grade I, lymph nodes of inguinal region and lower limb"
"C82.06","6","A52479","Follicular lymphoma grade I, intrapelvic lymph nodes"
"C82.07","6","A52479","Follicular lymphoma grade I, spleen"
"C82.08","6","A52479","Follicular lymphoma grade I, lymph nodes of multiple sites"
"C82.09","6","A52479","Follicular lymphoma grade I, extranodal and solid organ sites"
"C82.0A","6","A52479","Follicular lymphoma grade I, in remission"
"C82.10","6","A52479","Follicular lymphoma grade II, unspecified site"
"C82.11","6","A52479","Follicular lymphoma grade II, lymph nodes of head, face, and neck"
"C82.12","6","A52479","Follicular lymphoma grade II, intrathoracic lymph nodes"
"C82.13","6","A52479","Follicular lymphoma grade II, intra-abdominal lymph nodes"
"C82.14","6","A52479","Follicular lymphoma grade II, lymph nodes of axilla and upper limb"
"C82.15","6","A52479","Follicular lymphoma grade II, lymph nodes of inguinal region and lower limb"
"C82.16","6","A52479","Follicular lymphoma grade II, intrapelvic lymph nodes"
"C82.17","6","A52479","Follicular lymphoma grade II, spleen"
"C82.18","6","A52479","Follicular lymphoma grade II, lymph nodes of multiple sites"
"C82.19","6","A52479","Follicular lymphoma grade II, extranodal and solid organ sites"
"C82.1A","6","A52479","Follicular lymphoma grade II, in remission"
"C82.20","6","A52479","Follicular lymphoma grade III, unspecified, unspecified site"
"C82.21","6","A52479","Follicular lymphoma grade III, unspecified, lymph nodes of head, face, and neck"
"C82.22","6","A52479","Follicular lymphoma grade III, unspecified, intrathoracic lymph nodes"
"C82.23","6","A52479","Follicular lymphoma grade III, unspecified, intra-abdominal lymph nodes"
"C82.24","6","A52479","Follicular lymphoma grade III, unspecified, lymph nodes of axilla and upper limb"
"C82.25","6","A52479","Follicular lymphoma grade III, unspecified, lymph nodes of inguinal region and lower limb"
"C82.26","6","A52479","Follicular lymphoma grade III, unspecified, intrapelvic lymph nodes"
"C82.27","6","A52479","Follicular lymphoma grade III, unspecified, spleen"
"C82.28","6","A52479","Follicular lymphoma grade III, unspecified, lymph nodes of multiple sites"
"C82.29","6","A52479","Follicular lymphoma grade III, unspecified, extranodal and solid organ sites"
"C82.2A","6","A52479","Follicular lymphoma grade III, unspecified, in remission"
"C82.30","6","A52479","Follicular lymphoma grade IIIa, unspecified site"
"C82.31","6","A52479","Follicular lymphoma grade IIIa, lymph nodes of head, face, and neck"
"C82.32","6","A52479","Follicular lymphoma grade IIIa, intrathoracic lymph nodes"
"C82.33","6","A52479","Follicular lymphoma grade IIIa, intra-abdominal lymph nodes"
"C82.34","6","A52479","Follicular lymphoma grade IIIa, lymph nodes of axilla and upper limb"
"C82.35","6","A52479","Follicular lymphoma grade IIIa, lymph nodes of inguinal region and lower limb"
"C82.36","6","A52479","Follicular lymphoma grade IIIa, intrapelvic lymph nodes"
"C82.37","6","A52479","Follicular lymphoma grade IIIa, spleen"
"C82.38","6","A52479","Follicular lymphoma grade IIIa, lymph nodes of multiple sites"
"C82.39","6","A52479","Follicular lymphoma grade IIIa, extranodal and solid organ sites"
"C82.3A","6","A52479","Follicular lymphoma grade IIIa, in remission"
"C82.40","6","A52479","Follicular lymphoma grade IIIb, unspecified site"
"C82.41","6","A52479","Follicular lymphoma grade IIIb, lymph nodes of head, face, and neck"
"C82.42","6","A52479","Follicular lymphoma grade IIIb, intrathoracic lymph nodes"
"C82.43","6","A52479","Follicular lymphoma grade IIIb, intra-abdominal lymph nodes"
"C82.44","6","A52479","Follicular lymphoma grade IIIb, lymph nodes of axilla and upper limb"
"C82.45","6","A52479","Follicular lymphoma grade IIIb, lymph nodes of inguinal region and lower limb"
"C82.46","6","A52479","Follicular lymphoma grade IIIb, intrapelvic lymph nodes"
"C82.47","6","A52479","Follicular lymphoma grade IIIb, spleen"
"C82.48","6","A52479","Follicular lymphoma grade IIIb, lymph nodes of multiple sites"
"C82.49","6","A52479","Follicular lymphoma grade IIIb, extranodal and solid organ sites"
"C82.4A","6","A52479","Follicular lymphoma grade IIIb, in remission"
"C82.50","6","A52479","Diffuse follicle center lymphoma, unspecified site"
"C82.51","6","A52479","Diffuse follicle center lymphoma, lymph nodes of head, face, and neck"
"C82.52","6","A52479","Diffuse follicle center lymphoma, intrathoracic lymph nodes"
"C82.53","6","A52479","Diffuse follicle center lymphoma, intra-abdominal lymph nodes"
"C82.54","6","A52479","Diffuse follicle center lymphoma, lymph nodes of axilla and upper limb"
"C82.55","6","A52479","Diffuse follicle center lymphoma, lymph nodes of inguinal region and lower limb"
"C82.56","6","A52479","Diffuse follicle center lymphoma, intrapelvic lymph nodes"
"C82.57","6","A52479","Diffuse follicle center lymphoma, spleen"
"C82.58","6","A52479","Diffuse follicle center lymphoma, lymph nodes of multiple sites"
"C82.59","6","A52479","Diffuse follicle center lymphoma, extranodal and solid organ sites"
"C82.5A","6","A52479","Diffuse follicle center lymphoma, in remission"
"C82.60","6","A52479","Cutaneous follicle center lymphoma, unspecified site"
"C82.61","6","A52479","Cutaneous follicle center lymphoma, lymph nodes of head, face, and neck"
"C82.62","6","A52479","Cutaneous follicle center lymphoma, intrathoracic lymph nodes"
"C82.63","6","A52479","Cutaneous follicle center lymphoma, intra-abdominal lymph nodes"
"C82.64","6","A52479","Cutaneous follicle center lymphoma, lymph nodes of axilla and upper limb"
"C82.65","6","A52479","Cutaneous follicle center lymphoma, lymph nodes of inguinal region and lower limb"
"C82.66","6","A52479","Cutaneous follicle center lymphoma, intrapelvic lymph nodes"
"C82.67","6","A52479","Cutaneous follicle center lymphoma, spleen"
"C82.68","6","A52479","Cutaneous follicle center lymphoma, lymph nodes of multiple sites"
"C82.69","6","A52479","Cutaneous follicle center lymphoma, extranodal and solid organ sites"
"C82.6A","6","A52479","Cutaneous follicle center lymphoma, in remission"
"C82.80","6","A52479","Other types of follicular lymphoma, unspecified site"
"C82.81","6","A52479","Other types of follicular lymphoma, lymph nodes of head, face, and neck"
"C82.82","6","A52479","Other types of follicular lymphoma, intrathoracic lymph nodes"
"C82.83","6","A52479","Other types of follicular lymphoma, intra-abdominal lymph nodes"
"C82.84","6","A52479","Other types of follicular lymphoma, lymph nodes of axilla and upper limb"
"C82.85","6","A52479","Other types of follicular lymphoma, lymph nodes of inguinal region and lower limb"
"C82.86","6","A52479","Other types of follicular lymphoma, intrapelvic lymph nodes"
"C82.87","6","A52479","Other types of follicular lymphoma, spleen"
"C82.88","6","A52479","Other types of follicular lymphoma, lymph nodes of multiple sites"
"C82.89","6","A52479","Other types of follicular lymphoma, extranodal and solid organ sites"
"C82.8A","6","A52479","Other types of follicular lymphoma, in remission"
"C82.90","6","A52479","Follicular lymphoma, unspecified, unspecified site"
"C82.91","6","A52479","Follicular lymphoma, unspecified, lymph nodes of head, face, and neck"
"C82.92","6","A52479","Follicular lymphoma, unspecified, intrathoracic lymph nodes"
"C82.93","6","A52479","Follicular lymphoma, unspecified, intra-abdominal lymph nodes"
"C82.94","6","A52479","Follicular lymphoma, unspecified, lymph nodes of axilla and upper limb"
"C82.95","6","A52479","Follicular lymphoma, unspecified, lymph nodes of inguinal region and lower limb"
"C82.96","6","A52479","Follicular lymphoma, unspecified, intrapelvic lymph nodes"
"C82.97","6","A52479","Follicular lymphoma, unspecified, spleen"
"C82.98","6","A52479","Follicular lymphoma, unspecified, lymph nodes of multiple sites"
"C82.99","6","A52479","Follicular lymphoma, unspecified, extranodal and solid organ sites"
"C82.9A","6","A52479","Follicular lymphoma, unspecified, in remission"
"C83.00","6","A52479","Small cell B-cell lymphoma, unspecified site"
"C83.01","6","A52479","Small cell B-cell lymphoma, lymph nodes of head, face, and neck"
"C83.02","6","A52479","Small cell B-cell lymphoma, intrathoracic lymph nodes"
"C83.03","6","A52479","Small cell B-cell lymphoma, intra-abdominal lymph nodes"
"C83.04","6","A52479","Small cell B-cell lymphoma, lymph nodes of axilla and upper limb"
"C83.05","6","A52479","Small cell B-cell lymphoma, lymph nodes of inguinal region and lower limb"
"C83.06","6","A52479","Small cell B-cell lymphoma, intrapelvic lymph nodes"
"C83.07","6","A52479","Small cell B-cell lymphoma, spleen"
"C83.08","6","A52479","Small cell B-cell lymphoma, lymph nodes of multiple sites"
"C83.09","6","A52479","Small cell B-cell lymphoma, extranodal and solid organ sites"
"C83.0A","6","A52479","Small cell B-cell lymphoma, in remission"
"C83.10","6","A52479","Mantle cell lymphoma, unspecified site"
"C83.11","6","A52479","Mantle cell lymphoma, lymph nodes of head, face, and neck"
"C83.12","6","A52479","Mantle cell lymphoma, intrathoracic lymph nodes"
"C83.13","6","A52479","Mantle cell lymphoma, intra-abdominal lymph nodes"
"C83.14","6","A52479","Mantle cell lymphoma, lymph nodes of axilla and upper limb"
"C83.15","6","A52479","Mantle cell lymphoma, lymph nodes of inguinal region and lower limb"
"C83.16","6","A52479","Mantle cell lymphoma, intrapelvic lymph nodes"
"C83.17","6","A52479","Mantle cell lymphoma, spleen"
"C83.18","6","A52479","Mantle cell lymphoma, lymph nodes of multiple sites"
"C83.19","6","A52479","Mantle cell lymphoma, extranodal and solid organ sites"
"C83.1A","6","A52479","Mantle cell lymphoma, in remission"
"C83.30","6","A52479","Diffuse large B-cell lymphoma, unspecified site"
"C83.31","6","A52479","Diffuse large B-cell lymphoma, lymph nodes of head, face, and neck"
"C83.32","6","A52479","Diffuse large B-cell lymphoma, intrathoracic lymph nodes"
"C83.33","6","A52479","Diffuse large B-cell lymphoma, intra-abdominal lymph nodes"
"C83.34","6","A52479","Diffuse large B-cell lymphoma, lymph nodes of axilla and upper limb"
"C83.35","6","A52479","Diffuse large B-cell lymphoma, lymph nodes of inguinal region and lower limb"
"C83.36","6","A52479","Diffuse large B-cell lymphoma, intrapelvic lymph nodes"
"C83.37","6","A52479","Diffuse large B-cell lymphoma, spleen"
"C83.38","6","A52479","Diffuse large B-cell lymphoma, lymph nodes of multiple sites"
"C83.390","6","A52479","Primary central nervous system lymphoma"
"C83.398","6","A52479","Diffuse large B-cell lymphoma of other extranodal and solid organ sites"
"C83.3A","6","A52479","Diffuse large B-cell lymphoma, in remission"
"C83.50","6","A52479","Lymphoblastic (diffuse) lymphoma, unspecified site"
"C83.51","6","A52479","Lymphoblastic (diffuse) lymphoma, lymph nodes of head, face, and neck"
"C83.52","6","A52479","Lymphoblastic (diffuse) lymphoma, intrathoracic lymph nodes"
"C83.53","6","A52479","Lymphoblastic (diffuse) lymphoma, intra-abdominal lymph nodes"
"C83.54","6","A52479","Lymphoblastic (diffuse) lymphoma, lymph nodes of axilla and upper limb"
"C83.55","6","A52479","Lymphoblastic (diffuse) lymphoma, lymph nodes of inguinal region and lower limb"
"C83.56","6","A52479","Lymphoblastic (diffuse) lymphoma, intrapelvic lymph nodes"
"C83.57","6","A52479","Lymphoblastic (diffuse) lymphoma, spleen"
"C83.58","6","A52479","Lymphoblastic (diffuse) lymphoma, lymph nodes of multiple sites"
"C83.59","6","A52479","Lymphoblastic (diffuse) lymphoma, extranodal and solid organ sites"
"C83.5A","6","A52479","Lymphoblastic (diffuse) lymphoma, in remission"
"C83.70","6","A52479","Burkitt lymphoma, unspecified site"
"C83.71","6","A52479","Burkitt lymphoma, lymph nodes of head, face, and neck"
"C83.72","6","A52479","Burkitt lymphoma, intrathoracic lymph nodes"
"C83.73","6","A52479","Burkitt lymphoma, intra-abdominal lymph nodes"
"C83.74","6","A52479","Burkitt lymphoma, lymph nodes of axilla and upper limb"
"C83.75","6","A52479","Burkitt lymphoma, lymph nodes of inguinal region and lower limb"
"C83.76","6","A52479","Burkitt lymphoma, intrapelvic lymph nodes"
"C83.77","6","A52479","Burkitt lymphoma, spleen"
"C83.78","6","A52479","Burkitt lymphoma, lymph nodes of multiple sites"
"C83.79","6","A52479","Burkitt lymphoma, extranodal and solid organ sites"
"C83.7A","6","A52479","Burkitt lymphoma, in remission"
"C83.80","6","A52479","Other non-follicular lymphoma, unspecified site"
"C83.81","6","A52479","Other non-follicular lymphoma, lymph nodes of head, face, and neck"
"C83.82","6","A52479","Other non-follicular lymphoma, intrathoracic lymph nodes"
"C83.83","6","A52479","Other non-follicular lymphoma, intra-abdominal lymph nodes"
"C83.84","6","A52479","Other non-follicular lymphoma, lymph nodes of axilla and upper limb"
"C83.85","6","A52479","Other non-follicular lymphoma, lymph nodes of inguinal region and lower limb"
"C83.86","6","A52479","Other non-follicular lymphoma, intrapelvic lymph nodes"
"C83.87","6","A52479","Other non-follicular lymphoma, spleen"
"C83.88","6","A52479","Other non-follicular lymphoma, lymph nodes of multiple sites"
"C83.89","6","A52479","Other non-follicular lymphoma, extranodal and solid organ sites"
"C83.8A","6","A52479","Other non-follicular lymphoma, in remission"
"C83.90","6","A52479","Non-follicular (diffuse) lymphoma, unspecified, unspecified site"
"C83.91","6","A52479","Non-follicular (diffuse) lymphoma, unspecified, lymph nodes of head, face, and neck"
"C83.92","6","A52479","Non-follicular (diffuse) lymphoma, unspecified, intrathoracic lymph nodes"
"C83.93","6","A52479","Non-follicular (diffuse) lymphoma, unspecified, intra-abdominal lymph nodes"
"C83.94","6","A52479","Non-follicular (diffuse) lymphoma, unspecified, lymph nodes of axilla and upper limb"
"C83.95","6","A52479","Non-follicular (diffuse) lymphoma, unspecified, lymph nodes of inguinal region and lower limb"
"C83.96","6","A52479","Non-follicular (diffuse) lymphoma, unspecified, intrapelvic lymph nodes"
"C83.97","6","A52479","Non-follicular (diffuse) lymphoma, unspecified, spleen"
"C83.98","6","A52479","Non-follicular (diffuse) lymphoma, unspecified, lymph nodes of multiple sites"
"C83.99","6","A52479","Non-follicular (diffuse) lymphoma, unspecified, extranodal and solid organ sites"
"C83.9A","6","A52479","Non-follicular (diffuse) lymphoma, unspecified, in remission"
"C84.00","6","A52479","Mycosis fungoides, unspecified site"
"C84.01","6","A52479","Mycosis fungoides, lymph nodes of head, face, and neck"
"C84.02","6","A52479","Mycosis fungoides, intrathoracic lymph nodes"
"C84.03","6","A52479","Mycosis fungoides, intra-abdominal lymph nodes"
"C84.04","6","A52479","Mycosis fungoides, lymph nodes of axilla and upper limb"
"C84.05","6","A52479","Mycosis fungoides, lymph nodes of inguinal region and lower limb"
"C84.06","6","A52479","Mycosis fungoides, intrapelvic lymph nodes"
"C84.07","6","A52479","Mycosis fungoides, spleen"
"C84.08","6","A52479","Mycosis fungoides, lymph nodes of multiple sites"
"C84.09","6","A52479","Mycosis fungoides, extranodal and solid organ sites"
"C84.0A","6","A52479","Mycosis fungoides, in remission"
"C84.10","6","A52479","Sezary disease, unspecified site"
"C84.11","6","A52479","Sezary disease, lymph nodes of head, face, and neck"
"C84.12","6","A52479","Sezary disease, intrathoracic lymph nodes"
"C84.13","6","A52479","Sezary disease, intra-abdominal lymph nodes"
"C84.14","6","A52479","Sezary disease, lymph nodes of axilla and upper limb"
"C84.15","6","A52479","Sezary disease, lymph nodes of inguinal region and lower limb"
"C84.16","6","A52479","Sezary disease, intrapelvic lymph nodes"
"C84.17","6","A52479","Sezary disease, spleen"
"C84.18","6","A52479","Sezary disease, lymph nodes of multiple sites"
"C84.19","6","A52479","Sezary disease, extranodal and solid organ sites"
"C84.1A","6","A52479","Sezary disease, in remission"
"C84.40","6","A52479","Peripheral T-cell lymphoma, not elsewhere classified, unspecified site"
"C84.41","6","A52479","Peripheral T-cell lymphoma, not elsewhere classified, lymph nodes of head, face, and neck"
"C84.42","6","A52479","Peripheral T-cell lymphoma, not elsewhere classified, intrathoracic lymph nodes"
"C84.43","6","A52479","Peripheral T-cell lymphoma, not elsewhere classified, intra-abdominal lymph nodes"
"C84.44","6","A52479","Peripheral T-cell lymphoma, not elsewhere classified, lymph nodes of axilla and upper limb"
"C84.45","6","A52479","Peripheral T-cell lymphoma, not elsewhere classified, lymph nodes of inguinal region and lower limb"
"C84.46","6","A52479","Peripheral T-cell lymphoma, not elsewhere classified, intrapelvic lymph nodes"
"C84.47","6","A52479","Peripheral T-cell lymphoma, not elsewhere classified, spleen"
"C84.48","6","A52479","Peripheral T-cell lymphoma, not elsewhere classified, lymph nodes of multiple sites"
"C84.49","6","A52479","Peripheral T-cell lymphoma, not elsewhere classified, extranodal and solid organ sites"
"C84.4A","6","A52479","Peripheral T-cell lymphoma, not elsewhere classified, in remission"
"C84.60","6","A52479","Anaplastic large cell lymphoma, ALK-positive, unspecified site"
"C84.61","6","A52479","Anaplastic large cell lymphoma, ALK-positive, lymph nodes of head, face, and neck"
"C84.62","6","A52479","Anaplastic large cell lymphoma, ALK-positive, intrathoracic lymph nodes"
"C84.63","6","A52479","Anaplastic large cell lymphoma, ALK-positive, intra-abdominal lymph nodes"
"C84.64","6","A52479","Anaplastic large cell lymphoma, ALK-positive, lymph nodes of axilla and upper limb"
"C84.65","6","A52479","Anaplastic large cell lymphoma, ALK-positive, lymph nodes of inguinal region and lower limb"
"C84.66","6","A52479","Anaplastic large cell lymphoma, ALK-positive, intrapelvic lymph nodes"
"C84.67","6","A52479","Anaplastic large cell lymphoma, ALK-positive, spleen"
"C84.68","6","A52479","Anaplastic large cell lymphoma, ALK-positive, lymph nodes of multiple sites"
"C84.69","6","A52479","Anaplastic large cell lymphoma, ALK-positive, extranodal and solid organ sites"
"C84.6A","6","A52479","Anaplastic large cell lymphoma, ALK-positive, in remission"
"C84.70","6","A52479","Anaplastic large cell lymphoma, ALK-negative, unspecified site"
"C84.71","6","A52479","Anaplastic large cell lymphoma, ALK-negative, lymph nodes of head, face, and neck"
"C84.72","6","A52479","Anaplastic large cell lymphoma, ALK-negative, intrathoracic lymph nodes"
"C84.73","6","A52479","Anaplastic large cell lymphoma, ALK-negative, intra-abdominal lymph nodes"
"C84.74","6","A52479","Anaplastic large cell lymphoma, ALK-negative, lymph nodes of axilla and upper limb"
"C84.75","6","A52479","Anaplastic large cell lymphoma, ALK-negative, lymph nodes of inguinal region and lower limb"
"C84.76","6","A52479","Anaplastic large cell lymphoma, ALK-negative, intrapelvic lymph nodes"
"C84.77","6","A52479","Anaplastic large cell lymphoma, ALK-negative, spleen"
"C84.78","6","A52479","Anaplastic large cell lymphoma, ALK-negative, lymph nodes of multiple sites"
"C84.79","6","A52479","Anaplastic large cell lymphoma, ALK-negative, extranodal and solid organ sites"
"C84.7A","6","A52479","Anaplastic large cell lymphoma, ALK-negative, breast"
"C84.7B","6","A52479","Anaplastic large cell lymphoma, ALK-negative, in remission"
"C84.A0","6","A52479","Cutaneous T-cell lymphoma, unspecified, unspecified site"
"C84.A1","6","A52479","Cutaneous T-cell lymphoma, unspecified lymph nodes of head, face, and neck"
"C84.A2","6","A52479","Cutaneous T-cell lymphoma, unspecified, intrathoracic lymph nodes"
"C84.A3","6","A52479","Cutaneous T-cell lymphoma, unspecified, intra-abdominal lymph nodes"
"C84.A4","6","A52479","Cutaneous T-cell lymphoma, unspecified, lymph nodes of axilla and upper limb"
"C84.A5","6","A52479","Cutaneous T-cell lymphoma, unspecified, lymph nodes of inguinal region and lower limb"
"C84.A6","6","A52479","Cutaneous T-cell lymphoma, unspecified, intrapelvic lymph nodes"
"C84.A7","6","A52479","Cutaneous T-cell lymphoma, unspecified, spleen"
"C84.A8","6","A52479","Cutaneous T-cell lymphoma, unspecified, lymph nodes of multiple sites"
"C84.A9","6","A52479","Cutaneous T-cell lymphoma, unspecified, extranodal and solid organ sites"
"C84.AA","6","A52479","Cutaneous T-cell lymphoma, unspecified, in remission"
"C84.Z0","6","A52479","Other mature T/NK-cell lymphomas, unspecified site"
"C84.Z1","6","A52479","Other mature T/NK-cell lymphomas, lymph nodes of head, face, and neck"
"C84.Z2","6","A52479","Other mature T/NK-cell lymphomas, intrathoracic lymph nodes"
"C84.Z3","6","A52479","Other mature T/NK-cell lymphomas, intra-abdominal lymph nodes"
"C84.Z4","6","A52479","Other mature T/NK-cell lymphomas, lymph nodes of axilla and upper limb"
"C84.Z5","6","A52479","Other mature T/NK-cell lymphomas, lymph nodes of inguinal region and lower limb"
"C84.Z6","6","A52479","Other mature T/NK-cell lymphomas, intrapelvic lymph nodes"
"C84.Z7","6","A52479","Other mature T/NK-cell lymphomas, spleen"
"C84.Z8","6","A52479","Other mature T/NK-cell lymphomas, lymph nodes of multiple sites"
"C84.Z9","6","A52479","Other mature T/NK-cell lymphomas, extranodal and solid organ sites"
"C84.ZA","6","A52479","Other mature T/NK-cell lymphomas, in remission"
"C84.90","6","A52479","Mature T/NK-cell lymphomas, unspecified, unspecified site"
"C84.91","6","A52479","Mature T/NK-cell lymphomas, unspecified, lymph nodes of head, face, and neck"
"C84.92","6","A52479","Mature T/NK-cell lymphomas, unspecified, intrathoracic lymph nodes"
"C84.93","6","A52479","Mature T/NK-cell lymphomas, unspecified, intra-abdominal lymph nodes"
"C84.94","6","A52479","Mature T/NK-cell lymphomas, unspecified, lymph nodes of axilla and upper limb"
"C84.95","6","A52479","Mature T/NK-cell lymphomas, unspecified, lymph nodes of inguinal region and lower limb"
"C84.96","6","A52479","Mature T/NK-cell lymphomas, unspecified, intrapelvic lymph nodes"
"C84.97","6","A52479","Mature T/NK-cell lymphomas, unspecified, spleen"
"C84.98","6","A52479","Mature T/NK-cell lymphomas, unspecified, lymph nodes of multiple sites"
"C84.99","6","A52479","Mature T/NK-cell lymphomas, unspecified, extranodal and solid organ sites"
"C84.9A","6","A52479","Mature T/NK-cell lymphomas, unspecified, in remission"
"C85.10","6","A52479","Unspecified B-cell lymphoma, unspecified site"
"C85.11","6","A52479","Unspecified B-cell lymphoma, lymph nodes of head, face, and neck"
"C85.12","6","A52479","Unspecified B-cell lymphoma, intrathoracic lymph nodes"
"C85.13","6","A52479","Unspecified B-cell lymphoma, intra-abdominal lymph nodes"
"C85.14","6","A52479","Unspecified B-cell lymphoma, lymph nodes of axilla and upper limb"
"C85.15","6","A52479","Unspecified B-cell lymphoma, lymph nodes of inguinal region and lower limb"
"C85.16","6","A52479","Unspecified B-cell lymphoma, intrapelvic lymph nodes"
"C85.17","6","A52479","Unspecified B-cell lymphoma, spleen"
"C85.18","6","A52479","Unspecified B-cell lymphoma, lymph nodes of multiple sites"
"C85.19","6","A52479","Unspecified B-cell lymphoma, extranodal and solid organ sites"
"C85.1A","6","A52479","Unspecified B-cell lymphoma, in remission"
"C85.20","6","A52479","Mediastinal (thymic) large B-cell lymphoma, unspecified site"
"C85.21","6","A52479","Mediastinal (thymic) large B-cell lymphoma, lymph nodes of head, face, and neck"
"C85.22","6","A52479","Mediastinal (thymic) large B-cell lymphoma, intrathoracic lymph nodes"
"C85.23","6","A52479","Mediastinal (thymic) large B-cell lymphoma, intra-abdominal lymph nodes"
"C85.24","6","A52479","Mediastinal (thymic) large B-cell lymphoma, lymph nodes of axilla and upper limb"
"C85.25","6","A52479","Mediastinal (thymic) large B-cell lymphoma, lymph nodes of inguinal region and lower limb"
"C85.26","6","A52479","Mediastinal (thymic) large B-cell lymphoma, intrapelvic lymph nodes"
"C85.27","6","A52479","Mediastinal (thymic) large B-cell lymphoma, spleen"
"C85.28","6","A52479","Mediastinal (thymic) large B-cell lymphoma, lymph nodes of multiple sites"
"C85.29","6","A52479","Mediastinal (thymic) large B-cell lymphoma, extranodal and solid organ sites"
"C85.2A","6","A52479","Mediastinal (thymic) large B-cell lymphoma, in remission"
"C85.80","6","A52479","Other specified types of non-Hodgkin lymphoma, unspecified site"
"C85.81","6","A52479","Other specified types of non-Hodgkin lymphoma, lymph nodes of head, face, and neck"
"C85.82","6","A52479","Other specified types of non-Hodgkin lymphoma, intrathoracic lymph nodes"
"C85.83","6","A52479","Other specified types of non-Hodgkin lymphoma, intra-abdominal lymph nodes"
"C85.84","6","A52479","Other specified types of non-Hodgkin lymphoma, lymph nodes of axilla and upper limb"
"C85.85","6","A52479","Other specified types of non-Hodgkin lymphoma, lymph nodes of inguinal region and lower limb"
"C85.86","6","A52479","Other specified types of non-Hodgkin lymphoma, intrapelvic lymph nodes"
"C85.87","6","A52479","Other specified types of non-Hodgkin lymphoma, spleen"
"C85.88","6","A52479","Other specified types of non-Hodgkin lymphoma, lymph nodes of multiple sites"
"C85.89","6","A52479","Other specified types of non-Hodgkin lymphoma, extranodal and solid organ sites"
"C85.8A","6","A52479","Other specified types of non-Hodgkin lymphoma, in remission"
"C85.90","6","A52479","Non-Hodgkin lymphoma, unspecified, unspecified site"
"C85.91","6","A52479","Non-Hodgkin lymphoma, unspecified, lymph nodes of head, face, and neck"
"C85.92","6","A52479","Non-Hodgkin lymphoma, unspecified, intrathoracic lymph nodes"
"C85.93","6","A52479","Non-Hodgkin lymphoma, unspecified, intra-abdominal lymph nodes"
"C85.94","6","A52479","Non-Hodgkin lymphoma, unspecified, lymph nodes of axilla and upper limb"
"C85.95","6","A52479","Non-Hodgkin lymphoma, unspecified, lymph nodes of inguinal region and lower limb"
"C85.96","6","A52479","Non-Hodgkin lymphoma, unspecified, intrapelvic lymph nodes"
"C85.97","6","A52479","Non-Hodgkin lymphoma, unspecified, spleen"
"C85.98","6","A52479","Non-Hodgkin lymphoma, unspecified, lymph nodes of multiple sites"
"C85.99","6","A52479","Non-Hodgkin lymphoma, unspecified, extranodal and solid organ sites"
"C85.9A","6","A52479","Non-Hodgkin lymphoma, unspecified, in remission"
"C86.00","6","A52479","Extranodal NK/T-cell lymphoma, nasal type not having achieved remission"
"C86.01","6","A52479","Extranodal NK/T-cell lymphoma, nasal type, in remission"
"C86.10","6","A52479","Hepatosplenic T-cell lymphoma not having achieved remission"
"C86.11","6","A52479","Hepatosplenic T-cell lymphoma, in remission"
"C86.20","6","A52479","Enteropathy-type (intestinal) T-cell lymphoma not having achieved remission"
"C86.21","6","A52479","Enteropathy-type (intestinal) T-cell lymphoma, in remission"
"C86.30","6","A52479","Subcutaneous panniculitis-like T-cell lymphoma not having achieved remission"
"C86.31","6","A52479","Subcutaneous panniculitis-like T-cell lymphoma, in remission"
"C86.40","6","A52479","Blastic NK-cell lymphoma not having achieved remission"
"C86.41","6","A52479","Blastic NK-cell lymphoma, in remission"
"C86.50","6","A52479","Angioimmunoblastic T-cell lymphoma not having achieved remission"
"C86.51","6","A52479","Angioimmunoblastic T-cell lymphoma, in remission"
"C86.60","6","A52479","Primary cutaneous CD30-positive T-cell proliferations not having achieved remission"
"C86.61","6","A52479","Primary cutaneous CD30-positive T-cell proliferations, in remission"
"C88.40","6","A52479","Extranodal marginal zone B-cell lymphoma of mucosa-associated lymphoid tissue (MALT-lymphoma) not having achieved remission"
"C88.41","6","A52479","Extranodal marginal zone B-cell lymphoma of mucosa-associated lymphoid tissue (MALT-lymphoma), in remission"
"C91.00","6","A52479","Acute lymphoblastic leukemia not having achieved remission"
"C91.01","6","A52479","Acute lymphoblastic leukemia, in remission"
"C91.02","6","A52479","Acute lymphoblastic leukemia, in relapse"
"C91.10","6","A52479","Chronic lymphocytic leukemia of B-cell type not having achieved remission"
"C91.11","6","A52479","Chronic lymphocytic leukemia of B-cell type in remission"
"C91.12","6","A52479","Chronic lymphocytic leukemia of B-cell type in relapse"
"C91.30","6","A52479","Prolymphocytic leukemia of B-cell type not having achieved remission"
"C91.31","6","A52479","Prolymphocytic leukemia of B-cell type, in remission"
"C91.32","6","A52479","Prolymphocytic leukemia of B-cell type, in relapse"
"C91.40","6","A52479","Hairy cell leukemia not having achieved remission"
"C91.41","6","A52479","Hairy cell leukemia, in remission"
"C91.42","6","A52479","Hairy cell leukemia, in relapse"
"C91.50","6","A52479","Adult T-cell lymphoma/leukemia (HTLV-1-associated) not having achieved remission"
"C91.51","6","A52479","Adult T-cell lymphoma/leukemia (HTLV-1-associated), in remission"
"C91.52","6","A52479","Adult T-cell lymphoma/leukemia (HTLV-1-associated), in relapse"
"C91.60","6","A52479","Prolymphocytic leukemia of T-cell type not having achieved remission"
"C91.61","6","A52479","Prolymphocytic leukemia of T-cell type, in remission"
"C91.62","6","A52479","Prolymphocytic leukemia of T-cell type, in relapse"
"C91.A0","6","A52479","Mature B-cell leukemia Burkitt-type not having achieved remission"
"C91.A1","6","A52479","Mature B-cell leukemia Burkitt-type, in remission"
"C91.A2","6","A52479","Mature B-cell leukemia Burkitt-type, in relapse"
"C91.Z0","6","A52479","Other lymphoid leukemia not having achieved remission"
"C91.Z1","6","A52479","Other lymphoid leukemia, in remission"
"C91.Z2","6","A52479","Other lymphoid leukemia, in relapse"
"C91.90","6","A52479","Lymphoid leukemia, unspecified not having achieved remission"
"C91.91","6","A52479","Lymphoid leukemia, unspecified, in remission"
"C91.92","6","A52479","Lymphoid leukemia, unspecified, in relapse"
"C92.00","6","A52479","Acute myeloblastic leukemia, not having achieved remission"
"C92.01","6","A52479","Acute myeloblastic leukemia, in remission"
"C92.02","6","A52479","Acute myeloblastic leukemia, in relapse"
"C92.10","6","A52479","Chronic myeloid leukemia, BCR/ABL-positive, not having achieved remission"
"C92.11","6","A52479","Chronic myeloid leukemia, BCR/ABL-positive, in remission"
"C92.12","6","A52479","Chronic myeloid leukemia, BCR/ABL-positive, in relapse"
"C92.20","6","A52479","Atypical chronic myeloid leukemia, BCR/ABL-negative, not having achieved remission"
"C92.21","6","A52479","Atypical chronic myeloid leukemia, BCR/ABL-negative, in remission"
"C92.22","6","A52479","Atypical chronic myeloid leukemia, BCR/ABL-negative, in relapse"
"C92.30","6","A52479","Myeloid sarcoma, not having achieved remission"
"C92.31","6","A52479","Myeloid sarcoma, in remission"
"C92.32","6","A52479","Myeloid sarcoma, in relapse"
"C92.40","6","A52479","Acute promyelocytic leukemia, not having achieved remission"
"C92.41","6","A52479","Acute promyelocytic leukemia, in remission"
"C92.42","6","A52479","Acute promyelocytic leukemia, in relapse"
"C92.50","6","A52479","Acute myelomonocytic leukemia, not having achieved remission"
"C92.51","6","A52479","Acute myelomonocytic leukemia, in remission"
"C92.52","6","A52479","Acute myelomonocytic leukemia, in relapse"
"C92.60","6","A52479","Acute myeloid leukemia with 11q23-abnormality not having achieved remission"
"C92.61","6","A52479","Acute myeloid leukemia with 11q23-abnormality in remission"
"C92.62","6","A52479","Acute myeloid leukemia with 11q23-abnormality in relapse"
"C92.A0","6","A52479","Acute myeloid leukemia with multilineage dysplasia, not having achieved remission"
"C92.A1","6","A52479","Acute myeloid leukemia with multilineage dysplasia, in remission"
"C92.A2","6","A52479","Acute myeloid leukemia with multilineage dysplasia, in relapse"
"C92.Z0","6","A52479","Other myeloid leukemia not having achieved remission"
"C92.Z1","6","A52479","Other myeloid leukemia, in remission"
"C92.Z2","6","A52479","Other myeloid leukemia, in relapse"
"C92.90","6","A52479","Myeloid leukemia, unspecified, not having achieved remission"
"C92.91","6","A52479","Myeloid leukemia, unspecified in remission"
"C92.92","6","A52479","Myeloid leukemia, unspecified in relapse"
"C93.00","6","A52479","Acute monoblastic/monocytic leukemia, not having achieved remission"
"C93.01","6","A52479","Acute monoblastic/monocytic leukemia, in remission"
"C93.02","6","A52479","Acute monoblastic/monocytic leukemia, in relapse"
"C93.10","6","A52479","Chronic myelomonocytic leukemia not having achieved remission"
"C93.11","6","A52479","Chronic myelomonocytic leukemia, in remission"
"C93.12","6","A52479","Chronic myelomonocytic leukemia, in relapse"
"C93.30","6","A52479","Juvenile myelomonocytic leukemia, not having achieved remission"
"C93.31","6","A52479","Juvenile myelomonocytic leukemia, in remission"
"C93.32","6","A52479","Juvenile myelomonocytic leukemia, in relapse"
"C93.Z0","6","A52479","Other monocytic leukemia, not having achieved remission"
"C93.Z1","6","A52479","Other monocytic leukemia, in remission"
"C93.Z2","6","A52479","Other monocytic leukemia, in relapse"
"C93.90","6","A52479","Monocytic leukemia, unspecified, not having achieved remission"
"C93.91","6","A52479","Monocytic leukemia, unspecified in remission"
"C93.92","6","A52479","Monocytic leukemia, unspecified in relapse"
"C96.0","6","A52479","Multifocal and multisystemic (disseminated) Langerhans-cell histiocytosis"
"C96.4","6","A52479","Sarcoma of dendritic cells (accessory cells)"
"C96.A","6","A52479","Histiocytic sarcoma"
"C96.Z","6","A52479","Other specified malignant neoplasms of lymphoid, hematopoietic and related tissue"
"C96.9","6","A52479","Malignant neoplasm of lymphoid, hematopoietic and related tissue, unspecified"
"D09.0","6","A52479","Carcinoma in situ of bladder"
"D37.01","6","A52479","Neoplasm of uncertain behavior of lip"
"D37.02","6","A52479","Neoplasm of uncertain behavior of tongue"
"D37.04","6","A52479","Neoplasm of uncertain behavior of the minor salivary glands"
"D37.05","6","A52479","Neoplasm of uncertain behavior of pharynx"
"D37.09","6","A52479","Neoplasm of uncertain behavior of other specified sites of the oral cavity"
"D38.0","6","A52479","Neoplasm of uncertain behavior of larynx"
"D39.2","6","A52479","Neoplasm of uncertain behavior of placenta"
"D48.110","6","A52479","Desmoid tumor of head and neck"
"D48.111","6","A52479","Desmoid tumor of chest wall"
"D48.112","6","A52479","Desmoid tumor, intrathoracic"
"D48.113","6","A52479","Desmoid tumor of abdominal wall"
"D48.114","6","A52479","Desmoid tumor, intraabdominal"
"D48.115","6","A52479","Desmoid tumor of upper extremity and shoulder girdle"
"D48.116","6","A52479","Desmoid tumor of lower extremity and pelvic girdle"
"D48.117","6","A52479","Desmoid tumor of back"
"D48.118","6","A52479","Desmoid tumor of other site"
"D48.119","6","A52479","Desmoid tumor of unspecified site"
"D48.19","6","A52479","Other specified neoplasm of uncertain behavior of connective and other soft tissue"
"D48.2","6","A52479","Neoplasm of uncertain behavior of peripheral nerves and autonomic nervous system"
"Z85.00","6","A52479","Personal history of malignant neoplasm of unspecified digestive organ"
"Z85.01","6","A52479","Personal history of malignant neoplasm of esophagus"
"Z85.028","6","A52479","Personal history of other malignant neoplasm of stomach"
"Z85.038","6","A52479","Personal history of other malignant neoplasm of large intestine"
"Z85.048","6","A52479","Personal history of other malignant neoplasm of rectum, rectosigmoid junction, and anus"
"Z85.05","6","A52479","Personal history of malignant neoplasm of liver"
"Z85.068","6","A52479","Personal history of other malignant neoplasm of small intestine"
"Z85.07","6","A52479","Personal history of malignant neoplasm of pancreas"
"Z85.09","6","A52479","Personal history of malignant neoplasm of other digestive organs"
"Z85.118","6","A52479","Personal history of other malignant neoplasm of bronchus and lung"
"Z85.21","6","A52479","Personal history of malignant neoplasm of larynx"
"Z85.22","6","A52479","Personal history of malignant neoplasm of nasal cavities, middle ear, and accessory sinuses"
"Z85.3","6","A52479","Personal history of malignant neoplasm of breast"
"Z85.41","6","A52479","Personal history of malignant neoplasm of cervix uteri"
"Z85.43","6","A52479","Personal history of malignant neoplasm of ovary"
"Z85.47","6","A52479","Personal history of malignant neoplasm of testis"
"Z85.49","6","A52479","Personal history of malignant neoplasm of other male genital organs"
"Z85.4A","6","A52479","Personal history of malignant neoplasm of fallopian tube(s)"
"Z85.50","6","A52479","Personal history of malignant neoplasm of unspecified urinary tract organ"
"Z85.51","6","A52479","Personal history of malignant neoplasm of bladder"
"Z85.528","6","A52479","Personal history of other malignant neoplasm of kidney"
"Z85.53","6","A52479","Personal history of malignant neoplasm of renal pelvis"
"Z85.54","6","A52479","Personal history of malignant neoplasm of ureter"
"Z85.59","6","A52479","Personal history of malignant neoplasm of other urinary tract organ"
"Z85.6","6","A52479","Personal history of leukemia"
"Z85.71","6","A52479","Personal history of Hodgkin lymphoma"
"Z85.72","6","A52479","Personal history of non-Hodgkin lymphomas"
"Z85.79","6","A52479","Personal history of other malignant neoplasms of lymphoid, hematopoietic and related tissues"
"Z85.810","6","A52479","Personal history of malignant neoplasm of tongue"
"Z85.818","6","A52479","Personal history of malignant neoplasm of other sites of lip, oral cavity, and pharynx"
"Z85.819","6","A52479","Personal history of malignant neoplasm of unspecified site of lip, oral cavity, and pharynx"
"Z85.830","6","A52479","Personal history of malignant neoplasm of bone"
"Z85.831","6","A52479","Personal history of malignant neoplasm of soft tissue"
"Z85.841","6","A52479","Personal history of malignant neoplasm of brain"
"Z85.858","6","A52479","Personal history of malignant neoplasm of other endocrine glands"
"Z85.89","6","A52479","Personal history of malignant neoplasm of other organs and systems"
"C25.0","7","A52479","Malignant neoplasm of head of pancreas"
"C25.2","7","A52479","Malignant neoplasm of tail of pancreas"
"C25.4","7","A52479","Malignant neoplasm of endocrine pancreas"
"C25.9","7","A52479","Malignant neoplasm of pancreas, unspecified"
"C33","7","A52479","Malignant neoplasm of trachea"
"C34.00","7","A52479","Malignant neoplasm of unspecified main bronchus"
"C34.01","7","A52479","Malignant neoplasm of right main bronchus"
"C34.02","7","A52479","Malignant neoplasm of left main bronchus"
"C34.10","7","A52479","Malignant neoplasm of upper lobe, unspecified bronchus or lung"
"C34.11","7","A52479","Malignant neoplasm of upper lobe, right bronchus or lung"
"C34.12","7","A52479","Malignant neoplasm of upper lobe, left bronchus or lung"
"C34.2","7","A52479","Malignant neoplasm of middle lobe, bronchus or lung"
"C34.30","7","A52479","Malignant neoplasm of lower lobe, unspecified bronchus or lung"
"C34.31","7","A52479","Malignant neoplasm of lower lobe, right bronchus or lung"
"C34.32","7","A52479","Malignant neoplasm of lower lobe, left bronchus or lung"
"C34.80","7","A52479","Malignant neoplasm of overlapping sites of unspecified bronchus and lung"
"C34.81","7","A52479","Malignant neoplasm of overlapping sites of right bronchus and lung"
"C34.82","7","A52479","Malignant neoplasm of overlapping sites of left bronchus and lung"
"C34.90","7","A52479","Malignant neoplasm of unspecified part of unspecified bronchus or lung"
"C34.91","7","A52479","Malignant neoplasm of unspecified part of right bronchus or lung"
"C34.92","7","A52479","Malignant neoplasm of unspecified part of left bronchus or lung"
"C40.00","7","A52479","Malignant neoplasm of scapula and long bones of unspecified upper limb"
"C40.01","7","A52479","Malignant neoplasm of scapula and long bones of right upper limb"
"C40.02","7","A52479","Malignant neoplasm of scapula and long bones of left upper limb"
"C40.10","7","A52479","Malignant neoplasm of short bones of unspecified upper limb"
"C40.11","7","A52479","Malignant neoplasm of short bones of right upper limb"
"C40.12","7","A52479","Malignant neoplasm of short bones of left upper limb"
"C40.20","7","A52479","Malignant neoplasm of long bones of unspecified lower limb"
"C40.21","7","A52479","Malignant neoplasm of long bones of right lower limb"
"C40.22","7","A52479","Malignant neoplasm of long bones of left lower limb"
"C40.30","7","A52479","Malignant neoplasm of short bones of unspecified lower limb"
"C40.31","7","A52479","Malignant neoplasm of short bones of right lower limb"
"C40.32","7","A52479","Malignant neoplasm of short bones of left lower limb"
"C40.80","7","A52479","Malignant neoplasm of overlapping sites of bone and articular cartilage of unspecified limb"
"C40.81","7","A52479","Malignant neoplasm of overlapping sites of bone and articular cartilage of right limb"
"C40.82","7","A52479","Malignant neoplasm of overlapping sites of bone and articular cartilage of left limb"
"C40.90","7","A52479","Malignant neoplasm of unspecified bones and articular cartilage of unspecified limb"
"C40.91","7","A52479","Malignant neoplasm of unspecified bones and articular cartilage of right limb"
"C40.92","7","A52479","Malignant neoplasm of unspecified bones and articular cartilage of left limb"
"C41.0","7","A52479","Malignant neoplasm of bones of skull and face"
"C41.1","7","A52479","Malignant neoplasm of mandible"
"C41.2","7","A52479","Malignant neoplasm of vertebral column"
"C41.3","7","A52479","Malignant neoplasm of ribs, sternum and clavicle"
"C41.4","7","A52479","Malignant neoplasm of pelvic bones, sacrum and coccyx"
"C41.9","7","A52479","Malignant neoplasm of bone and articular cartilage, unspecified"
"C43.0","7","A52479","Malignant melanoma of lip"
"C43.10","7","A52479","Malignant melanoma of unspecified eyelid, including canthus"
"C43.111","7","A52479","Malignant melanoma of right upper eyelid, including canthus"
"C43.112","7","A52479","Malignant melanoma of right lower eyelid, including canthus"
"C43.121","7","A52479","Malignant melanoma of left upper eyelid, including canthus"
"C43.122","7","A52479","Malignant melanoma of left lower eyelid, including canthus"
"C43.20","7","A52479","Malignant melanoma of unspecified ear and external auricular canal"
"C43.21","7","A52479","Malignant melanoma of right ear and external auricular canal"
"C43.22","7","A52479","Malignant melanoma of left ear and external auricular canal"
"C43.30","7","A52479","Malignant melanoma of unspecified part of face"
"C43.31","7","A52479","Malignant melanoma of nose"
"C43.39","7","A52479","Malignant melanoma of other parts of face"
"C43.4","7","A52479","Malignant melanoma of scalp and neck"
"C43.51","7","A52479","Malignant melanoma of anal skin"
"C43.52","7","A52479","Malignant melanoma of skin of breast"
"C43.59","7","A52479","Malignant melanoma of other part of trunk"
"C43.60","7","A52479","Malignant melanoma of unspecified upper limb, including shoulder"
"C43.61","7","A52479","Malignant melanoma of right upper limb, including shoulder"
"C43.62","7","A52479","Malignant melanoma of left upper limb, including shoulder"
"C43.70","7","A52479","Malignant melanoma of unspecified lower limb, including hip"
"C43.71","7","A52479","Malignant melanoma of right lower limb, including hip"
"C43.72","7","A52479","Malignant melanoma of left lower limb, including hip"
"C43.8","7","A52479","Malignant melanoma of overlapping sites of skin"
"C43.9","7","A52479","Malignant melanoma of skin, unspecified"
"C45.1","7","A52479","Mesothelioma of peritoneum"
"C45.9","7","A52479","Mesothelioma, unspecified"
"C47.0","7","A52479","Malignant neoplasm of peripheral nerves of head, face and neck"
"C47.10","7","A52479","Malignant neoplasm of peripheral nerves of unspecified upper limb, including shoulder"
"C47.11","7","A52479","Malignant neoplasm of peripheral nerves of right upper limb, including shoulder"
"C47.12","7","A52479","Malignant neoplasm of peripheral nerves of left upper limb, including shoulder"
"C47.20","7","A52479","Malignant neoplasm of peripheral nerves of unspecified lower limb, including hip"
"C47.21","7","A52479","Malignant neoplasm of peripheral nerves of right lower limb, including hip"
"C47.22","7","A52479","Malignant neoplasm of peripheral nerves of left lower limb, including hip"
"C47.3","7","A52479","Malignant neoplasm of peripheral nerves of thorax"
"C47.4","7","A52479","Malignant neoplasm of peripheral nerves of abdomen"
"C47.5","7","A52479","Malignant neoplasm of peripheral nerves of pelvis"
"C47.6","7","A52479","Malignant neoplasm of peripheral nerves of trunk, unspecified"
"C47.8","7","A52479","Malignant neoplasm of overlapping sites of peripheral nerves and autonomic nervous system"
"C47.9","7","A52479","Malignant neoplasm of peripheral nerves and autonomic nervous system, unspecified"
"C48.0","7","A52479","Malignant neoplasm of retroperitoneum"
"C48.1","7","A52479","Malignant neoplasm of specified parts of peritoneum"
"C48.2","7","A52479","Malignant neoplasm of peritoneum, unspecified"
"C48.8","7","A52479","Malignant neoplasm of overlapping sites of retroperitoneum and peritoneum"
"C49.0","7","A52479","Malignant neoplasm of connective and soft tissue of head, face and neck"
"C49.10","7","A52479","Malignant neoplasm of connective and soft tissue of unspecified upper limb, including shoulder"
"C49.11","7","A52479","Malignant neoplasm of connective and soft tissue of right upper limb, including shoulder"
"C49.12","7","A52479","Malignant neoplasm of connective and soft tissue of left upper limb, including shoulder"
"C49.20","7","A52479","Malignant neoplasm of connective and soft tissue of unspecified lower limb, including hip"
"C49.21","7","A52479","Malignant neoplasm of connective and soft tissue of right lower limb, including hip"
"C49.22","7","A52479","Malignant neoplasm of connective and soft tissue of left lower limb, including hip"
"C49.3","7","A52479","Malignant neoplasm of connective and soft tissue of thorax"
"C49.4","7","A52479","Malignant neoplasm of connective and soft tissue of abdomen"
"C49.5","7","A52479","Malignant neoplasm of connective and soft tissue of pelvis"
"C49.6","7","A52479","Malignant neoplasm of connective and soft tissue of trunk, unspecified"
"C49.8","7","A52479","Malignant neoplasm of overlapping sites of connective and soft tissue"
"C49.9","7","A52479","Malignant neoplasm of connective and soft tissue, unspecified"
"C53.0","7","A52479","Malignant neoplasm of endocervix"
"C54.0","7","A52479","Malignant neoplasm of isthmus uteri"
"C54.1","7","A52479","Malignant neoplasm of endometrium"
"C54.2","7","A52479","Malignant neoplasm of myometrium"
"C54.3","7","A52479","Malignant neoplasm of fundus uteri"
"C54.8","7","A52479","Malignant neoplasm of overlapping sites of corpus uteri"
"C54.9","7","A52479","Malignant neoplasm of corpus uteri, unspecified"
"C55","7","A52479","Malignant neoplasm of uterus, part unspecified"
"C71.0","7","A52479","Malignant neoplasm of cerebrum, except lobes and ventricles"
"C71.1","7","A52479","Malignant neoplasm of frontal lobe"
"C71.2","7","A52479","Malignant neoplasm of temporal lobe"
"C71.3","7","A52479","Malignant neoplasm of parietal lobe"
"C71.4","7","A52479","Malignant neoplasm of occipital lobe"
"C71.5","7","A52479","Malignant neoplasm of cerebral ventricle"
"C71.6","7","A52479","Malignant neoplasm of cerebellum"
"C71.7","7","A52479","Malignant neoplasm of brain stem"
"C71.8","7","A52479","Malignant neoplasm of overlapping sites of brain"
"C71.9","7","A52479","Malignant neoplasm of brain, unspecified"
"C72.9","7","A52479","Malignant neoplasm of central nervous system, unspecified"
"C74.10","7","A52479","Malignant neoplasm of medulla of unspecified adrenal gland"
"C74.11","7","A52479","Malignant neoplasm of medulla of right adrenal gland"
"C74.12","7","A52479","Malignant neoplasm of medulla of left adrenal gland"
"C74.90","7","A52479","Malignant neoplasm of unspecified part of unspecified adrenal gland"
"C74.91","7","A52479","Malignant neoplasm of unspecified part of right adrenal gland"
"C74.92","7","A52479","Malignant neoplasm of unspecified part of left adrenal gland"
"C75.5","7","A52479","Malignant neoplasm of aortic body and other paraganglia"
"C7A.00","7","A52479","Malignant carcinoid tumor of unspecified site"
"C7A.010","7","A52479","Malignant carcinoid tumor of the duodenum"
"C7A.011","7","A52479","Malignant carcinoid tumor of the jejunum"
"C7A.012","7","A52479","Malignant carcinoid tumor of the ileum"
"C7A.019","7","A52479","Malignant carcinoid tumor of the small intestine, unspecified portion"
"C7A.020","7","A52479","Malignant carcinoid tumor of the appendix"
"C7A.021","7","A52479","Malignant carcinoid tumor of the cecum"
"C7A.022","7","A52479","Malignant carcinoid tumor of the ascending colon"
"C7A.023","7","A52479","Malignant carcinoid tumor of the transverse colon"
"C7A.024","7","A52479","Malignant carcinoid tumor of the descending colon"
"C7A.025","7","A52479","Malignant carcinoid tumor of the sigmoid colon"
"C7A.026","7","A52479","Malignant carcinoid tumor of the rectum"
"C7A.029","7","A52479","Malignant carcinoid tumor of the large intestine, unspecified portion"
"C7A.090","7","A52479","Malignant carcinoid tumor of the bronchus and lung"
"C7A.091","7","A52479","Malignant carcinoid tumor of the thymus"
"C7A.092","7","A52479","Malignant carcinoid tumor of the stomach"
"C7A.093","7","A52479","Malignant carcinoid tumor of the kidney"
"C7A.094","7","A52479","Malignant carcinoid tumor of the foregut, unspecified"
"C7A.095","7","A52479","Malignant carcinoid tumor of the midgut, unspecified"
"C7A.096","7","A52479","Malignant carcinoid tumor of the hindgut, unspecified"
"C7A.098","7","A52479","Malignant carcinoid tumors of other sites"
"C7A.1","7","A52479","Malignant poorly differentiated neuroendocrine tumors"
"C7A.8","7","A52479","Other malignant neuroendocrine tumors"
"C7B.00","7","A52479","Secondary carcinoid tumors, unspecified site"
"C7B.01","7","A52479","Secondary carcinoid tumors of distant lymph nodes"
"C7B.02","7","A52479","Secondary carcinoid tumors of liver"
"C7B.03","7","A52479","Secondary carcinoid tumors of bone"
"C7B.04","7","A52479","Secondary carcinoid tumors of peritoneum"
"C7B.09","7","A52479","Secondary carcinoid tumors of other sites"
"C7B.8","7","A52479","Other secondary neuroendocrine tumors"
"C78.00","7","A52479","Secondary malignant neoplasm of unspecified lung"
"C78.01","7","A52479","Secondary malignant neoplasm of right lung"
"C78.02","7","A52479","Secondary malignant neoplasm of left lung"
"C78.7","7","A52479","Secondary malignant neoplasm of liver and intrahepatic bile duct"
"C79.31","7","A52479","Secondary malignant neoplasm of brain"
"C79.51","7","A52479","Secondary malignant neoplasm of bone"
"C79.52","7","A52479","Secondary malignant neoplasm of bone marrow"
"C79.63","7","A52479","Secondary malignant neoplasm of bilateral ovaries"
"C80.0","7","A52479","Disseminated malignant neoplasm, unspecified"
"C80.1","7","A52479","Malignant (primary) neoplasm, unspecified"
"C83.390","7","A52479","Primary central nervous system lymphoma"
"C83.398","7","A52479","Diffuse large B-cell lymphoma of other extranodal and solid organ sites"
"C83.80","7","A52479","Other non-follicular lymphoma, unspecified site"
"C83.81","7","A52479","Other non-follicular lymphoma, lymph nodes of head, face, and neck"
"C83.89","7","A52479","Other non-follicular lymphoma, extranodal and solid organ sites"
"C83.8A","7","A52479","Other non-follicular lymphoma, in remission"
"C84.00","7","A52479","Mycosis fungoides, unspecified site"
"C84.08","7","A52479","Mycosis fungoides, lymph nodes of multiple sites"
"C84.09","7","A52479","Mycosis fungoides, extranodal and solid organ sites"
"C84.0A","7","A52479","Mycosis fungoides, in remission"
"C84.10","7","A52479","Sezary disease, unspecified site"
"C84.12","7","A52479","Sezary disease, intrathoracic lymph nodes"
"C84.19","7","A52479","Sezary disease, extranodal and solid organ sites"
"C84.1A","7","A52479","Sezary disease, in remission"
"C91.00","7","A52479","Acute lymphoblastic leukemia not having achieved remission"
"C91.01","7","A52479","Acute lymphoblastic leukemia, in remission"
"C91.02","7","A52479","Acute lymphoblastic leukemia, in relapse"
"C91.Z0","7","A52479","Other lymphoid leukemia not having achieved remission"
"C91.Z1","7","A52479","Other lymphoid leukemia, in remission"
"C91.Z2","7","A52479","Other lymphoid leukemia, in relapse"
"C92.00","7","A52479","Acute myeloblastic leukemia, not having achieved remission"
"C92.01","7","A52479","Acute myeloblastic leukemia, in remission"
"C92.02","7","A52479","Acute myeloblastic leukemia, in relapse"
"C92.20","7","A52479","Atypical chronic myeloid leukemia, BCR/ABL-negative, not having achieved remission"
"C92.21","7","A52479","Atypical chronic myeloid leukemia, BCR/ABL-negative, in remission"
"C92.22","7","A52479","Atypical chronic myeloid leukemia, BCR/ABL-negative, in relapse"
"C92.40","7","A52479","Acute promyelocytic leukemia, not having achieved remission"
"C92.41","7","A52479","Acute promyelocytic leukemia, in remission"
"C92.42","7","A52479","Acute promyelocytic leukemia, in relapse"
"C92.50","7","A52479","Acute myelomonocytic leukemia, not having achieved remission"
"C92.51","7","A52479","Acute myelomonocytic leukemia, in remission"
"C92.52","7","A52479","Acute myelomonocytic leukemia, in relapse"
"C92.60","7","A52479","Acute myeloid leukemia with 11q23-abnormality not having achieved remission"
"C92.61","7","A52479","Acute myeloid leukemia with 11q23-abnormality in remission"
"C92.62","7","A52479","Acute myeloid leukemia with 11q23-abnormality in relapse"
"C92.A0","7","A52479","Acute myeloid leukemia with multilineage dysplasia, not having achieved remission"
"C92.A1","7","A52479","Acute myeloid leukemia with multilineage dysplasia, in remission"
"C92.A2","7","A52479","Acute myeloid leukemia with multilineage dysplasia, in relapse"
"C93.00","7","A52479","Acute monoblastic/monocytic leukemia, not having achieved remission"
"C93.01","7","A52479","Acute monoblastic/monocytic leukemia, in remission"
"C93.02","7","A52479","Acute monoblastic/monocytic leukemia, in relapse"
"C93.90","7","A52479","Monocytic leukemia, unspecified, not having achieved remission"
"C93.91","7","A52479","Monocytic leukemia, unspecified in remission"
"C93.92","7","A52479","Monocytic leukemia, unspecified in relapse"
"D03.0","7","A52479","Melanoma in situ of lip"
"D03.10","7","A52479","Melanoma in situ of unspecified eyelid, including canthus"
"D03.111","7","A52479","Melanoma in situ of right upper eyelid, including canthus"
"D03.112","7","A52479","Melanoma in situ of right lower eyelid, including canthus"
"D03.121","7","A52479","Melanoma in situ of left upper eyelid, including canthus"
"D03.122","7","A52479","Melanoma in situ of left lower eyelid, including canthus"
"D03.20","7","A52479","Melanoma in situ of unspecified ear and external auricular canal"
"D03.21","7","A52479","Melanoma in situ of right ear and external auricular canal"
"D03.22","7","A52479","Melanoma in situ of left ear and external auricular canal"
"D03.30","7","A52479","Melanoma in situ of unspecified part of face"
"D03.39","7","A52479","Melanoma in situ of other parts of face"
"D03.4","7","A52479","Melanoma in situ of scalp and neck"
"D03.51","7","A52479","Melanoma in situ of anal skin"
"D03.52","7","A52479","Melanoma in situ of breast (skin) (soft tissue)"
"D03.59","7","A52479","Melanoma in situ of other part of trunk"
"D03.60","7","A52479","Melanoma in situ of unspecified upper limb, including shoulder"
"D03.61","7","A52479","Melanoma in situ of right upper limb, including shoulder"
"D03.62","7","A52479","Melanoma in situ of left upper limb, including shoulder"
"D03.70","7","A52479","Melanoma in situ of unspecified lower limb, including hip"
"D03.71","7","A52479","Melanoma in situ of right lower limb, including hip"
"D03.72","7","A52479","Melanoma in situ of left lower limb, including hip"
"D03.8","7","A52479","Melanoma in situ of other sites"
"D03.9","7","A52479","Melanoma in situ, unspecified"
"D37.8","7","A52479","Neoplasm of uncertain behavior of other specified digestive organs"
"D37.9","7","A52479","Neoplasm of uncertain behavior of digestive organ, unspecified"
"D43.0","7","A52479","Neoplasm of uncertain behavior of brain, supratentorial"
"D43.1","7","A52479","Neoplasm of uncertain behavior of brain, infratentorial"
"D43.2","7","A52479","Neoplasm of uncertain behavior of brain, unspecified"
"D43.4","7","A52479","Neoplasm of uncertain behavior of spinal cord"
"D49.2","7","A52479","Neoplasm of unspecified behavior of bone, soft tissue, and skin"
"E16.8","7","A52479","Other specified disorders of pancreatic internal secretion"
"E34.00","7","A52479","Carcinoid syndrome, unspecified"
"E34.01","7","A52479","Carcinoid heart syndrome"
"E34.09","7","A52479","Other carcinoid syndrome"
"Z80.44","7","A52479","Family history of malignant neoplasm of fallopian tube(s)"
"Z80.49","7","A52479","Family history of malignant neoplasm of other genital organs"
"Z85.020","7","A52479","Personal history of malignant carcinoid tumor of stomach"
"Z85.030","7","A52479","Personal history of malignant carcinoid tumor of large intestine"
"Z85.040","7","A52479","Personal history of malignant carcinoid tumor of rectum"
"Z85.060","7","A52479","Personal history of malignant carcinoid tumor of small intestine"
"Z85.068","7","A52479","Personal history of other malignant neoplasm of small intestine"
"Z85.07","7","A52479","Personal history of malignant neoplasm of pancreas"
"Z85.09","7","A52479","Personal history of malignant neoplasm of other digestive organs"
"Z85.110","7","A52479","Personal history of malignant carcinoid tumor of bronchus and lung"
"Z85.118","7","A52479","Personal history of other malignant neoplasm of bronchus and lung"
"Z85.230","7","A52479","Personal history of malignant carcinoid tumor of thymus"
"Z85.6","7","A52479","Personal history of leukemia"
"Z85.820","7","A52479","Personal history of malignant melanoma of skin"
"Z85.830","7","A52479","Personal history of malignant neoplasm of bone"
"Z85.831","7","A52479","Personal history of malignant neoplasm of soft tissue"
"Z85.841","7","A52479","Personal history of malignant neoplasm of brain"
"Z85.858","7","A52479","Personal history of malignant neoplasm of other endocrine glands"
"Z85.89","7","A52479","Personal history of malignant neoplasm of other organs and systems"
"C18.0","8","A52479","Malignant neoplasm of cecum"
"C18.1","8","A52479","Malignant neoplasm of appendix"
"C18.2","8","A52479","Malignant neoplasm of ascending colon"
"C18.3","8","A52479","Malignant neoplasm of hepatic flexure"
"C18.4","8","A52479","Malignant neoplasm of transverse colon"
"C18.5","8","A52479","Malignant neoplasm of splenic flexure"
"C18.6","8","A52479","Malignant neoplasm of descending colon"
"C18.7","8","A52479","Malignant neoplasm of sigmoid colon"
"C18.8","8","A52479","Malignant neoplasm of overlapping sites of colon"
"C18.9","8","A52479","Malignant neoplasm of colon, unspecified"
"C19","8","A52479","Malignant neoplasm of rectosigmoid junction"
"C20","8","A52479","Malignant neoplasm of rectum"
"C21.0","8","A52479","Malignant neoplasm of anus, unspecified"
"C21.1","8","A52479","Malignant neoplasm of anal canal"
"C21.2","8","A52479","Malignant neoplasm of cloacogenic zone"
"C21.8","8","A52479","Malignant neoplasm of overlapping sites of rectum, anus and anal canal"
"C33","8","A52479","Malignant neoplasm of trachea"
"C34.00","8","A52479","Malignant neoplasm of unspecified main bronchus"
"C34.01","8","A52479","Malignant neoplasm of right main bronchus"
"C34.02","8","A52479","Malignant neoplasm of left main bronchus"
"C34.10","8","A52479","Malignant neoplasm of upper lobe, unspecified bronchus or lung"
"C34.11","8","A52479","Malignant neoplasm of upper lobe, right bronchus or lung"
"C34.12","8","A52479","Malignant neoplasm of upper lobe, left bronchus or lung"
"C34.2","8","A52479","Malignant neoplasm of middle lobe, bronchus or lung"
"C34.30","8","A52479","Malignant neoplasm of lower lobe, unspecified bronchus or lung"
"C34.31","8","A52479","Malignant neoplasm of lower lobe, right bronchus or lung"
"C34.32","8","A52479","Malignant neoplasm of lower lobe, left bronchus or lung"
"C34.80","8","A52479","Malignant neoplasm of overlapping sites of unspecified bronchus and lung"
"C34.81","8","A52479","Malignant neoplasm of overlapping sites of right bronchus and lung"
"C34.82","8","A52479","Malignant neoplasm of overlapping sites of left bronchus and lung"
"C34.90","8","A52479","Malignant neoplasm of unspecified part of unspecified bronchus or lung"
"C34.91","8","A52479","Malignant neoplasm of unspecified part of right bronchus or lung"
"C34.92","8","A52479","Malignant neoplasm of unspecified part of left bronchus or lung"
"C40.00","8","A52479","Malignant neoplasm of scapula and long bones of unspecified upper limb"
"C40.01","8","A52479","Malignant neoplasm of scapula and long bones of right upper limb"
"C40.02","8","A52479","Malignant neoplasm of scapula and long bones of left upper limb"
"C40.10","8","A52479","Malignant neoplasm of short bones of unspecified upper limb"
"C40.11","8","A52479","Malignant neoplasm of short bones of right upper limb"
"C40.12","8","A52479","Malignant neoplasm of short bones of left upper limb"
"C40.20","8","A52479","Malignant neoplasm of long bones of unspecified lower limb"
"C40.21","8","A52479","Malignant neoplasm of long bones of right lower limb"
"C40.22","8","A52479","Malignant neoplasm of long bones of left lower limb"
"C40.30","8","A52479","Malignant neoplasm of short bones of unspecified lower limb"
"C40.31","8","A52479","Malignant neoplasm of short bones of right lower limb"
"C40.32","8","A52479","Malignant neoplasm of short bones of left lower limb"
"C40.80","8","A52479","Malignant neoplasm of overlapping sites of bone and articular cartilage of unspecified limb"
"C40.81","8","A52479","Malignant neoplasm of overlapping sites of bone and articular cartilage of right limb"
"C40.82","8","A52479","Malignant neoplasm of overlapping sites of bone and articular cartilage of left limb"
"C40.90","8","A52479","Malignant neoplasm of unspecified bones and articular cartilage of unspecified limb"
"C40.91","8","A52479","Malignant neoplasm of unspecified bones and articular cartilage of right limb"
"C40.92","8","A52479","Malignant neoplasm of unspecified bones and articular cartilage of left limb"
"C41.0","8","A52479","Malignant neoplasm of bones of skull and face"
"C41.1","8","A52479","Malignant neoplasm of mandible"
"C41.2","8","A52479","Malignant neoplasm of vertebral column"
"C41.3","8","A52479","Malignant neoplasm of ribs, sternum and clavicle"
"C41.4","8","A52479","Malignant neoplasm of pelvic bones, sacrum and coccyx"
"C41.9","8","A52479","Malignant neoplasm of bone and articular cartilage, unspecified"
"C4A.0","8","A52479","Merkel cell carcinoma of lip"
"C4A.10","8","A52479","Merkel cell carcinoma of unspecified eyelid, including canthus"
"C4A.111","8","A52479","Merkel cell carcinoma of right upper eyelid, including canthus"
"C4A.112","8","A52479","Merkel cell carcinoma of right lower eyelid, including canthus"
"C4A.121","8","A52479","Merkel cell carcinoma of left upper eyelid, including canthus"
"C4A.122","8","A52479","Merkel cell carcinoma of left lower eyelid, including canthus"
"C4A.20","8","A52479","Merkel cell carcinoma of unspecified ear and external auricular canal"
"C4A.21","8","A52479","Merkel cell carcinoma of right ear and external auricular canal"
"C4A.22","8","A52479","Merkel cell carcinoma of left ear and external auricular canal"
"C4A.30","8","A52479","Merkel cell carcinoma of unspecified part of face"
"C4A.31","8","A52479","Merkel cell carcinoma of nose"
"C4A.39","8","A52479","Merkel cell carcinoma of other parts of face"
"C4A.4","8","A52479","Merkel cell carcinoma of scalp and neck"
"C4A.51","8","A52479","Merkel cell carcinoma of anal skin"
"C4A.52","8","A52479","Merkel cell carcinoma of skin of breast"
"C4A.59","8","A52479","Merkel cell carcinoma of other part of trunk"
"C4A.60","8","A52479","Merkel cell carcinoma of unspecified upper limb, including shoulder"
"C4A.61","8","A52479","Merkel cell carcinoma of right upper limb, including shoulder"
"C4A.62","8","A52479","Merkel cell carcinoma of left upper limb, including shoulder"
"C4A.70","8","A52479","Merkel cell carcinoma of unspecified lower limb, including hip"
"C4A.71","8","A52479","Merkel cell carcinoma of right lower limb, including hip"
"C4A.72","8","A52479","Merkel cell carcinoma of left lower limb, including hip"
"C4A.8","8","A52479","Merkel cell carcinoma of overlapping sites"
"C4A.9","8","A52479","Merkel cell carcinoma, unspecified"
"C45.1","8","A52479","Mesothelioma of peritoneum"
"C47.0","8","A52479","Malignant neoplasm of peripheral nerves of head, face and neck"
"C47.10","8","A52479","Malignant neoplasm of peripheral nerves of unspecified upper limb, including shoulder"
"C47.11","8","A52479","Malignant neoplasm of peripheral nerves of right upper limb, including shoulder"
"C47.12","8","A52479","Malignant neoplasm of peripheral nerves of left upper limb, including shoulder"
"C47.20","8","A52479","Malignant neoplasm of peripheral nerves of unspecified lower limb, including hip"
"C47.21","8","A52479","Malignant neoplasm of peripheral nerves of right lower limb, including hip"
"C47.22","8","A52479","Malignant neoplasm of peripheral nerves of left lower limb, including hip"
"C47.3","8","A52479","Malignant neoplasm of peripheral nerves of thorax"
"C47.4","8","A52479","Malignant neoplasm of peripheral nerves of abdomen"
"C47.5","8","A52479","Malignant neoplasm of peripheral nerves of pelvis"
"C47.6","8","A52479","Malignant neoplasm of peripheral nerves of trunk, unspecified"
"C47.8","8","A52479","Malignant neoplasm of overlapping sites of peripheral nerves and autonomic nervous system"
"C47.9","8","A52479","Malignant neoplasm of peripheral nerves and autonomic nervous system, unspecified"
"C48.1","8","A52479","Malignant neoplasm of specified parts of peritoneum"
"C48.2","8","A52479","Malignant neoplasm of peritoneum, unspecified"
"C48.8","8","A52479","Malignant neoplasm of overlapping sites of retroperitoneum and peritoneum"
"C49.0","8","A52479","Malignant neoplasm of connective and soft tissue of head, face and neck"
"C49.10","8","A52479","Malignant neoplasm of connective and soft tissue of unspecified upper limb, including shoulder"
"C49.11","8","A52479","Malignant neoplasm of connective and soft tissue of right upper limb, including shoulder"
"C49.12","8","A52479","Malignant neoplasm of connective and soft tissue of left upper limb, including shoulder"
"C49.20","8","A52479","Malignant neoplasm of connective and soft tissue of unspecified lower limb, including hip"
"C49.21","8","A52479","Malignant neoplasm of connective and soft tissue of right lower limb, including hip"
"C49.22","8","A52479","Malignant neoplasm of connective and soft tissue of left lower limb, including hip"
"C49.3","8","A52479","Malignant neoplasm of connective and soft tissue of thorax"
"C49.4","8","A52479","Malignant neoplasm of connective and soft tissue of abdomen"
"C49.5","8","A52479","Malignant neoplasm of connective and soft tissue of pelvis"
"C49.6","8","A52479","Malignant neoplasm of connective and soft tissue of trunk, unspecified"
"C49.8","8","A52479","Malignant neoplasm of overlapping sites of connective and soft tissue"
"C49.9","8","A52479","Malignant neoplasm of connective and soft tissue, unspecified"
"C50.011","8","A52479","Malignant neoplasm of nipple and areola, right female breast"
"C50.012","8","A52479","Malignant neoplasm of nipple and areola, left female breast"
"C50.019","8","A52479","Malignant neoplasm of nipple and areola, unspecified female breast"
"C50.021","8","A52479","Malignant neoplasm of nipple and areola, right male breast"
"C50.022","8","A52479","Malignant neoplasm of nipple and areola, left male breast"
"C50.029","8","A52479","Malignant neoplasm of nipple and areola, unspecified male breast"
"C50.111","8","A52479","Malignant neoplasm of central portion of right female breast"
"C50.112","8","A52479","Malignant neoplasm of central portion of left female breast"
"C50.119","8","A52479","Malignant neoplasm of central portion of unspecified female breast"
"C50.121","8","A52479","Malignant neoplasm of central portion of right male breast"
"C50.122","8","A52479","Malignant neoplasm of central portion of left male breast"
"C50.129","8","A52479","Malignant neoplasm of central portion of unspecified male breast"
"C50.211","8","A52479","Malignant neoplasm of upper-inner quadrant of right female breast"
"C50.212","8","A52479","Malignant neoplasm of upper-inner quadrant of left female breast"
"C50.219","8","A52479","Malignant neoplasm of upper-inner quadrant of unspecified female breast"
"C50.221","8","A52479","Malignant neoplasm of upper-inner quadrant of right male breast"
"C50.222","8","A52479","Malignant neoplasm of upper-inner quadrant of left male breast"
"C50.229","8","A52479","Malignant neoplasm of upper-inner quadrant of unspecified male breast"
"C50.311","8","A52479","Malignant neoplasm of lower-inner quadrant of right female breast"
"C50.312","8","A52479","Malignant neoplasm of lower-inner quadrant of left female breast"
"C50.319","8","A52479","Malignant neoplasm of lower-inner quadrant of unspecified female breast"
"C50.321","8","A52479","Malignant neoplasm of lower-inner quadrant of right male breast"
"C50.322","8","A52479","Malignant neoplasm of lower-inner quadrant of left male breast"
"C50.329","8","A52479","Malignant neoplasm of lower-inner quadrant of unspecified male breast"
"C50.411","8","A52479","Malignant neoplasm of upper-outer quadrant of right female breast"
"C50.412","8","A52479","Malignant neoplasm of upper-outer quadrant of left female breast"
"C50.419","8","A52479","Malignant neoplasm of upper-outer quadrant of unspecified female breast"
"C50.421","8","A52479","Malignant neoplasm of upper-outer quadrant of right male breast"
"C50.422","8","A52479","Malignant neoplasm of upper-outer quadrant of left male breast"
"C50.429","8","A52479","Malignant neoplasm of upper-outer quadrant of unspecified male breast"
"C50.511","8","A52479","Malignant neoplasm of lower-outer quadrant of right female breast"
"C50.512","8","A52479","Malignant neoplasm of lower-outer quadrant of left female breast"
"C50.519","8","A52479","Malignant neoplasm of lower-outer quadrant of unspecified female breast"
"C50.521","8","A52479","Malignant neoplasm of lower-outer quadrant of right male breast"
"C50.522","8","A52479","Malignant neoplasm of lower-outer quadrant of left male breast"
"C50.529","8","A52479","Malignant neoplasm of lower-outer quadrant of unspecified male breast"
"C50.611","8","A52479","Malignant neoplasm of axillary tail of right female breast"
"C50.612","8","A52479","Malignant neoplasm of axillary tail of left female breast"
"C50.619","8","A52479","Malignant neoplasm of axillary tail of unspecified female breast"
"C50.621","8","A52479","Malignant neoplasm of axillary tail of right male breast"
"C50.622","8","A52479","Malignant neoplasm of axillary tail of left male breast"
"C50.629","8","A52479","Malignant neoplasm of axillary tail of unspecified male breast"
"C50.811","8","A52479","Malignant neoplasm of overlapping sites of right female breast"
"C50.812","8","A52479","Malignant neoplasm of overlapping sites of left female breast"
"C50.819","8","A52479","Malignant neoplasm of overlapping sites of unspecified female breast"
"C50.821","8","A52479","Malignant neoplasm of overlapping sites of right male breast"
"C50.822","8","A52479","Malignant neoplasm of overlapping sites of left male breast"
"C50.829","8","A52479","Malignant neoplasm of overlapping sites of unspecified male breast"
"C50.911","8","A52479","Malignant neoplasm of unspecified site of right female breast"
"C50.912","8","A52479","Malignant neoplasm of unspecified site of left female breast"
"C50.919","8","A52479","Malignant neoplasm of unspecified site of unspecified female breast"
"C50.921","8","A52479","Malignant neoplasm of unspecified site of right male breast"
"C50.922","8","A52479","Malignant neoplasm of unspecified site of left male breast"
"C50.929","8","A52479","Malignant neoplasm of unspecified site of unspecified male breast"
"C50.A0","8","A52479","Malignant inflammatory neoplasm of unspecified breast"
"C50.A1","8","A52479","Malignant inflammatory neoplasm of right breast"
"C50.A2","8","A52479","Malignant inflammatory neoplasm of left breast"
"C53.0","8","A52479","Malignant neoplasm of endocervix"
"C53.1","8","A52479","Malignant neoplasm of exocervix"
"C53.8","8","A52479","Malignant neoplasm of overlapping sites of cervix uteri"
"C53.9","8","A52479","Malignant neoplasm of cervix uteri, unspecified"
"C54.0","8","A52479","Malignant neoplasm of isthmus uteri"
"C54.1","8","A52479","Malignant neoplasm of endometrium"
"C54.2","8","A52479","Malignant neoplasm of myometrium"
"C54.3","8","A52479","Malignant neoplasm of fundus uteri"
"C54.8","8","A52479","Malignant neoplasm of overlapping sites of corpus uteri"
"C54.9","8","A52479","Malignant neoplasm of corpus uteri, unspecified"
"C56.1","8","A52479","Malignant neoplasm of right ovary"
"C56.2","8","A52479","Malignant neoplasm of left ovary"
"C56.3","8","A52479","Malignant neoplasm of bilateral ovaries"
"C56.9","8","A52479","Malignant neoplasm of unspecified ovary"
"C57.00","8","A52479","Malignant neoplasm of unspecified fallopian tube"
"C57.01","8","A52479","Malignant neoplasm of right fallopian tube"
"C57.02","8","A52479","Malignant neoplasm of left fallopian tube"
"C57.10","8","A52479","Malignant neoplasm of unspecified broad ligament"
"C57.11","8","A52479","Malignant neoplasm of right broad ligament"
"C57.12","8","A52479","Malignant neoplasm of left broad ligament"
"C57.20","8","A52479","Malignant neoplasm of unspecified round ligament"
"C57.21","8","A52479","Malignant neoplasm of right round ligament"
"C57.22","8","A52479","Malignant neoplasm of left round ligament"
"C57.3","8","A52479","Malignant neoplasm of parametrium"
"C57.4","8","A52479","Malignant neoplasm of uterine adnexa, unspecified"
"C61","8","A52479","Malignant neoplasm of prostate"
"C64.1","8","A52479","Malignant neoplasm of right kidney, except renal pelvis"
"C64.2","8","A52479","Malignant neoplasm of left kidney, except renal pelvis"
"C64.9","8","A52479","Malignant neoplasm of unspecified kidney, except renal pelvis"
"C65.1","8","A52479","Malignant neoplasm of right renal pelvis"
"C65.2","8","A52479","Malignant neoplasm of left renal pelvis"
"C65.9","8","A52479","Malignant neoplasm of unspecified renal pelvis"
"C66.1","8","A52479","Malignant neoplasm of right ureter"
"C66.2","8","A52479","Malignant neoplasm of left ureter"
"C66.9","8","A52479","Malignant neoplasm of unspecified ureter"
"C67.0","8","A52479","Malignant neoplasm of trigone of bladder"
"C67.1","8","A52479","Malignant neoplasm of dome of bladder"
"C67.2","8","A52479","Malignant neoplasm of lateral wall of bladder"
"C67.3","8","A52479","Malignant neoplasm of anterior wall of bladder"
"C67.4","8","A52479","Malignant neoplasm of posterior wall of bladder"
"C67.5","8","A52479","Malignant neoplasm of bladder neck"
"C67.6","8","A52479","Malignant neoplasm of ureteric orifice"
"C67.7","8","A52479","Malignant neoplasm of urachus"
"C67.8","8","A52479","Malignant neoplasm of overlapping sites of bladder"
"C67.9","8","A52479","Malignant neoplasm of bladder, unspecified"
"C71.0","8","A52479","Malignant neoplasm of cerebrum, except lobes and ventricles"
"C71.1","8","A52479","Malignant neoplasm of frontal lobe"
"C71.2","8","A52479","Malignant neoplasm of temporal lobe"
"C71.3","8","A52479","Malignant neoplasm of parietal lobe"
"C71.4","8","A52479","Malignant neoplasm of occipital lobe"
"C71.5","8","A52479","Malignant neoplasm of cerebral ventricle"
"C71.6","8","A52479","Malignant neoplasm of cerebellum"
"C71.7","8","A52479","Malignant neoplasm of brain stem"
"C71.8","8","A52479","Malignant neoplasm of overlapping sites of brain"
"C71.9","8","A52479","Malignant neoplasm of brain, unspecified"
"C7A.1","8","A52479","Malignant poorly differentiated neuroendocrine tumors"
"C7A.8","8","A52479","Other malignant neuroendocrine tumors"
"C7B.1","8","A52479","Secondary Merkel cell carcinoma"
"C78.00","8","A52479","Secondary malignant neoplasm of unspecified lung"
"C78.01","8","A52479","Secondary malignant neoplasm of right lung"
"C78.02","8","A52479","Secondary malignant neoplasm of left lung"
"C78.7","8","A52479","Secondary malignant neoplasm of liver and intrahepatic bile duct"
"C79.31","8","A52479","Secondary malignant neoplasm of brain"
"C79.32","8","A52479","Secondary malignant neoplasm of cerebral meninges"
"C79.40","8","A52479","Secondary malignant neoplasm of unspecified part of nervous system"
"C79.49","8","A52479","Secondary malignant neoplasm of other parts of nervous system"
"C79.51","8","A52479","Secondary malignant neoplasm of bone"
"C79.52","8","A52479","Secondary malignant neoplasm of bone marrow"
"C79.63","8","A52479","Secondary malignant neoplasm of bilateral ovaries"
"C79.70","8","A52479","Secondary malignant neoplasm of unspecified adrenal gland"
"C79.71","8","A52479","Secondary malignant neoplasm of right adrenal gland"
"C79.72","8","A52479","Secondary malignant neoplasm of left adrenal gland"
"C83.390","8","A52479","Primary central nervous system lymphoma"
"C83.398","8","A52479","Diffuse large B-cell lymphoma of other extranodal and solid organ sites"
"C83.80","8","A52479","Other non-follicular lymphoma, unspecified site"
"C83.81","8","A52479","Other non-follicular lymphoma, lymph nodes of head, face, and neck"
"C83.89","8","A52479","Other non-follicular lymphoma, extranodal and solid organ sites"
"C83.8A","8","A52479","Other non-follicular lymphoma, in remission"
"C88.20","8","A52479","Heavy chain disease not having achieved remission"
"C88.21","8","A52479","Heavy chain disease, in remission"
"C88.30","8","A52479","Immunoproliferative small intestinal disease not having achieved remission"
"C88.31","8","A52479","Immunoproliferative small intestinal disease, in remission"
"C88.80","8","A52479","Other malignant immunoproliferative diseases not having achieved remission"
"C88.81","8","A52479","Other malignant immunoproliferative diseases, in remission"
"C88.90","8","A52479","Malignant immunoproliferative disease, unspecified not having achieved remission"
"C88.91","8","A52479","Malignant immunoproliferative disease, unspecified, in remission"
"C90.00","8","A52479","Multiple myeloma not having achieved remission"
"C90.01","8","A52479","Multiple myeloma in remission"
"C90.02","8","A52479","Multiple myeloma in relapse"
"C90.10","8","A52479","Plasma cell leukemia not having achieved remission"
"C90.11","8","A52479","Plasma cell leukemia in remission"
"C90.12","8","A52479","Plasma cell leukemia in relapse"
"C90.20","8","A52479","Extramedullary plasmacytoma not having achieved remission"
"C90.21","8","A52479","Extramedullary plasmacytoma in remission"
"C90.22","8","A52479","Extramedullary plasmacytoma in relapse"
"C90.30","8","A52479","Solitary plasmacytoma not having achieved remission"
"C90.31","8","A52479","Solitary plasmacytoma in remission"
"C90.32","8","A52479","Solitary plasmacytoma in relapse"
"C91.00","8","A52479","Acute lymphoblastic leukemia not having achieved remission"
"C91.01","8","A52479","Acute lymphoblastic leukemia, in remission"
"C91.02","8","A52479","Acute lymphoblastic leukemia, in relapse"
"C91.10","8","A52479","Chronic lymphocytic leukemia of B-cell type not having achieved remission"
"C91.11","8","A52479","Chronic lymphocytic leukemia of B-cell type in remission"
"C91.12","8","A52479","Chronic lymphocytic leukemia of B-cell type in relapse"
"C91.30","8","A52479","Prolymphocytic leukemia of B-cell type not having achieved remission"
"C91.31","8","A52479","Prolymphocytic leukemia of B-cell type, in remission"
"C91.32","8","A52479","Prolymphocytic leukemia of B-cell type, in relapse"
"C91.50","8","A52479","Adult T-cell lymphoma/leukemia (HTLV-1-associated) not having achieved remission"
"C91.51","8","A52479","Adult T-cell lymphoma/leukemia (HTLV-1-associated), in remission"
"C91.52","8","A52479","Adult T-cell lymphoma/leukemia (HTLV-1-associated), in relapse"
"C91.60","8","A52479","Prolymphocytic leukemia of T-cell type not having achieved remission"
"C91.61","8","A52479","Prolymphocytic leukemia of T-cell type, in remission"
"C91.62","8","A52479","Prolymphocytic leukemia of T-cell type, in relapse"
"C91.A0","8","A52479","Mature B-cell leukemia Burkitt-type not having achieved remission"
"C91.A1","8","A52479","Mature B-cell leukemia Burkitt-type, in remission"
"C91.A2","8","A52479","Mature B-cell leukemia Burkitt-type, in relapse"
"C91.Z0","8","A52479","Other lymphoid leukemia not having achieved remission"
"C91.Z1","8","A52479","Other lymphoid leukemia, in remission"
"C91.Z2","8","A52479","Other lymphoid leukemia, in relapse"
"C91.90","8","A52479","Lymphoid leukemia, unspecified not having achieved remission"
"C91.91","8","A52479","Lymphoid leukemia, unspecified, in remission"
"C91.92","8","A52479","Lymphoid leukemia, unspecified, in relapse"
"C92.00","8","A52479","Acute myeloblastic leukemia, not having achieved remission"
"C92.01","8","A52479","Acute myeloblastic leukemia, in remission"
"C92.02","8","A52479","Acute myeloblastic leukemia, in relapse"
"C92.10","8","A52479","Chronic myeloid leukemia, BCR/ABL-positive, not having achieved remission"
"C92.11","8","A52479","Chronic myeloid leukemia, BCR/ABL-positive, in remission"
"C92.12","8","A52479","Chronic myeloid leukemia, BCR/ABL-positive, in relapse"
"C92.20","8","A52479","Atypical chronic myeloid leukemia, BCR/ABL-negative, not having achieved remission"
"C92.21","8","A52479","Atypical chronic myeloid leukemia, BCR/ABL-negative, in remission"
"C92.22","8","A52479","Atypical chronic myeloid leukemia, BCR/ABL-negative, in relapse"
"C92.30","8","A52479","Myeloid sarcoma, not having achieved remission"
"C92.31","8","A52479","Myeloid sarcoma, in remission"
"C92.32","8","A52479","Myeloid sarcoma, in relapse"
"C92.40","8","A52479","Acute promyelocytic leukemia, not having achieved remission"
"C92.41","8","A52479","Acute promyelocytic leukemia, in remission"
"C92.42","8","A52479","Acute promyelocytic leukemia, in relapse"
"C92.50","8","A52479","Acute myelomonocytic leukemia, not having achieved remission"
"C92.51","8","A52479","Acute myelomonocytic leukemia, in remission"
"C92.52","8","A52479","Acute myelomonocytic leukemia, in relapse"
"C92.60","8","A52479","Acute myeloid leukemia with 11q23-abnormality not having achieved remission"
"C92.61","8","A52479","Acute myeloid leukemia with 11q23-abnormality in remission"
"C92.62","8","A52479","Acute myeloid leukemia with 11q23-abnormality in relapse"
"C92.A0","8","A52479","Acute myeloid leukemia with multilineage dysplasia, not having achieved remission"
"C92.A1","8","A52479","Acute myeloid leukemia with multilineage dysplasia, in remission"
"C92.A2","8","A52479","Acute myeloid leukemia with multilineage dysplasia, in relapse"
"C92.Z0","8","A52479","Other myeloid leukemia not having achieved remission"
"C92.Z1","8","A52479","Other myeloid leukemia, in remission"
"C92.Z2","8","A52479","Other myeloid leukemia, in relapse"
"C92.90","8","A52479","Myeloid leukemia, unspecified, not having achieved remission"
"C92.91","8","A52479","Myeloid leukemia, unspecified in remission"
"C92.92","8","A52479","Myeloid leukemia, unspecified in relapse"
"C93.00","8","A52479","Acute monoblastic/monocytic leukemia, not having achieved remission"
"C93.01","8","A52479","Acute monoblastic/monocytic leukemia, in remission"
"C93.02","8","A52479","Acute monoblastic/monocytic leukemia, in relapse"
"C93.90","8","A52479","Monocytic leukemia, unspecified, not having achieved remission"
"C93.91","8","A52479","Monocytic leukemia, unspecified in remission"
"C93.92","8","A52479","Monocytic leukemia, unspecified in relapse"
"D46.0","8","A52479","Refractory anemia without ring sideroblasts, so stated"
"D46.1","8","A52479","Refractory anemia with ring sideroblasts"
"D46.20","8","A52479","Refractory anemia with excess of blasts, unspecified"
"D46.21","8","A52479","Refractory anemia with excess of blasts 1"
"D46.22","8","A52479","Refractory anemia with excess of blasts 2"
"D46.A","8","A52479","Refractory cytopenia with multilineage dysplasia"
"D46.B","8","A52479","Refractory cytopenia with multilineage dysplasia and ring sideroblasts"
"D46.C","8","A52479","Myelodysplastic syndrome with isolated del(5q) chromosomal abnormality"
"D46.4","8","A52479","Refractory anemia, unspecified"
"D46.Z","8","A52479","Other myelodysplastic syndromes"
"D46.9","8","A52479","Myelodysplastic syndrome, unspecified"
"D47.1","8","A52479","Chronic myeloproliferative disease"
"D47.3","8","A52479","Essential (hemorrhagic) thrombocythemia"
"D48.9","8","A52479","Neoplasm of uncertain behavior, unspecified"
"D49.511","8","A52479","Neoplasm of unspecified behavior of right kidney"
"D49.512","8","A52479","Neoplasm of unspecified behavior of left kidney"
"D49.519","8","A52479","Neoplasm of unspecified behavior of unspecified kidney"
"D49.59","8","A52479","Neoplasm of unspecified behavior of other genitourinary organ"
"Z80.44","8","A52479","Family history of malignant neoplasm of fallopian tube(s)"
"Z80.49","8","A52479","Family history of malignant neoplasm of other genital organs"
"Z85.020","8","A52479","Personal history of malignant carcinoid tumor of stomach"
"Z85.030","8","A52479","Personal history of malignant carcinoid tumor of large intestine"
"Z85.038","8","A52479","Personal history of other malignant neoplasm of large intestine"
"Z85.040","8","A52479","Personal history of malignant carcinoid tumor of rectum"
"Z85.048","8","A52479","Personal history of other malignant neoplasm of rectum, rectosigmoid junction, and anus"
"Z85.060","8","A52479","Personal history of malignant carcinoid tumor of small intestine"
"Z85.110","8","A52479","Personal history of malignant carcinoid tumor of bronchus and lung"
"Z85.118","8","A52479","Personal history of other malignant neoplasm of bronchus and lung"
"Z85.230","8","A52479","Personal history of malignant carcinoid tumor of thymus"
"Z85.3","8","A52479","Personal history of malignant neoplasm of breast"
"Z85.41","8","A52479","Personal history of malignant neoplasm of cervix uteri"
"Z85.42","8","A52479","Personal history of malignant neoplasm of other parts of uterus"
"Z85.43","8","A52479","Personal history of malignant neoplasm of ovary"
"Z85.4A","8","A52479","Personal history of malignant neoplasm of fallopian tube(s)"
"Z85.51","8","A52479","Personal history of malignant neoplasm of bladder"
"Z85.520","8","A52479","Personal history of malignant carcinoid tumor of kidney"
"Z85.6","8","A52479","Personal history of leukemia"
"Z85.821","8","A52479","Personal history of Merkel cell carcinoma"
"Z85.830","8","A52479","Personal history of malignant neoplasm of bone"
"Z85.831","8","A52479","Personal history of malignant neoplasm of soft tissue"
"Z85.841","8","A52479","Personal history of malignant neoplasm of brain"
"Z85.89","8","A52479","Personal history of malignant neoplasm of other organs and systems"
