"code","group","article","description"
"C00.0","1","A52480","Malignant neoplasm of external upper lip"
"C00.1","1","A52480","Malignant neoplasm of external lower lip"
"C00.3","1","A52480","Malignant neoplasm of upper lip, inner aspect"
"C00.4","1","A52480","Malignant neoplasm of lower lip, inner aspect"
"C00.6","1","A52480","Malignant neoplasm of commissure of lip, unspecified"
"C00.8","1","A52480","Malignant neoplasm of overlapping sites of lip"
"C01","1","A52480","Malignant neoplasm of base of tongue"
"C02.0","1","A52480","Malignant neoplasm of dorsal surface of tongue"
"C02.1","1","A52480","Malignant neoplasm of border of tongue"
"C02.2","1","A52480","Malignant neoplasm of ventral surface of tongue"
"C02.3","1","A52480","Malignant neoplasm of anterior two-thirds of tongue, part unspecified"
"C02.4","1","A52480","Malignant neoplasm of lingual tonsil"
"C02.8","1","A52480","Malignant neoplasm of overlapping sites of tongue"
"C03.0","1","A52480","Malignant neoplasm of upper gum"
"C03.1","1","A52480","Malignant neoplasm of lower gum"
"C04.0","1","A52480","Malignant neoplasm of anterior floor of mouth"
"C04.1","1","A52480","Malignant neoplasm of lateral floor of mouth"
"C04.8","1","A52480","Malignant neoplasm of overlapping sites of floor of mouth"
"C05.0","1","A52480","Malignant neoplasm of hard palate"
"C05.1","1","A52480","Malignant neoplasm of soft palate"
"C05.2","1","A52480","Malignant neoplasm of uvula"
"C05.8","1","A52480","Malignant neoplasm of overlapping sites of palate"
"C06.0","1","A52480","Malignant neoplasm of cheek mucosa"
"C06.1","1","A52480","Malignant neoplasm of vestibule of mouth"
"C06.2","1","A52480","Malignant neoplasm of retromolar area"
"C06.80","1","A52480","Malignant neoplasm of overlapping sites of unspecified parts of mouth"
"C06.89","1","A52480","Malignant neoplasm of overlapping sites of other parts of mouth"
"C07","1","A52480","Malignant neoplasm of parotid gland"
"C08.0","1","A52480","Malignant neoplasm of submandibular gland"
"C08.1","1","A52480","Malignant neoplasm of sublingual gland"
"C08.9","1","A52480","Malignant neoplasm of major salivary gland, unspecified"
"C09.0","1","A52480","Malignant neoplasm of tonsillar fossa"
"C09.1","1","A52480","Malignant neoplasm of tonsillar pillar (anterior) (posterior)"
"C09.8","1","A52480","Malignant neoplasm of overlapping sites of tonsil"
"C10.0","1","A52480","Malignant neoplasm of vallecula"
"C10.1","1","A52480","Malignant neoplasm of anterior surface of epiglottis"
"C10.2","1","A52480","Malignant neoplasm of lateral wall of oropharynx"
"C10.3","1","A52480","Malignant neoplasm of posterior wall of oropharynx"
"C10.4","1","A52480","Malignant neoplasm of branchial cleft"
"C10.8","1","A52480","Malignant neoplasm of overlapping sites of oropharynx"
"C11.0","1","A52480","Malignant neoplasm of superior wall of nasopharynx"
"C11.1","1","A52480","Malignant neoplasm of posterior wall of nasopharynx"
"C11.2","1","A52480","Malignant neoplasm of lateral wall of nasopharynx"
"C11.3","1","A52480","Malignant neoplasm of anterior wall of nasopharynx"
"C11.8","1","A52480","Malignant neoplasm of overlapping sites of nasopharynx"
"C12","1","A52480","Malignant neoplasm of pyriform sinus"
"C13.0","1","A52480","Malignant neoplasm of postcricoid region"
"C13.1","1","A52480","Malignant neoplasm of aryepiglottic fold, hypopharyngeal aspect"
"C13.2","1","A52480","Malignant neoplasm of posterior wall of hypopharynx"
"C13.8","1","A52480","Malignant neoplasm of overlapping sites of hypopharynx"
"C14.0","1","A52480","Malignant neoplasm of pharynx, unspecified"
"C14.2","1","A52480","Malignant neoplasm of Waldeyer's ring"
"C14.8","1","A52480","Malignant neoplasm of overlapping sites of lip, oral cavity and pharynx"
"C15.3","1","A52480","Malignant neoplasm of upper third of esophagus"
"C15.4","1","A52480","Malignant neoplasm of middle third of esophagus"
"C15.5","1","A52480","Malignant neoplasm of lower third of esophagus"
"C15.8","1","A52480","Malignant neoplasm of overlapping sites of esophagus"
"C16.0","1","A52480","Malignant neoplasm of cardia"
"C16.1","1","A52480","Malignant neoplasm of fundus of stomach"
"C16.2","1","A52480","Malignant neoplasm of body of stomach"
"C16.3","1","A52480","Malignant neoplasm of pyloric antrum"
"C16.4","1","A52480","Malignant neoplasm of pylorus"
"C16.5","1","A52480","Malignant neoplasm of lesser curvature of stomach, unspecified"
"C16.6","1","A52480","Malignant neoplasm of greater curvature of stomach, unspecified"
"C16.8","1","A52480","Malignant neoplasm of overlapping sites of stomach"
"C17.0","1","A52480","Malignant neoplasm of duodenum"
"C17.1","1","A52480","Malignant neoplasm of jejunum"
"C17.2","1","A52480","Malignant neoplasm of ileum"
"C17.3","1","A52480","Meckel's diverticulum, malignant"
"C17.8","1","A52480","Malignant neoplasm of overlapping sites of small intestine"
"C17.9","1","A52480","Malignant neoplasm of small intestine, unspecified"
"C18.0","1","A52480","Malignant neoplasm of cecum"
"C18.1","1","A52480","Malignant neoplasm of appendix"
"C18.2","1","A52480","Malignant neoplasm of ascending colon"
"C18.3","1","A52480","Malignant neoplasm of hepatic flexure"
"C18.4","1","A52480","Malignant neoplasm of transverse colon"
"C18.5","1","A52480","Malignant neoplasm of splenic flexure"
"C18.6","1","A52480","Malignant neoplasm of descending colon"
"C18.7","1","A52480","Malignant neoplasm of sigmoid colon"
"C18.8","1","A52480","Malignant neoplasm of overlapping sites of colon"
"C19","1","A52480","Malignant neoplasm of rectosigmoid junction"
"C20","1","A52480","Malignant neoplasm of rectum"
"C21.0","1","A52480","Malignant neoplasm of anus, unspecified"
"C21.1","1","A52480","Malignant neoplasm of anal canal"
"C21.2","1","A52480","Malignant neoplasm of cloacogenic zone"
"C21.8","1","A52480","Malignant neoplasm of overlapping sites of rectum, anus and anal canal"
"C22.0","1","A52480","Liver cell carcinoma"
"C22.1","1","A52480","Intrahepatic bile duct carcinoma"
"C22.2","1","A52480","Hepatoblastoma"
"C22.3","1","A52480","Angiosarcoma of liver"
"C22.4","1","A52480","Other sarcomas of liver"
"C22.7","1","A52480","Other specified carcinomas of liver"
"C22.8","1","A52480","Malignant neoplasm of liver, primary, unspecified as to type"
"C22.9","1","A52480","Malignant neoplasm of liver, not specified as primary or secondary"
"C23","1","A52480","Malignant neoplasm of gallbladder"
"C24.0","1","A52480","Malignant neoplasm of extrahepatic bile duct"
"C24.1","1","A52480","Malignant neoplasm of ampulla of Vater"
"C24.8","1","A52480","Malignant neoplasm of overlapping sites of biliary tract"
"C24.9","1","A52480","Malignant neoplasm of biliary tract, unspecified"
"C25.0","1","A52480","Malignant neoplasm of head of pancreas"
"C25.1","1","A52480","Malignant neoplasm of body of pancreas"
"C25.2","1","A52480","Malignant neoplasm of tail of pancreas"
"C25.3","1","A52480","Malignant neoplasm of pancreatic duct"
"C25.4","1","A52480","Malignant neoplasm of endocrine pancreas"
"C25.7","1","A52480","Malignant neoplasm of other parts of pancreas"
"C25.8","1","A52480","Malignant neoplasm of overlapping sites of pancreas"
"C26.0","1","A52480","Malignant neoplasm of intestinal tract, part unspecified"
"C26.1","1","A52480","Malignant neoplasm of spleen"
"C26.9","1","A52480","Malignant neoplasm of ill-defined sites within the digestive system"
"C30.0","1","A52480","Malignant neoplasm of nasal cavity"
"C30.1","1","A52480","Malignant neoplasm of middle ear"
"C31.0","1","A52480","Malignant neoplasm of maxillary sinus"
"C31.1","1","A52480","Malignant neoplasm of ethmoidal sinus"
"C31.2","1","A52480","Malignant neoplasm of frontal sinus"
"C31.3","1","A52480","Malignant neoplasm of sphenoid sinus"
"C31.8","1","A52480","Malignant neoplasm of overlapping sites of accessory sinuses"
"C31.9","1","A52480","Malignant neoplasm of accessory sinus, unspecified"
"C32.0","1","A52480","Malignant neoplasm of glottis"
"C32.1","1","A52480","Malignant neoplasm of supraglottis"
"C32.2","1","A52480","Malignant neoplasm of subglottis"
"C32.3","1","A52480","Malignant neoplasm of laryngeal cartilage"
"C32.8","1","A52480","Malignant neoplasm of overlapping sites of larynx"
"C32.9","1","A52480","Malignant neoplasm of larynx, unspecified"
"C33","1","A52480","Malignant neoplasm of trachea"
"C34.01","1","A52480","Malignant neoplasm of right main bronchus"
"C34.02","1","A52480","Malignant neoplasm of left main bronchus"
"C34.11","1","A52480","Malignant neoplasm of upper lobe, right bronchus or lung"
"C34.12","1","A52480","Malignant neoplasm of upper lobe, left bronchus or lung"
"C34.2","1","A52480","Malignant neoplasm of middle lobe, bronchus or lung"
"C34.31","1","A52480","Malignant neoplasm of lower lobe, right bronchus or lung"
"C34.32","1","A52480","Malignant neoplasm of lower lobe, left bronchus or lung"
"C34.81","1","A52480","Malignant neoplasm of overlapping sites of right bronchus and lung"
"C34.82","1","A52480","Malignant neoplasm of overlapping sites of left bronchus and lung"
"C34.91","1","A52480","Malignant neoplasm of unspecified part of right bronchus or lung"
"C34.92","1","A52480","Malignant neoplasm of unspecified part of left bronchus or lung"
"C37","1","A52480","Malignant neoplasm of thymus"
"C38.0","1","A52480","Malignant neoplasm of heart"
"C38.1","1","A52480","Malignant neoplasm of anterior mediastinum"
"C38.2","1","A52480","Malignant neoplasm of posterior mediastinum"
"C38.4","1","A52480","Malignant neoplasm of pleura"
"C38.8","1","A52480","Malignant neoplasm of overlapping sites of heart, mediastinum and pleura"
"C39.0","1","A52480","Malignant neoplasm of upper respiratory tract, part unspecified"
"C39.9","1","A52480","Malignant neoplasm of lower respiratory tract, part unspecified"
"C40.01","1","A52480","Malignant neoplasm of scapula and long bones of right upper limb"
"C40.02","1","A52480","Malignant neoplasm of scapula and long bones of left upper limb"
"C40.11","1","A52480","Malignant neoplasm of short bones of right upper limb"
"C40.12","1","A52480","Malignant neoplasm of short bones of left upper limb"
"C40.21","1","A52480","Malignant neoplasm of long bones of right lower limb"
"C40.22","1","A52480","Malignant neoplasm of long bones of left lower limb"
"C40.31","1","A52480","Malignant neoplasm of short bones of right lower limb"
"C40.32","1","A52480","Malignant neoplasm of short bones of left lower limb"
"C40.81","1","A52480","Malignant neoplasm of overlapping sites of bone and articular cartilage of right limb"
"C40.82","1","A52480","Malignant neoplasm of overlapping sites of bone and articular cartilage of left limb"
"C40.91","1","A52480","Malignant neoplasm of unspecified bones and articular cartilage of right limb"
"C40.92","1","A52480","Malignant neoplasm of unspecified bones and articular cartilage of left limb"
"C41.0","1","A52480","Malignant neoplasm of bones of skull and face"
"C41.1","1","A52480","Malignant neoplasm of mandible"
"C41.2","1","A52480","Malignant neoplasm of vertebral column"
"C41.3","1","A52480","Malignant neoplasm of ribs, sternum and clavicle"
"C41.4","1","A52480","Malignant neoplasm of pelvic bones, sacrum and coccyx"
"C43.0","1","A52480","Malignant melanoma of lip"
"C43.10","1","A52480","Malignant melanoma of unspecified eyelid, including canthus"
"C43.111","1","A52480","Malignant melanoma of right upper eyelid, including canthus"
"C43.112","1","A52480","Malignant melanoma of right lower eyelid, including canthus"
"C43.121","1","A52480","Malignant melanoma of left upper eyelid, including canthus"
"C43.122","1","A52480","Malignant melanoma of left lower eyelid, including canthus"
"C43.20","1","A52480","Malignant melanoma of unspecified ear and external auricular canal"
"C43.21","1","A52480","Malignant melanoma of right ear and external auricular canal"
"C43.22","1","A52480","Malignant melanoma of left ear and external auricular canal"
"C43.30","1","A52480","Malignant melanoma of unspecified part of face"
"C43.31","1","A52480","Malignant melanoma of nose"
"C43.39","1","A52480","Malignant melanoma of other parts of face"
"C43.4","1","A52480","Malignant melanoma of scalp and neck"
"C43.51","1","A52480","Malignant melanoma of anal skin"
"C43.52","1","A52480","Malignant melanoma of skin of breast"
"C43.59","1","A52480","Malignant melanoma of other part of trunk"
"C43.60","1","A52480","Malignant melanoma of unspecified upper limb, including shoulder"
"C43.61","1","A52480","Malignant melanoma of right upper limb, including shoulder"
"C43.62","1","A52480","Malignant melanoma of left upper limb, including shoulder"
"C43.70","1","A52480","Malignant melanoma of unspecified lower limb, including hip"
"C43.71","1","A52480","Malignant melanoma of right lower limb, including hip"
"C43.72","1","A52480","Malignant melanoma of left lower limb, including hip"
"C43.8","1","A52480","Malignant melanoma of overlapping sites of skin"
"C43.9","1","A52480","Malignant melanoma of skin, unspecified"
"C4A.0","1","A52480","Merkel cell carcinoma of lip"
"C4A.111","1","A52480","Merkel cell carcinoma of right upper eyelid, including canthus"
"C4A.112","1","A52480","Merkel cell carcinoma of right lower eyelid, including canthus"
"C4A.121","1","A52480","Merkel cell carcinoma of left upper eyelid, including canthus"
"C4A.122","1","A52480","Merkel cell carcinoma of left lower eyelid, including canthus"
"C4A.21","1","A52480","Merkel cell carcinoma of right ear and external auricular canal"
"C4A.22","1","A52480","Merkel cell carcinoma of left ear and external auricular canal"
"C4A.30","1","A52480","Merkel cell carcinoma of unspecified part of face"
"C4A.31","1","A52480","Merkel cell carcinoma of nose"
"C4A.39","1","A52480","Merkel cell carcinoma of other parts of face"
"C4A.4","1","A52480","Merkel cell carcinoma of scalp and neck"
"C4A.51","1","A52480","Merkel cell carcinoma of anal skin"
"C4A.52","1","A52480","Merkel cell carcinoma of skin of breast"
"C4A.59","1","A52480","Merkel cell carcinoma of other part of trunk"
"C4A.61","1","A52480","Merkel cell carcinoma of right upper limb, including shoulder"
"C4A.62","1","A52480","Merkel cell carcinoma of left upper limb, including shoulder"
"C4A.71","1","A52480","Merkel cell carcinoma of right lower limb, including hip"
"C4A.72","1","A52480","Merkel cell carcinoma of left lower limb, including hip"
"C4A.8","1","A52480","Merkel cell carcinoma of overlapping sites"
"C44.00","1","A52480","Unspecified malignant neoplasm of skin of lip"
"C44.01","1","A52480","Basal cell carcinoma of skin of lip"
"C44.02","1","A52480","Squamous cell carcinoma of skin of lip"
"C44.09","1","A52480","Other specified malignant neoplasm of skin of lip"
"C44.1021","1","A52480","Unspecified malignant neoplasm of skin of right upper eyelid, including canthus"
"C44.1022","1","A52480","Unspecified malignant neoplasm of skin of right lower eyelid, including canthus"
"C44.1091","1","A52480","Unspecified malignant neoplasm of skin of left upper eyelid, including canthus"
"C44.1092","1","A52480","Unspecified malignant neoplasm of skin of left lower eyelid, including canthus"
"C44.1121","1","A52480","Basal cell carcinoma of skin of right upper eyelid, including canthus"
"C44.1122","1","A52480","Basal cell carcinoma of skin of right lower eyelid, including canthus"
"C44.1191","1","A52480","Basal cell carcinoma of skin of left upper eyelid, including canthus"
"C44.1192","1","A52480","Basal cell carcinoma of skin of left lower eyelid, including canthus"
"C44.1221","1","A52480","Squamous cell carcinoma of skin of right upper eyelid, including canthus"
"C44.1222","1","A52480","Squamous cell carcinoma of skin of right lower eyelid, including canthus"
"C44.1291","1","A52480","Squamous cell carcinoma of skin of left upper eyelid, including canthus"
"C44.1292","1","A52480","Squamous cell carcinoma of skin of left lower eyelid, including canthus"
"C44.1921","1","A52480","Other specified malignant neoplasm of skin of right upper eyelid, including canthus"
"C44.1922","1","A52480","Other specified malignant neoplasm of skin of right lower eyelid, including canthus"
"C44.1991","1","A52480","Other specified malignant neoplasm of skin of left upper eyelid, including canthus"
"C44.1992","1","A52480","Other specified malignant neoplasm of skin of left lower eyelid, including canthus"
"C44.202","1","A52480","Unspecified malignant neoplasm of skin of right ear and external auricular canal"
"C44.209","1","A52480","Unspecified malignant neoplasm of skin of left ear and external auricular canal"
"C44.212","1","A52480","Basal cell carcinoma of skin of right ear and external auricular canal"
"C44.219","1","A52480","Basal cell carcinoma of skin of left ear and external auricular canal"
"C44.222","1","A52480","Squamous cell carcinoma of skin of right ear and external auricular canal"
"C44.229","1","A52480","Squamous cell carcinoma of skin of left ear and external auricular canal"
"C44.292","1","A52480","Other specified malignant neoplasm of skin of right ear and external auricular canal"
"C44.299","1","A52480","Other specified malignant neoplasm of skin of left ear and external auricular canal"
"C44.301","1","A52480","Unspecified malignant neoplasm of skin of nose"
"C44.309","1","A52480","Unspecified malignant neoplasm of skin of other parts of face"
"C44.310","1","A52480","Basal cell carcinoma of skin of unspecified parts of face"
"C44.311","1","A52480","Basal cell carcinoma of skin of nose"
"C44.319","1","A52480","Basal cell carcinoma of skin of other parts of face"
"C44.320","1","A52480","Squamous cell carcinoma of skin of unspecified parts of face"
"C44.321","1","A52480","Squamous cell carcinoma of skin of nose"
"C44.329","1","A52480","Squamous cell carcinoma of skin of other parts of face"
"C44.390","1","A52480","Other specified malignant neoplasm of skin of unspecified parts of face"
"C44.391","1","A52480","Other specified malignant neoplasm of skin of nose"
"C44.399","1","A52480","Other specified malignant neoplasm of skin of other parts of face"
"C44.40","1","A52480","Unspecified malignant neoplasm of skin of scalp and neck"
"C44.41","1","A52480","Basal cell carcinoma of skin of scalp and neck"
"C44.42","1","A52480","Squamous cell carcinoma of skin of scalp and neck"
"C44.49","1","A52480","Other specified malignant neoplasm of skin of scalp and neck"
"C44.500","1","A52480","Unspecified malignant neoplasm of anal skin"
"C44.501","1","A52480","Unspecified malignant neoplasm of skin of breast"
"C44.509","1","A52480","Unspecified malignant neoplasm of skin of other part of trunk"
"C44.510","1","A52480","Basal cell carcinoma of anal skin"
"C44.511","1","A52480","Basal cell carcinoma of skin of breast"
"C44.519","1","A52480","Basal cell carcinoma of skin of other part of trunk"
"C44.520","1","A52480","Squamous cell carcinoma of anal skin"
"C44.521","1","A52480","Squamous cell carcinoma of skin of breast"
"C44.529","1","A52480","Squamous cell carcinoma of skin of other part of trunk"
"C44.590","1","A52480","Other specified malignant neoplasm of anal skin"
"C44.591","1","A52480","Other specified malignant neoplasm of skin of breast"
"C44.599","1","A52480","Other specified malignant neoplasm of skin of other part of trunk"
"C44.602","1","A52480","Unspecified malignant neoplasm of skin of right upper limb, including shoulder"
"C44.609","1","A52480","Unspecified malignant neoplasm of skin of left upper limb, including shoulder"
"C44.612","1","A52480","Basal cell carcinoma of skin of right upper limb, including shoulder"
"C44.619","1","A52480","Basal cell carcinoma of skin of left upper limb, including shoulder"
"C44.622","1","A52480","Squamous cell carcinoma of skin of right upper limb, including shoulder"
"C44.629","1","A52480","Squamous cell carcinoma of skin of left upper limb, including shoulder"
"C44.692","1","A52480","Other specified malignant neoplasm of skin of right upper limb, including shoulder"
"C44.699","1","A52480","Other specified malignant neoplasm of skin of left upper limb, including shoulder"
"C44.702","1","A52480","Unspecified malignant neoplasm of skin of right lower limb, including hip"
"C44.709","1","A52480","Unspecified malignant neoplasm of skin of left lower limb, including hip"
"C44.712","1","A52480","Basal cell carcinoma of skin of right lower limb, including hip"
"C44.719","1","A52480","Basal cell carcinoma of skin of left lower limb, including hip"
"C44.722","1","A52480","Squamous cell carcinoma of skin of right lower limb, including hip"
"C44.729","1","A52480","Squamous cell carcinoma of skin of left lower limb, including hip"
"C44.792","1","A52480","Other specified malignant neoplasm of skin of right lower limb, including hip"
"C44.799","1","A52480","Other specified malignant neoplasm of skin of left lower limb, including hip"
"C44.80","1","A52480","Unspecified malignant neoplasm of overlapping sites of skin"
"C44.81","1","A52480","Basal cell carcinoma of overlapping sites of skin"
"C44.82","1","A52480","Squamous cell carcinoma of overlapping sites of skin"
"C44.89","1","A52480","Other specified malignant neoplasm of overlapping sites of skin"
"C44.91","1","A52480","Basal cell carcinoma of skin, unspecified"
"C44.92","1","A52480","Squamous cell carcinoma of skin, unspecified"
"C44.99","1","A52480","Other specified malignant neoplasm of skin, unspecified"
"C45.0","1","A52480","Mesothelioma of pleura"
"C45.1","1","A52480","Mesothelioma of peritoneum"
"C45.2","1","A52480","Mesothelioma of pericardium"
"C45.7","1","A52480","Mesothelioma of other sites"
"C45.9","1","A52480","Mesothelioma, unspecified"
"C46.0","1","A52480","Kaposi's sarcoma of skin"
"C46.1","1","A52480","Kaposi's sarcoma of soft tissue"
"C46.2","1","A52480","Kaposi's sarcoma of palate"
"C46.3","1","A52480","Kaposi's sarcoma of lymph nodes"
"C46.4","1","A52480","Kaposi's sarcoma of gastrointestinal sites"
"C46.51","1","A52480","Kaposi's sarcoma of right lung"
"C46.52","1","A52480","Kaposi's sarcoma of left lung"
"C46.7","1","A52480","Kaposi's sarcoma of other sites"
"C47.0","1","A52480","Malignant neoplasm of peripheral nerves of head, face and neck"
"C47.11","1","A52480","Malignant neoplasm of peripheral nerves of right upper limb, including shoulder"
"C47.12","1","A52480","Malignant neoplasm of peripheral nerves of left upper limb, including shoulder"
"C47.21","1","A52480","Malignant neoplasm of peripheral nerves of right lower limb, including hip"
"C47.22","1","A52480","Malignant neoplasm of peripheral nerves of left lower limb, including hip"
"C47.3","1","A52480","Malignant neoplasm of peripheral nerves of thorax"
"C47.4","1","A52480","Malignant neoplasm of peripheral nerves of abdomen"
"C47.5","1","A52480","Malignant neoplasm of peripheral nerves of pelvis"
"C47.6","1","A52480","Malignant neoplasm of peripheral nerves of trunk, unspecified"
"C47.8","1","A52480","Malignant neoplasm of overlapping sites of peripheral nerves and autonomic nervous system"
"C47.9","1","A52480","Malignant neoplasm of peripheral nerves and autonomic nervous system, unspecified"
"C48.0","1","A52480","Malignant neoplasm of retroperitoneum"
"C48.1","1","A52480","Malignant neoplasm of specified parts of peritoneum"
"C48.2","1","A52480","Malignant neoplasm of peritoneum, unspecified"
"C48.8","1","A52480","Malignant neoplasm of overlapping sites of retroperitoneum and peritoneum"
"C49.0","1","A52480","Malignant neoplasm of connective and soft tissue of head, face and neck"
"C49.11","1","A52480","Malignant neoplasm of connective and soft tissue of right upper limb, including shoulder"
"C49.12","1","A52480","Malignant neoplasm of connective and soft tissue of left upper limb, including shoulder"
"C49.21","1","A52480","Malignant neoplasm of connective and soft tissue of right lower limb, including hip"
"C49.22","1","A52480","Malignant neoplasm of connective and soft tissue of left lower limb, including hip"
"C49.3","1","A52480","Malignant neoplasm of connective and soft tissue of thorax"
"C49.4","1","A52480","Malignant neoplasm of connective and soft tissue of abdomen"
"C49.5","1","A52480","Malignant neoplasm of connective and soft tissue of pelvis"
"C49.6","1","A52480","Malignant neoplasm of connective and soft tissue of trunk, unspecified"
"C49.8","1","A52480","Malignant neoplasm of overlapping sites of connective and soft tissue"
"C49.A0","1","A52480","Gastrointestinal stromal tumor, unspecified site"
"C49.A1","1","A52480","Gastrointestinal stromal tumor of esophagus"
"C49.A2","1","A52480","Gastrointestinal stromal tumor of stomach"
"C49.A3","1","A52480","Gastrointestinal stromal tumor of small intestine"
"C49.A4","1","A52480","Gastrointestinal stromal tumor of large intestine"
"C49.A5","1","A52480","Gastrointestinal stromal tumor of rectum"
"C49.A9","1","A52480","Gastrointestinal stromal tumor of other sites"
"C50.011","1","A52480","Malignant neoplasm of nipple and areola, right female breast"
"C50.012","1","A52480","Malignant neoplasm of nipple and areola, left female breast"
"C50.021","1","A52480","Malignant neoplasm of nipple and areola, right male breast"
"C50.022","1","A52480","Malignant neoplasm of nipple and areola, left male breast"
"C50.111","1","A52480","Malignant neoplasm of central portion of right female breast"
"C50.112","1","A52480","Malignant neoplasm of central portion of left female breast"
"C50.119","1","A52480","Malignant neoplasm of central portion of unspecified female breast"
"C50.121","1","A52480","Malignant neoplasm of central portion of right male breast"
"C50.122","1","A52480","Malignant neoplasm of central portion of left male breast"
"C50.211","1","A52480","Malignant neoplasm of upper-inner quadrant of right female breast"
"C50.212","1","A52480","Malignant neoplasm of upper-inner quadrant of left female breast"
"C50.221","1","A52480","Malignant neoplasm of upper-inner quadrant of right male breast"
"C50.222","1","A52480","Malignant neoplasm of upper-inner quadrant of left male breast"
"C50.311","1","A52480","Malignant neoplasm of lower-inner quadrant of right female breast"
"C50.312","1","A52480","Malignant neoplasm of lower-inner quadrant of left female breast"
"C50.321","1","A52480","Malignant neoplasm of lower-inner quadrant of right male breast"
"C50.322","1","A52480","Malignant neoplasm of lower-inner quadrant of left male breast"
"C50.411","1","A52480","Malignant neoplasm of upper-outer quadrant of right female breast"
"C50.412","1","A52480","Malignant neoplasm of upper-outer quadrant of left female breast"
"C50.421","1","A52480","Malignant neoplasm of upper-outer quadrant of right male breast"
"C50.422","1","A52480","Malignant neoplasm of upper-outer quadrant of left male breast"
"C50.511","1","A52480","Malignant neoplasm of lower-outer quadrant of right female breast"
"C50.512","1","A52480","Malignant neoplasm of lower-outer quadrant of left female breast"
"C50.521","1","A52480","Malignant neoplasm of lower-outer quadrant of right male breast"
"C50.522","1","A52480","Malignant neoplasm of lower-outer quadrant of left male breast"
"C50.611","1","A52480","Malignant neoplasm of axillary tail of right female breast"
"C50.612","1","A52480","Malignant neoplasm of axillary tail of left female breast"
"C50.621","1","A52480","Malignant neoplasm of axillary tail of right male breast"
"C50.622","1","A52480","Malignant neoplasm of axillary tail of left male breast"
"C50.811","1","A52480","Malignant neoplasm of overlapping sites of right female breast"
"C50.812","1","A52480","Malignant neoplasm of overlapping sites of left female breast"
"C50.821","1","A52480","Malignant neoplasm of overlapping sites of right male breast"
"C50.822","1","A52480","Malignant neoplasm of overlapping sites of left male breast"
"C50.911","1","A52480","Malignant neoplasm of unspecified site of right female breast"
"C50.912","1","A52480","Malignant neoplasm of unspecified site of left female breast"
"C50.921","1","A52480","Malignant neoplasm of unspecified site of right male breast"
"C50.922","1","A52480","Malignant neoplasm of unspecified site of left male breast"
"C50.A0","1","A52480","Malignant inflammatory neoplasm of unspecified breast"
"C50.A1","1","A52480","Malignant inflammatory neoplasm of right breast"
"C50.A2","1","A52480","Malignant inflammatory neoplasm of left breast"
"C51.0","1","A52480","Malignant neoplasm of labium majus"
"C51.1","1","A52480","Malignant neoplasm of labium minus"
"C51.2","1","A52480","Malignant neoplasm of clitoris"
"C51.8","1","A52480","Malignant neoplasm of overlapping sites of vulva"
"C51.9","1","A52480","Malignant neoplasm of vulva, unspecified"
"C52","1","A52480","Malignant neoplasm of vagina"
"C53.0","1","A52480","Malignant neoplasm of endocervix"
"C53.1","1","A52480","Malignant neoplasm of exocervix"
"C53.8","1","A52480","Malignant neoplasm of overlapping sites of cervix uteri"
"C53.9","1","A52480","Malignant neoplasm of cervix uteri, unspecified"
"C54.0","1","A52480","Malignant neoplasm of isthmus uteri"
"C54.1","1","A52480","Malignant neoplasm of endometrium"
"C54.2","1","A52480","Malignant neoplasm of myometrium"
"C54.3","1","A52480","Malignant neoplasm of fundus uteri"
"C54.8","1","A52480","Malignant neoplasm of overlapping sites of corpus uteri"
"C54.9","1","A52480","Malignant neoplasm of corpus uteri, unspecified"
"C55","1","A52480","Malignant neoplasm of uterus, part unspecified"
"C56.1","1","A52480","Malignant neoplasm of right ovary"
"C56.2","1","A52480","Malignant neoplasm of left ovary"
"C56.3","1","A52480","Malignant neoplasm of bilateral ovaries"
"C57.01","1","A52480","Malignant neoplasm of right fallopian tube"
"C57.02","1","A52480","Malignant neoplasm of left fallopian tube"
"C57.11","1","A52480","Malignant neoplasm of right broad ligament"
"C57.12","1","A52480","Malignant neoplasm of left broad ligament"
"C57.21","1","A52480","Malignant neoplasm of right round ligament"
"C57.22","1","A52480","Malignant neoplasm of left round ligament"
"C57.3","1","A52480","Malignant neoplasm of parametrium"
"C57.4","1","A52480","Malignant neoplasm of uterine adnexa, unspecified"
"C57.7","1","A52480","Malignant neoplasm of other specified female genital organs"
"C57.8","1","A52480","Malignant neoplasm of overlapping sites of female genital organs"
"C58","1","A52480","Malignant neoplasm of placenta"
"C60.0","1","A52480","Malignant neoplasm of prepuce"
"C60.1","1","A52480","Malignant neoplasm of glans penis"
"C60.2","1","A52480","Malignant neoplasm of body of penis"
"C60.8","1","A52480","Malignant neoplasm of overlapping sites of penis"
"C61","1","A52480","Malignant neoplasm of prostate"
"C62.01","1","A52480","Malignant neoplasm of undescended right testis"
"C62.02","1","A52480","Malignant neoplasm of undescended left testis"
"C62.11","1","A52480","Malignant neoplasm of descended right testis"
"C62.12","1","A52480","Malignant neoplasm of descended left testis"
"C63.01","1","A52480","Malignant neoplasm of right epididymis"
"C63.02","1","A52480","Malignant neoplasm of left epididymis"
"C63.11","1","A52480","Malignant neoplasm of right spermatic cord"
"C63.12","1","A52480","Malignant neoplasm of left spermatic cord"
"C63.2","1","A52480","Malignant neoplasm of scrotum"
"C63.7","1","A52480","Malignant neoplasm of other specified male genital organs"
"C63.8","1","A52480","Malignant neoplasm of overlapping sites of male genital organs"
"C63.9","1","A52480","Malignant neoplasm of male genital organ, unspecified"
"C64.1","1","A52480","Malignant neoplasm of right kidney, except renal pelvis"
"C64.2","1","A52480","Malignant neoplasm of left kidney, except renal pelvis"
"C65.1","1","A52480","Malignant neoplasm of right renal pelvis"
"C65.2","1","A52480","Malignant neoplasm of left renal pelvis"
"C66.1","1","A52480","Malignant neoplasm of right ureter"
"C66.2","1","A52480","Malignant neoplasm of left ureter"
"C67.0","1","A52480","Malignant neoplasm of trigone of bladder"
"C67.1","1","A52480","Malignant neoplasm of dome of bladder"
"C67.2","1","A52480","Malignant neoplasm of lateral wall of bladder"
"C67.3","1","A52480","Malignant neoplasm of anterior wall of bladder"
"C67.4","1","A52480","Malignant neoplasm of posterior wall of bladder"
"C67.5","1","A52480","Malignant neoplasm of bladder neck"
"C67.6","1","A52480","Malignant neoplasm of ureteric orifice"
"C67.7","1","A52480","Malignant neoplasm of urachus"
"C67.8","1","A52480","Malignant neoplasm of overlapping sites of bladder"
"C67.9","1","A52480","Malignant neoplasm of bladder, unspecified"
"C68.0","1","A52480","Malignant neoplasm of urethra"
"C68.1","1","A52480","Malignant neoplasm of paraurethral glands"
"C68.8","1","A52480","Malignant neoplasm of overlapping sites of urinary organs"
"C68.9","1","A52480","Malignant neoplasm of urinary organ, unspecified"
"C69.01","1","A52480","Malignant neoplasm of right conjunctiva"
"C69.02","1","A52480","Malignant neoplasm of left conjunctiva"
"C69.11","1","A52480","Malignant neoplasm of right cornea"
"C69.12","1","A52480","Malignant neoplasm of left cornea"
"C69.21","1","A52480","Malignant neoplasm of right retina"
"C69.22","1","A52480","Malignant neoplasm of left retina"
"C69.31","1","A52480","Malignant neoplasm of right choroid"
"C69.32","1","A52480","Malignant neoplasm of left choroid"
"C69.41","1","A52480","Malignant neoplasm of right ciliary body"
"C69.42","1","A52480","Malignant neoplasm of left ciliary body"
"C69.51","1","A52480","Malignant neoplasm of right lacrimal gland and duct"
"C69.52","1","A52480","Malignant neoplasm of left lacrimal gland and duct"
"C69.61","1","A52480","Malignant neoplasm of right orbit"
"C69.62","1","A52480","Malignant neoplasm of left orbit"
"C69.81","1","A52480","Malignant neoplasm of overlapping sites of right eye and adnexa"
"C69.82","1","A52480","Malignant neoplasm of overlapping sites of left eye and adnexa"
"C69.90","1","A52480","Malignant neoplasm of unspecified site of unspecified eye"
"C69.91","1","A52480","Malignant neoplasm of unspecified site of right eye"
"C69.92","1","A52480","Malignant neoplasm of unspecified site of left eye"
"C70.0","1","A52480","Malignant neoplasm of cerebral meninges"
"C70.1","1","A52480","Malignant neoplasm of spinal meninges"
"C70.9","1","A52480","Malignant neoplasm of meninges, unspecified"
"C71.0","1","A52480","Malignant neoplasm of cerebrum, except lobes and ventricles"
"C71.1","1","A52480","Malignant neoplasm of frontal lobe"
"C71.2","1","A52480","Malignant neoplasm of temporal lobe"
"C71.3","1","A52480","Malignant neoplasm of parietal lobe"
"C71.4","1","A52480","Malignant neoplasm of occipital lobe"
"C71.5","1","A52480","Malignant neoplasm of cerebral ventricle"
"C71.6","1","A52480","Malignant neoplasm of cerebellum"
"C71.7","1","A52480","Malignant neoplasm of brain stem"
"C71.8","1","A52480","Malignant neoplasm of overlapping sites of brain"
"C71.9","1","A52480","Malignant neoplasm of brain, unspecified"
"C72.0","1","A52480","Malignant neoplasm of spinal cord"
"C72.1","1","A52480","Malignant neoplasm of cauda equina"
"C72.21","1","A52480","Malignant neoplasm of right olfactory nerve"
"C72.22","1","A52480","Malignant neoplasm of left olfactory nerve"
"C72.31","1","A52480","Malignant neoplasm of right optic nerve"
"C72.32","1","A52480","Malignant neoplasm of left optic nerve"
"C72.41","1","A52480","Malignant neoplasm of right acoustic nerve"
"C72.42","1","A52480","Malignant neoplasm of left acoustic nerve"
"C72.50","1","A52480","Malignant neoplasm of unspecified cranial nerve"
"C72.59","1","A52480","Malignant neoplasm of other cranial nerves"
"C72.9","1","A52480","Malignant neoplasm of central nervous system, unspecified"
"C73","1","A52480","Malignant neoplasm of thyroid gland"
"C74.01","1","A52480","Malignant neoplasm of cortex of right adrenal gland"
"C74.02","1","A52480","Malignant neoplasm of cortex of left adrenal gland"
"C74.11","1","A52480","Malignant neoplasm of medulla of right adrenal gland"
"C74.12","1","A52480","Malignant neoplasm of medulla of left adrenal gland"
"C74.91","1","A52480","Malignant neoplasm of unspecified part of right adrenal gland"
"C74.92","1","A52480","Malignant neoplasm of unspecified part of left adrenal gland"
"C75.0","1","A52480","Malignant neoplasm of parathyroid gland"
"C75.1","1","A52480","Malignant neoplasm of pituitary gland"
"C75.2","1","A52480","Malignant neoplasm of craniopharyngeal duct"
"C75.3","1","A52480","Malignant neoplasm of pineal gland"
"C75.4","1","A52480","Malignant neoplasm of carotid body"
"C75.5","1","A52480","Malignant neoplasm of aortic body and other paraganglia"
"C75.8","1","A52480","Malignant neoplasm with pluriglandular involvement, unspecified"
"C75.9","1","A52480","Malignant neoplasm of endocrine gland, unspecified"
"C7A.00","1","A52480","Malignant carcinoid tumor of unspecified site"
"C7A.010","1","A52480","Malignant carcinoid tumor of the duodenum"
"C7A.011","1","A52480","Malignant carcinoid tumor of the jejunum"
"C7A.012","1","A52480","Malignant carcinoid tumor of the ileum"
"C7A.019","1","A52480","Malignant carcinoid tumor of the small intestine, unspecified portion"
"C7A.020","1","A52480","Malignant carcinoid tumor of the appendix"
"C7A.021","1","A52480","Malignant carcinoid tumor of the cecum"
"C7A.022","1","A52480","Malignant carcinoid tumor of the ascending colon"
"C7A.023","1","A52480","Malignant carcinoid tumor of the transverse colon"
"C7A.024","1","A52480","Malignant carcinoid tumor of the descending colon"
"C7A.025","1","A52480","Malignant carcinoid tumor of the sigmoid colon"
"C7A.026","1","A52480","Malignant carcinoid tumor of the rectum"
"C7A.029","1","A52480","Malignant carcinoid tumor of the large intestine, unspecified portion"
"C7A.090","1","A52480","Malignant carcinoid tumor of the bronchus and lung"
"C7A.091","1","A52480","Malignant carcinoid tumor of the thymus"
"C7A.092","1","A52480","Malignant carcinoid tumor of the stomach"
"C7A.093","1","A52480","Malignant carcinoid tumor of the kidney"
"C7A.094","1","A52480","Malignant carcinoid tumor of the foregut, unspecified"
"C7A.095","1","A52480","Malignant carcinoid tumor of the midgut, unspecified"
"C7A.096","1","A52480","Malignant carcinoid tumor of the hindgut, unspecified"
"C7A.098","1","A52480","Malignant carcinoid tumors of other sites"
"C7A.1","1","A52480","Malignant poorly differentiated neuroendocrine tumors"
"C7A.8","1","A52480","Other malignant neuroendocrine tumors"
"C7B.00","1","A52480","Secondary carcinoid tumors, unspecified site"
"C7B.01","1","A52480","Secondary carcinoid tumors of distant lymph nodes"
"C7B.02","1","A52480","Secondary carcinoid tumors of liver"
"C7B.03","1","A52480","Secondary carcinoid tumors of bone"
"C7B.04","1","A52480","Secondary carcinoid tumors of peritoneum"
"C7B.09","1","A52480","Secondary carcinoid tumors of other sites"
"C7B.1","1","A52480","Secondary Merkel cell carcinoma"
"C7B.8","1","A52480","Other secondary neuroendocrine tumors"
"C76.0","1","A52480","Malignant neoplasm of head, face and neck"
"C76.1","1","A52480","Malignant neoplasm of thorax"
"C76.2","1","A52480","Malignant neoplasm of abdomen"
"C76.3","1","A52480","Malignant neoplasm of pelvis"
"C76.41","1","A52480","Malignant neoplasm of right upper limb"
"C76.42","1","A52480","Malignant neoplasm of left upper limb"
"C76.51","1","A52480","Malignant neoplasm of right lower limb"
"C76.52","1","A52480","Malignant neoplasm of left lower limb"
"C76.8","1","A52480","Malignant neoplasm of other specified ill-defined sites"
"C77.0","1","A52480","Secondary and unspecified malignant neoplasm of lymph nodes of head, face and neck"
"C77.1","1","A52480","Secondary and unspecified malignant neoplasm of intrathoracic lymph nodes"
"C77.2","1","A52480","Secondary and unspecified malignant neoplasm of intra-abdominal lymph nodes"
"C77.3","1","A52480","Secondary and unspecified malignant neoplasm of axilla and upper limb lymph nodes"
"C77.4","1","A52480","Secondary and unspecified malignant neoplasm of inguinal and lower limb lymph nodes"
"C77.5","1","A52480","Secondary and unspecified malignant neoplasm of intrapelvic lymph nodes"
"C77.8","1","A52480","Secondary and unspecified malignant neoplasm of lymph nodes of multiple regions"
"C78.01","1","A52480","Secondary malignant neoplasm of right lung"
"C78.02","1","A52480","Secondary malignant neoplasm of left lung"
"C78.1","1","A52480","Secondary malignant neoplasm of mediastinum"
"C78.2","1","A52480","Secondary malignant neoplasm of pleura"
"C78.30","1","A52480","Secondary malignant neoplasm of unspecified respiratory organ"
"C78.39","1","A52480","Secondary malignant neoplasm of other respiratory organs"
"C78.4","1","A52480","Secondary malignant neoplasm of small intestine"
"C78.5","1","A52480","Secondary malignant neoplasm of large intestine and rectum"
"C78.6","1","A52480","Secondary malignant neoplasm of retroperitoneum and peritoneum"
"C78.7","1","A52480","Secondary malignant neoplasm of liver and intrahepatic bile duct"
"C78.80","1","A52480","Secondary malignant neoplasm of unspecified digestive organ"
"C78.89","1","A52480","Secondary malignant neoplasm of other digestive organs"
"C79.01","1","A52480","Secondary malignant neoplasm of right kidney and renal pelvis"
"C79.02","1","A52480","Secondary malignant neoplasm of left kidney and renal pelvis"
"C79.10","1","A52480","Secondary malignant neoplasm of unspecified urinary organs"
"C79.11","1","A52480","Secondary malignant neoplasm of bladder"
"C79.19","1","A52480","Secondary malignant neoplasm of other urinary organs"
"C79.2","1","A52480","Secondary malignant neoplasm of skin"
"C79.31","1","A52480","Secondary malignant neoplasm of brain"
"C79.32","1","A52480","Secondary malignant neoplasm of cerebral meninges"
"C79.40","1","A52480","Secondary malignant neoplasm of unspecified part of nervous system"
"C79.49","1","A52480","Secondary malignant neoplasm of other parts of nervous system"
"C79.51","1","A52480","Secondary malignant neoplasm of bone"
"C79.52","1","A52480","Secondary malignant neoplasm of bone marrow"
"C79.61","1","A52480","Secondary malignant neoplasm of right ovary"
"C79.62","1","A52480","Secondary malignant neoplasm of left ovary"
"C79.63","1","A52480","Secondary malignant neoplasm of bilateral ovaries"
"C79.71","1","A52480","Secondary malignant neoplasm of right adrenal gland"
"C79.72","1","A52480","Secondary malignant neoplasm of left adrenal gland"
"C79.81","1","A52480","Secondary malignant neoplasm of breast"
"C79.82","1","A52480","Secondary malignant neoplasm of genital organs"
"C79.89","1","A52480","Secondary malignant neoplasm of other specified sites"
"C79.9","1","A52480","Secondary malignant neoplasm of unspecified site"
"C80.0","1","A52480","Disseminated malignant neoplasm, unspecified"
"C80.1","1","A52480","Malignant (primary) neoplasm, unspecified"
"C80.2","1","A52480","Malignant neoplasm associated with transplanted organ"
"C81.01","1","A52480","Nodular lymphocyte predominant Hodgkin lymphoma, lymph nodes of head, face, and neck"
"C81.02","1","A52480","Nodular lymphocyte predominant Hodgkin lymphoma, intrathoracic lymph nodes"
"C81.03","1","A52480","Nodular lymphocyte predominant Hodgkin lymphoma, intra-abdominal lymph nodes"
"C81.04","1","A52480","Nodular lymphocyte predominant Hodgkin lymphoma, lymph nodes of axilla and upper limb"
"C81.05","1","A52480","Nodular lymphocyte predominant Hodgkin lymphoma, lymph nodes of inguinal region and lower limb"
"C81.06","1","A52480","Nodular lymphocyte predominant Hodgkin lymphoma, intrapelvic lymph nodes"
"C81.07","1","A52480","Nodular lymphocyte predominant Hodgkin lymphoma, spleen"
"C81.08","1","A52480","Nodular lymphocyte predominant Hodgkin lymphoma, lymph nodes of multiple sites"
"C81.09","1","A52480","Nodular lymphocyte predominant Hodgkin lymphoma, extranodal and solid organ sites"
"C81.0A","1","A52480","Nodular lymphocyte predominant Hodgkin lymphoma, in remission"
"C81.11","1","A52480","Nodular sclerosis Hodgkin lymphoma, lymph nodes of head, face, and neck"
"C81.12","1","A52480","Nodular sclerosis Hodgkin lymphoma, intrathoracic lymph nodes"
"C81.13","1","A52480","Nodular sclerosis Hodgkin lymphoma, intra-abdominal lymph nodes"
"C81.14","1","A52480","Nodular sclerosis Hodgkin lymphoma, lymph nodes of axilla and upper limb"
"C81.15","1","A52480","Nodular sclerosis Hodgkin lymphoma, lymph nodes of inguinal region and lower limb"
"C81.16","1","A52480","Nodular sclerosis Hodgkin lymphoma, intrapelvic lymph nodes"
"C81.17","1","A52480","Nodular sclerosis Hodgkin lymphoma, spleen"
"C81.18","1","A52480","Nodular sclerosis Hodgkin lymphoma, lymph nodes of multiple sites"
"C81.19","1","A52480","Nodular sclerosis Hodgkin lymphoma, extranodal and solid organ sites"
"C81.1A","1","A52480","Nodular sclerosis Hodgkin lymphoma, in remission"
"C81.21","1","A52480","Mixed cellularity Hodgkin lymphoma, lymph nodes of head, face, and neck"
"C81.22","1","A52480","Mixed cellularity Hodgkin lymphoma, intrathoracic lymph nodes"
"C81.23","1","A52480","Mixed cellularity Hodgkin lymphoma, intra-abdominal lymph nodes"
"C81.24","1","A52480","Mixed cellularity Hodgkin lymphoma, lymph nodes of axilla and upper limb"
"C81.25","1","A52480","Mixed cellularity Hodgkin lymphoma, lymph nodes of inguinal region and lower limb"
"C81.26","1","A52480","Mixed cellularity Hodgkin lymphoma, intrapelvic lymph nodes"
"C81.27","1","A52480","Mixed cellularity Hodgkin lymphoma, spleen"
"C81.28","1","A52480","Mixed cellularity Hodgkin lymphoma, lymph nodes of multiple sites"
"C81.29","1","A52480","Mixed cellularity Hodgkin lymphoma, extranodal and solid organ sites"
"C81.2A","1","A52480","Mixed cellularity Hodgkin lymphoma, in remission"
"C81.31","1","A52480","Lymphocyte depleted Hodgkin lymphoma, lymph nodes of head, face, and neck"
"C81.32","1","A52480","Lymphocyte depleted Hodgkin lymphoma, intrathoracic lymph nodes"
"C81.33","1","A52480","Lymphocyte depleted Hodgkin lymphoma, intra-abdominal lymph nodes"
"C81.34","1","A52480","Lymphocyte depleted Hodgkin lymphoma, lymph nodes of axilla and upper limb"
"C81.35","1","A52480","Lymphocyte depleted Hodgkin lymphoma, lymph nodes of inguinal region and lower limb"
"C81.36","1","A52480","Lymphocyte depleted Hodgkin lymphoma, intrapelvic lymph nodes"
"C81.37","1","A52480","Lymphocyte depleted Hodgkin lymphoma, spleen"
"C81.38","1","A52480","Lymphocyte depleted Hodgkin lymphoma, lymph nodes of multiple sites"
"C81.39","1","A52480","Lymphocyte depleted Hodgkin lymphoma, extranodal and solid organ sites"
"C81.3A","1","A52480","Lymphocyte depleted Hodgkin lymphoma, in remission"
"C81.41","1","A52480","Lymphocyte-rich Hodgkin lymphoma, lymph nodes of head, face, and neck"
"C81.42","1","A52480","Lymphocyte-rich Hodgkin lymphoma, intrathoracic lymph nodes"
"C81.43","1","A52480","Lymphocyte-rich Hodgkin lymphoma, intra-abdominal lymph nodes"
"C81.44","1","A52480","Lymphocyte-rich Hodgkin lymphoma, lymph nodes of axilla and upper limb"
"C81.45","1","A52480","Lymphocyte-rich Hodgkin lymphoma, lymph nodes of inguinal region and lower limb"
"C81.46","1","A52480","Lymphocyte-rich Hodgkin lymphoma, intrapelvic lymph nodes"
"C81.47","1","A52480","Lymphocyte-rich Hodgkin lymphoma, spleen"
"C81.48","1","A52480","Lymphocyte-rich Hodgkin lymphoma, lymph nodes of multiple sites"
"C81.49","1","A52480","Lymphocyte-rich Hodgkin lymphoma, extranodal and solid organ sites"
"C81.4A","1","A52480","Lymphocyte-rich Hodgkin lymphoma, in remission"
"C81.71","1","A52480","Other Hodgkin lymphoma, lymph nodes of head, face, and neck"
"C81.72","1","A52480","Other Hodgkin lymphoma, intrathoracic lymph nodes"
"C81.73","1","A52480","Other Hodgkin lymphoma, intra-abdominal lymph nodes"
"C81.74","1","A52480","Other Hodgkin lymphoma, lymph nodes of axilla and upper limb"
"C81.75","1","A52480","Other Hodgkin lymphoma, lymph nodes of inguinal region and lower limb"
"C81.76","1","A52480","Other Hodgkin lymphoma, intrapelvic lymph nodes"
"C81.77","1","A52480","Other Hodgkin lymphoma, spleen"
"C81.78","1","A52480","Other Hodgkin lymphoma, lymph nodes of multiple sites"
"C81.79","1","A52480","Other Hodgkin lymphoma, extranodal and solid organ sites"
"C81.7A","1","A52480","Other Hodgkin lymphoma, in remission"
"C81.90","1","A52480","Hodgkin lymphoma, unspecified, unspecified site"
"C81.91","1","A52480","Hodgkin lymphoma, unspecified, lymph nodes of head, face, and neck"
"C81.92","1","A52480","Hodgkin lymphoma, unspecified, intrathoracic lymph nodes"
"C81.93","1","A52480","Hodgkin lymphoma, unspecified, intra-abdominal lymph nodes"
"C81.94","1","A52480","Hodgkin lymphoma, unspecified, lymph nodes of axilla and upper limb"
"C81.95","1","A52480","Hodgkin lymphoma, unspecified, lymph nodes of inguinal region and lower limb"
"C81.96","1","A52480","Hodgkin lymphoma, unspecified, intrapelvic lymph nodes"
"C81.97","1","A52480","Hodgkin lymphoma, unspecified, spleen"
"C81.98","1","A52480","Hodgkin lymphoma, unspecified, lymph nodes of multiple sites"
"C81.99","1","A52480","Hodgkin lymphoma, unspecified, extranodal and solid organ sites"
"C81.9A","1","A52480","Hodgkin lymphoma, unspecified, in remission"
"C82.01","1","A52480","Follicular lymphoma grade I, lymph nodes of head, face, and neck"
"C82.02","1","A52480","Follicular lymphoma grade I, intrathoracic lymph nodes"
"C82.03","1","A52480","Follicular lymphoma grade I, intra-abdominal lymph nodes"
"C82.04","1","A52480","Follicular lymphoma grade I, lymph nodes of axilla and upper limb"
"C82.05","1","A52480","Follicular lymphoma grade I, lymph nodes of inguinal region and lower limb"
"C82.06","1","A52480","Follicular lymphoma grade I, intrapelvic lymph nodes"
"C82.07","1","A52480","Follicular lymphoma grade I, spleen"
"C82.08","1","A52480","Follicular lymphoma grade I, lymph nodes of multiple sites"
"C82.09","1","A52480","Follicular lymphoma grade I, extranodal and solid organ sites"
"C82.0A","1","A52480","Follicular lymphoma grade I, in remission"
"C82.11","1","A52480","Follicular lymphoma grade II, lymph nodes of head, face, and neck"
"C82.12","1","A52480","Follicular lymphoma grade II, intrathoracic lymph nodes"
"C82.13","1","A52480","Follicular lymphoma grade II, intra-abdominal lymph nodes"
"C82.14","1","A52480","Follicular lymphoma grade II, lymph nodes of axilla and upper limb"
"C82.15","1","A52480","Follicular lymphoma grade II, lymph nodes of inguinal region and lower limb"
"C82.16","1","A52480","Follicular lymphoma grade II, intrapelvic lymph nodes"
"C82.17","1","A52480","Follicular lymphoma grade II, spleen"
"C82.18","1","A52480","Follicular lymphoma grade II, lymph nodes of multiple sites"
"C82.19","1","A52480","Follicular lymphoma grade II, extranodal and solid organ sites"
"C82.1A","1","A52480","Follicular lymphoma grade II, in remission"
"C82.21","1","A52480","Follicular lymphoma grade III, unspecified, lymph nodes of head, face, and neck"
"C82.22","1","A52480","Follicular lymphoma grade III, unspecified, intrathoracic lymph nodes"
"C82.23","1","A52480","Follicular lymphoma grade III, unspecified, intra-abdominal lymph nodes"
"C82.24","1","A52480","Follicular lymphoma grade III, unspecified, lymph nodes of axilla and upper limb"
"C82.25","1","A52480","Follicular lymphoma grade III, unspecified, lymph nodes of inguinal region and lower limb"
"C82.26","1","A52480","Follicular lymphoma grade III, unspecified, intrapelvic lymph nodes"
"C82.27","1","A52480","Follicular lymphoma grade III, unspecified, spleen"
"C82.28","1","A52480","Follicular lymphoma grade III, unspecified, lymph nodes of multiple sites"
"C82.29","1","A52480","Follicular lymphoma grade III, unspecified, extranodal and solid organ sites"
"C82.2A","1","A52480","Follicular lymphoma grade III, unspecified, in remission"
"C82.31","1","A52480","Follicular lymphoma grade IIIa, lymph nodes of head, face, and neck"
"C82.32","1","A52480","Follicular lymphoma grade IIIa, intrathoracic lymph nodes"
"C82.33","1","A52480","Follicular lymphoma grade IIIa, intra-abdominal lymph nodes"
"C82.34","1","A52480","Follicular lymphoma grade IIIa, lymph nodes of axilla and upper limb"
"C82.35","1","A52480","Follicular lymphoma grade IIIa, lymph nodes of inguinal region and lower limb"
"C82.36","1","A52480","Follicular lymphoma grade IIIa, intrapelvic lymph nodes"
"C82.37","1","A52480","Follicular lymphoma grade IIIa, spleen"
"C82.38","1","A52480","Follicular lymphoma grade IIIa, lymph nodes of multiple sites"
"C82.39","1","A52480","Follicular lymphoma grade IIIa, extranodal and solid organ sites"
"C82.3A","1","A52480","Follicular lymphoma grade IIIa, in remission"
"C82.41","1","A52480","Follicular lymphoma grade IIIb, lymph nodes of head, face, and neck"
"C82.42","1","A52480","Follicular lymphoma grade IIIb, intrathoracic lymph nodes"
"C82.43","1","A52480","Follicular lymphoma grade IIIb, intra-abdominal lymph nodes"
"C82.44","1","A52480","Follicular lymphoma grade IIIb, lymph nodes of axilla and upper limb"
"C82.45","1","A52480","Follicular lymphoma grade IIIb, lymph nodes of inguinal region and lower limb"
"C82.46","1","A52480","Follicular lymphoma grade IIIb, intrapelvic lymph nodes"
"C82.47","1","A52480","Follicular lymphoma grade IIIb, spleen"
"C82.48","1","A52480","Follicular lymphoma grade IIIb, lymph nodes of multiple sites"
"C82.49","1","A52480","Follicular lymphoma grade IIIb, extranodal and solid organ sites"
"C82.4A","1","A52480","Follicular lymphoma grade IIIb, in remission"
"C82.51","1","A52480","Diffuse follicle center lymphoma, lymph nodes of head, face, and neck"
"C82.52","1","A52480","Diffuse follicle center lymphoma, intrathoracic lymph nodes"
"C82.53","1","A52480","Diffuse follicle center lymphoma, intra-abdominal lymph nodes"
"C82.54","1","A52480","Diffuse follicle center lymphoma, lymph nodes of axilla and upper limb"
"C82.55","1","A52480","Diffuse follicle center lymphoma, lymph nodes of inguinal region and lower limb"
"C82.56","1","A52480","Diffuse follicle center lymphoma, intrapelvic lymph nodes"
"C82.57","1","A52480","Diffuse follicle center lymphoma, spleen"
"C82.58","1","A52480","Diffuse follicle center lymphoma, lymph nodes of multiple sites"
"C82.59","1","A52480","Diffuse follicle center lymphoma, extranodal and solid organ sites"
"C82.5A","1","A52480","Diffuse follicle center lymphoma, in remission"
"C82.61","1","A52480","Cutaneous follicle center lymphoma, lymph nodes of head, face, and neck"
"C82.62","1","A52480","Cutaneous follicle center lymphoma, intrathoracic lymph nodes"
"C82.63","1","A52480","Cutaneous follicle center lymphoma, intra-abdominal lymph nodes"
"C82.64","1","A52480","Cutaneous follicle center lymphoma, lymph nodes of axilla and upper limb"
"C82.65","1","A52480","Cutaneous follicle center lymphoma, lymph nodes of inguinal region and lower limb"
"C82.66","1","A52480","Cutaneous follicle center lymphoma, intrapelvic lymph nodes"
"C82.67","1","A52480","Cutaneous follicle center lymphoma, spleen"
"C82.68","1","A52480","Cutaneous follicle center lymphoma, lymph nodes of multiple sites"
"C82.69","1","A52480","Cutaneous follicle center lymphoma, extranodal and solid organ sites"
"C82.6A","1","A52480","Cutaneous follicle center lymphoma, in remission"
"C82.81","1","A52480","Other types of follicular lymphoma, lymph nodes of head, face, and neck"
"C82.82","1","A52480","Other types of follicular lymphoma, intrathoracic lymph nodes"
"C82.83","1","A52480","Other types of follicular lymphoma, intra-abdominal lymph nodes"
"C82.84","1","A52480","Other types of follicular lymphoma, lymph nodes of axilla and upper limb"
"C82.85","1","A52480","Other types of follicular lymphoma, lymph nodes of inguinal region and lower limb"
"C82.86","1","A52480","Other types of follicular lymphoma, intrapelvic lymph nodes"
"C82.87","1","A52480","Other types of follicular lymphoma, spleen"
"C82.88","1","A52480","Other types of follicular lymphoma, lymph nodes of multiple sites"
"C82.89","1","A52480","Other types of follicular lymphoma, extranodal and solid organ sites"
"C82.8A","1","A52480","Other types of follicular lymphoma, in remission"
"C82.91","1","A52480","Follicular lymphoma, unspecified, lymph nodes of head, face, and neck"
"C82.92","1","A52480","Follicular lymphoma, unspecified, intrathoracic lymph nodes"
"C82.93","1","A52480","Follicular lymphoma, unspecified, intra-abdominal lymph nodes"
"C82.94","1","A52480","Follicular lymphoma, unspecified, lymph nodes of axilla and upper limb"
"C82.95","1","A52480","Follicular lymphoma, unspecified, lymph nodes of inguinal region and lower limb"
"C82.96","1","A52480","Follicular lymphoma, unspecified, intrapelvic lymph nodes"
"C82.97","1","A52480","Follicular lymphoma, unspecified, spleen"
"C82.98","1","A52480","Follicular lymphoma, unspecified, lymph nodes of multiple sites"
"C82.99","1","A52480","Follicular lymphoma, unspecified, extranodal and solid organ sites"
"C82.9A","1","A52480","Follicular lymphoma, unspecified, in remission"
"C83.01","1","A52480","Small cell B-cell lymphoma, lymph nodes of head, face, and neck"
"C83.02","1","A52480","Small cell B-cell lymphoma, intrathoracic lymph nodes"
"C83.03","1","A52480","Small cell B-cell lymphoma, intra-abdominal lymph nodes"
"C83.04","1","A52480","Small cell B-cell lymphoma, lymph nodes of axilla and upper limb"
"C83.05","1","A52480","Small cell B-cell lymphoma, lymph nodes of inguinal region and lower limb"
"C83.06","1","A52480","Small cell B-cell lymphoma, intrapelvic lymph nodes"
"C83.07","1","A52480","Small cell B-cell lymphoma, spleen"
"C83.08","1","A52480","Small cell B-cell lymphoma, lymph nodes of multiple sites"
"C83.09","1","A52480","Small cell B-cell lymphoma, extranodal and solid organ sites"
"C83.0A","1","A52480","Small cell B-cell lymphoma, in remission"
"C83.11","1","A52480","Mantle cell lymphoma, lymph nodes of head, face, and neck"
"C83.12","1","A52480","Mantle cell lymphoma, intrathoracic lymph nodes"
"C83.13","1","A52480","Mantle cell lymphoma, intra-abdominal lymph nodes"
"C83.14","1","A52480","Mantle cell lymphoma, lymph nodes of axilla and upper limb"
"C83.15","1","A52480","Mantle cell lymphoma, lymph nodes of inguinal region and lower limb"
"C83.16","1","A52480","Mantle cell lymphoma, intrapelvic lymph nodes"
"C83.17","1","A52480","Mantle cell lymphoma, spleen"
"C83.18","1","A52480","Mantle cell lymphoma, lymph nodes of multiple sites"
"C83.19","1","A52480","Mantle cell lymphoma, extranodal and solid organ sites"
"C83.1A","1","A52480","Mantle cell lymphoma, in remission"
"C83.31","1","A52480","Diffuse large B-cell lymphoma, lymph nodes of head, face, and neck"
"C83.32","1","A52480","Diffuse large B-cell lymphoma, intrathoracic lymph nodes"
"C83.33","1","A52480","Diffuse large B-cell lymphoma, intra-abdominal lymph nodes"
"C83.34","1","A52480","Diffuse large B-cell lymphoma, lymph nodes of axilla and upper limb"
"C83.35","1","A52480","Diffuse large B-cell lymphoma, lymph nodes of inguinal region and lower limb"
"C83.36","1","A52480","Diffuse large B-cell lymphoma, intrapelvic lymph nodes"
"C83.37","1","A52480","Diffuse large B-cell lymphoma, spleen"
"C83.38","1","A52480","Diffuse large B-cell lymphoma, lymph nodes of multiple sites"
"C83.390","1","A52480","Primary central nervous system lymphoma"
"C83.398","1","A52480","Diffuse large B-cell lymphoma of other extranodal and solid organ sites"
"C83.3A","1","A52480","Diffuse large B-cell lymphoma, in remission"
"C83.51","1","A52480","Lymphoblastic (diffuse) lymphoma, lymph nodes of head, face, and neck"
"C83.52","1","A52480","Lymphoblastic (diffuse) lymphoma, intrathoracic lymph nodes"
"C83.53","1","A52480","Lymphoblastic (diffuse) lymphoma, intra-abdominal lymph nodes"
"C83.54","1","A52480","Lymphoblastic (diffuse) lymphoma, lymph nodes of axilla and upper limb"
"C83.55","1","A52480","Lymphoblastic (diffuse) lymphoma, lymph nodes of inguinal region and lower limb"
"C83.56","1","A52480","Lymphoblastic (diffuse) lymphoma, intrapelvic lymph nodes"
"C83.57","1","A52480","Lymphoblastic (diffuse) lymphoma, spleen"
"C83.58","1","A52480","Lymphoblastic (diffuse) lymphoma, lymph nodes of multiple sites"
"C83.59","1","A52480","Lymphoblastic (diffuse) lymphoma, extranodal and solid organ sites"
"C83.5A","1","A52480","Lymphoblastic (diffuse) lymphoma, in remission"
"C83.71","1","A52480","Burkitt lymphoma, lymph nodes of head, face, and neck"
"C83.72","1","A52480","Burkitt lymphoma, intrathoracic lymph nodes"
"C83.73","1","A52480","Burkitt lymphoma, intra-abdominal lymph nodes"
"C83.74","1","A52480","Burkitt lymphoma, lymph nodes of axilla and upper limb"
"C83.75","1","A52480","Burkitt lymphoma, lymph nodes of inguinal region and lower limb"
"C83.76","1","A52480","Burkitt lymphoma, intrapelvic lymph nodes"
"C83.77","1","A52480","Burkitt lymphoma, spleen"
"C83.78","1","A52480","Burkitt lymphoma, lymph nodes of multiple sites"
"C83.79","1","A52480","Burkitt lymphoma, extranodal and solid organ sites"
"C83.7A","1","A52480","Burkitt lymphoma, in remission"
"C83.81","1","A52480","Other non-follicular lymphoma, lymph nodes of head, face, and neck"
"C83.82","1","A52480","Other non-follicular lymphoma, intrathoracic lymph nodes"
"C83.83","1","A52480","Other non-follicular lymphoma, intra-abdominal lymph nodes"
"C83.84","1","A52480","Other non-follicular lymphoma, lymph nodes of axilla and upper limb"
"C83.85","1","A52480","Other non-follicular lymphoma, lymph nodes of inguinal region and lower limb"
"C83.86","1","A52480","Other non-follicular lymphoma, intrapelvic lymph nodes"
"C83.87","1","A52480","Other non-follicular lymphoma, spleen"
"C83.88","1","A52480","Other non-follicular lymphoma, lymph nodes of multiple sites"
"C83.89","1","A52480","Other non-follicular lymphoma, extranodal and solid organ sites"
"C83.8A","1","A52480","Other non-follicular lymphoma, in remission"
"C83.91","1","A52480","Non-follicular (diffuse) lymphoma, unspecified, lymph nodes of head, face, and neck"
"C83.92","1","A52480","Non-follicular (diffuse) lymphoma, unspecified, intrathoracic lymph nodes"
"C83.93","1","A52480","Non-follicular (diffuse) lymphoma, unspecified, intra-abdominal lymph nodes"
"C83.94","1","A52480","Non-follicular (diffuse) lymphoma, unspecified, lymph nodes of axilla and upper limb"
"C83.95","1","A52480","Non-follicular (diffuse) lymphoma, unspecified, lymph nodes of inguinal region and lower limb"
"C83.96","1","A52480","Non-follicular (diffuse) lymphoma, unspecified, intrapelvic lymph nodes"
"C83.97","1","A52480","Non-follicular (diffuse) lymphoma, unspecified, spleen"
"C83.98","1","A52480","Non-follicular (diffuse) lymphoma, unspecified, lymph nodes of multiple sites"
"C83.99","1","A52480","Non-follicular (diffuse) lymphoma, unspecified, extranodal and solid organ sites"
"C83.9A","1","A52480","Non-follicular (diffuse) lymphoma, unspecified, in remission"
"C84.01","1","A52480","Mycosis fungoides, lymph nodes of head, face, and neck"
"C84.02","1","A52480","Mycosis fungoides, intrathoracic lymph nodes"
"C84.03","1","A52480","Mycosis fungoides, intra-abdominal lymph nodes"
"C84.04","1","A52480","Mycosis fungoides, lymph nodes of axilla and upper limb"
"C84.05","1","A52480","Mycosis fungoides, lymph nodes of inguinal region and lower limb"
"C84.06","1","A52480","Mycosis fungoides, intrapelvic lymph nodes"
"C84.07","1","A52480","Mycosis fungoides, spleen"
"C84.08","1","A52480","Mycosis fungoides, lymph nodes of multiple sites"
"C84.09","1","A52480","Mycosis fungoides, extranodal and solid organ sites"
"C84.0A","1","A52480","Mycosis fungoides, in remission"
"C84.11","1","A52480","Sezary disease, lymph nodes of head, face, and neck"
"C84.12","1","A52480","Sezary disease, intrathoracic lymph nodes"
"C84.13","1","A52480","Sezary disease, intra-abdominal lymph nodes"
"C84.14","1","A52480","Sezary disease, lymph nodes of axilla and upper limb"
"C84.15","1","A52480","Sezary disease, lymph nodes of inguinal region and lower limb"
"C84.16","1","A52480","Sezary disease, intrapelvic lymph nodes"
"C84.17","1","A52480","Sezary disease, spleen"
"C84.18","1","A52480","Sezary disease, lymph nodes of multiple sites"
"C84.19","1","A52480","Sezary disease, extranodal and solid organ sites"
"C84.1A","1","A52480","Sezary disease, in remission"
"C84.41","1","A52480","Peripheral T-cell lymphoma, not elsewhere classified, lymph nodes of head, face, and neck"
"C84.42","1","A52480","Peripheral T-cell lymphoma, not elsewhere classified, intrathoracic lymph nodes"
"C84.43","1","A52480","Peripheral T-cell lymphoma, not elsewhere classified, intra-abdominal lymph nodes"
"C84.44","1","A52480","Peripheral T-cell lymphoma, not elsewhere classified, lymph nodes of axilla and upper limb"
"C84.45","1","A52480","Peripheral T-cell lymphoma, not elsewhere classified, lymph nodes of inguinal region and lower limb"
"C84.46","1","A52480","Peripheral T-cell lymphoma, not elsewhere classified, intrapelvic lymph nodes"
"C84.47","1","A52480","Peripheral T-cell lymphoma, not elsewhere classified, spleen"
"C84.48","1","A52480","Peripheral T-cell lymphoma, not elsewhere classified, lymph nodes of multiple sites"
"C84.49","1","A52480","Peripheral T-cell lymphoma, not elsewhere classified, extranodal and solid organ sites"
"C84.4A","1","A52480","Peripheral T-cell lymphoma, not elsewhere classified, in remission"
"C84.61","1","A52480","Anaplastic large cell lymphoma, ALK-positive, lymph nodes of head, face, and neck"
"C84.62","1","A52480","Anaplastic large cell lymphoma, ALK-positive, intrathoracic lymph nodes"
"C84.63","1","A52480","Anaplastic large cell lymphoma, ALK-positive, intra-abdominal lymph nodes"
"C84.64","1","A52480","Anaplastic large cell lymphoma, ALK-positive, lymph nodes of axilla and upper limb"
"C84.65","1","A52480","Anaplastic large cell lymphoma, ALK-positive, lymph nodes of inguinal region and lower limb"
"C84.66","1","A52480","Anaplastic large cell lymphoma, ALK-positive, intrapelvic lymph nodes"
"C84.67","1","A52480","Anaplastic large cell lymphoma, ALK-positive, spleen"
"C84.68","1","A52480","Anaplastic large cell lymphoma, ALK-positive, lymph nodes of multiple sites"
"C84.69","1","A52480","Anaplastic large cell lymphoma, ALK-positive, extranodal and solid organ sites"
"C84.6A","1","A52480","Anaplastic large cell lymphoma, ALK-positive, in remission"
"C84.71","1","A52480","Anaplastic large cell lymphoma, ALK-negative, lymph nodes of head, face, and neck"
"C84.72","1","A52480","Anaplastic large cell lymphoma, ALK-negative, intrathoracic lymph nodes"
"C84.73","1","A52480","Anaplastic large cell lymphoma, ALK-negative, intra-abdominal lymph nodes"
"C84.74","1","A52480","Anaplastic large cell lymphoma, ALK-negative, lymph nodes of axilla and upper limb"
"C84.75","1","A52480","Anaplastic large cell lymphoma, ALK-negative, lymph nodes of inguinal region and lower limb"
"C84.76","1","A52480","Anaplastic large cell lymphoma, ALK-negative, intrapelvic lymph nodes"
"C84.77","1","A52480","Anaplastic large cell lymphoma, ALK-negative, spleen"
"C84.78","1","A52480","Anaplastic large cell lymphoma, ALK-negative, lymph nodes of multiple sites"
"C84.79","1","A52480","Anaplastic large cell lymphoma, ALK-negative, extranodal and solid organ sites"
"C84.7A","1","A52480","Anaplastic large cell lymphoma, ALK-negative, breast"
"C84.7B","1","A52480","Anaplastic large cell lymphoma, ALK-negative, in remission"
"C84.A1","1","A52480","Cutaneous T-cell lymphoma, unspecified lymph nodes of head, face, and neck"
"C84.A2","1","A52480","Cutaneous T-cell lymphoma, unspecified, intrathoracic lymph nodes"
"C84.A3","1","A52480","Cutaneous T-cell lymphoma, unspecified, intra-abdominal lymph nodes"
"C84.A4","1","A52480","Cutaneous T-cell lymphoma, unspecified, lymph nodes of axilla and upper limb"
"C84.A5","1","A52480","Cutaneous T-cell lymphoma, unspecified, lymph nodes of inguinal region and lower limb"
"C84.A6","1","A52480","Cutaneous T-cell lymphoma, unspecified, intrapelvic lymph nodes"
"C84.A7","1","A52480","Cutaneous T-cell lymphoma, unspecified, spleen"
"C84.A8","1","A52480","Cutaneous T-cell lymphoma, unspecified, lymph nodes of multiple sites"
"C84.A9","1","A52480","Cutaneous T-cell lymphoma, unspecified, extranodal and solid organ sites"
"C84.AA","1","A52480","Cutaneous T-cell lymphoma, unspecified, in remission"
"C84.Z1","1","A52480","Other mature T/NK-cell lymphomas, lymph nodes of head, face, and neck"
"C84.Z2","1","A52480","Other mature T/NK-cell lymphomas, intrathoracic lymph nodes"
"C84.Z3","1","A52480","Other mature T/NK-cell lymphomas, intra-abdominal lymph nodes"
"C84.Z4","1","A52480","Other mature T/NK-cell lymphomas, lymph nodes of axilla and upper limb"
"C84.Z5","1","A52480","Other mature T/NK-cell lymphomas, lymph nodes of inguinal region and lower limb"
"C84.Z6","1","A52480","Other mature T/NK-cell lymphomas, intrapelvic lymph nodes"
"C84.Z7","1","A52480","Other mature T/NK-cell lymphomas, spleen"
"C84.Z8","1","A52480","Other mature T/NK-cell lymphomas, lymph nodes of multiple sites"
"C84.Z9","1","A52480","Other mature T/NK-cell lymphomas, extranodal and solid organ sites"
"C84.ZA","1","A52480","Other mature T/NK-cell lymphomas, in remission"
"C84.91","1","A52480","Mature T/NK-cell lymphomas, unspecified, lymph nodes of head, face, and neck"
"C84.92","1","A52480","Mature T/NK-cell lymphomas, unspecified, intrathoracic lymph nodes"
"C84.93","1","A52480","Mature T/NK-cell lymphomas, unspecified, intra-abdominal lymph nodes"
"C84.94","1","A52480","Mature T/NK-cell lymphomas, unspecified, lymph nodes of axilla and upper limb"
"C84.95","1","A52480","Mature T/NK-cell lymphomas, unspecified, lymph nodes of inguinal region and lower limb"
"C84.96","1","A52480","Mature T/NK-cell lymphomas, unspecified, intrapelvic lymph nodes"
"C84.97","1","A52480","Mature T/NK-cell lymphomas, unspecified, spleen"
"C84.98","1","A52480","Mature T/NK-cell lymphomas, unspecified, lymph nodes of multiple sites"
"C84.99","1","A52480","Mature T/NK-cell lymphomas, unspecified, extranodal and solid organ sites"
"C84.9A","1","A52480","Mature T/NK-cell lymphomas, unspecified, in remission"
"C85.11","1","A52480","Unspecified B-cell lymphoma, lymph nodes of head, face, and neck"
"C85.12","1","A52480","Unspecified B-cell lymphoma, intrathoracic lymph nodes"
"C85.13","1","A52480","Unspecified B-cell lymphoma, intra-abdominal lymph nodes"
"C85.14","1","A52480","Unspecified B-cell lymphoma, lymph nodes of axilla and upper limb"
"C85.15","1","A52480","Unspecified B-cell lymphoma, lymph nodes of inguinal region and lower limb"
"C85.16","1","A52480","Unspecified B-cell lymphoma, intrapelvic lymph nodes"
"C85.17","1","A52480","Unspecified B-cell lymphoma, spleen"
"C85.18","1","A52480","Unspecified B-cell lymphoma, lymph nodes of multiple sites"
"C85.19","1","A52480","Unspecified B-cell lymphoma, extranodal and solid organ sites"
"C85.1A","1","A52480","Unspecified B-cell lymphoma, in remission"
"C85.21","1","A52480","Mediastinal (thymic) large B-cell lymphoma, lymph nodes of head, face, and neck"
"C85.22","1","A52480","Mediastinal (thymic) large B-cell lymphoma, intrathoracic lymph nodes"
"C85.23","1","A52480","Mediastinal (thymic) large B-cell lymphoma, intra-abdominal lymph nodes"
"C85.24","1","A52480","Mediastinal (thymic) large B-cell lymphoma, lymph nodes of axilla and upper limb"
"C85.25","1","A52480","Mediastinal (thymic) large B-cell lymphoma, lymph nodes of inguinal region and lower limb"
"C85.26","1","A52480","Mediastinal (thymic) large B-cell lymphoma, intrapelvic lymph nodes"
"C85.27","1","A52480","Mediastinal (thymic) large B-cell lymphoma, spleen"
"C85.28","1","A52480","Mediastinal (thymic) large B-cell lymphoma, lymph nodes of multiple sites"
"C85.29","1","A52480","Mediastinal (thymic) large B-cell lymphoma, extranodal and solid organ sites"
"C85.2A","1","A52480","Mediastinal (thymic) large B-cell lymphoma, in remission"
"C85.80","1","A52480","Other specified types of non-Hodgkin lymphoma, unspecified site"
"C85.81","1","A52480","Other specified types of non-Hodgkin lymphoma, lymph nodes of head, face, and neck"
"C85.82","1","A52480","Other specified types of non-Hodgkin lymphoma, intrathoracic lymph nodes"
"C85.83","1","A52480","Other specified types of non-Hodgkin lymphoma, intra-abdominal lymph nodes"
"C85.84","1","A52480","Other specified types of non-Hodgkin lymphoma, lymph nodes of axilla and upper limb"
"C85.85","1","A52480","Other specified types of non-Hodgkin lymphoma, lymph nodes of inguinal region and lower limb"
"C85.86","1","A52480","Other specified types of non-Hodgkin lymphoma, intrapelvic lymph nodes"
"C85.87","1","A52480","Other specified types of non-Hodgkin lymphoma, spleen"
"C85.88","1","A52480","Other specified types of non-Hodgkin lymphoma, lymph nodes of multiple sites"
"C85.89","1","A52480","Other specified types of non-Hodgkin lymphoma, extranodal and solid organ sites"
"C85.8A","1","A52480","Other specified types of non-Hodgkin lymphoma, in remission"
"C85.91","1","A52480","Non-Hodgkin lymphoma, unspecified, lymph nodes of head, face, and neck"
"C85.92","1","A52480","Non-Hodgkin lymphoma, unspecified, intrathoracic lymph nodes"
"C85.93","1","A52480","Non-Hodgkin lymphoma, unspecified, intra-abdominal lymph nodes"
"C85.94","1","A52480","Non-Hodgkin lymphoma, unspecified, lymph nodes of axilla and upper limb"
"C85.95","1","A52480","Non-Hodgkin lymphoma, unspecified, lymph nodes of inguinal region and lower limb"
"C85.96","1","A52480","Non-Hodgkin lymphoma, unspecified, intrapelvic lymph nodes"
"C85.97","1","A52480","Non-Hodgkin lymphoma, unspecified, spleen"
"C85.98","1","A52480","Non-Hodgkin lymphoma, unspecified, lymph nodes of multiple sites"
"C85.99","1","A52480","Non-Hodgkin lymphoma, unspecified, extranodal and solid organ sites"
"C85.9A","1","A52480","Non-Hodgkin lymphoma, unspecified, in remission"
"C86.00","1","A52480","Extranodal NK/T-cell lymphoma, nasal type not having achieved remission"
"C86.01","1","A52480","Extranodal NK/T-cell lymphoma, nasal type, in remission"
"C86.10","1","A52480","Hepatosplenic T-cell lymphoma not having achieved remission"
"C86.11","1","A52480","Hepatosplenic T-cell lymphoma, in remission"
"C86.20","1","A52480","Enteropathy-type (intestinal) T-cell lymphoma not having achieved remission"
"C86.21","1","A52480","Enteropathy-type (intestinal) T-cell lymphoma, in remission"
"C86.30","1","A52480","Subcutaneous panniculitis-like T-cell lymphoma not having achieved remission"
"C86.31","1","A52480","Subcutaneous panniculitis-like T-cell lymphoma, in remission"
"C86.40","1","A52480","Blastic NK-cell lymphoma not having achieved remission"
"C86.41","1","A52480","Blastic NK-cell lymphoma, in remission"
"C86.50","1","A52480","Angioimmunoblastic T-cell lymphoma not having achieved remission"
"C86.51","1","A52480","Angioimmunoblastic T-cell lymphoma, in remission"
"C86.60","1","A52480","Primary cutaneous CD30-positive T-cell proliferations not having achieved remission"
"C86.61","1","A52480","Primary cutaneous CD30-positive T-cell proliferations, in remission"
"C88.00","1","A52480","Waldenstrom macroglobulinemia not having achieved remission"
"C88.01","1","A52480","Waldenstrom macroglobulinemia, in remission"
"C88.20","1","A52480","Heavy chain disease not having achieved remission"
"C88.21","1","A52480","Heavy chain disease, in remission"
"C88.30","1","A52480","Immunoproliferative small intestinal disease not having achieved remission"
"C88.31","1","A52480","Immunoproliferative small intestinal disease, in remission"
"C88.40","1","A52480","Extranodal marginal zone B-cell lymphoma of mucosa-associated lymphoid tissue (MALT-lymphoma) not having achieved remission"
"C88.41","1","A52480","Extranodal marginal zone B-cell lymphoma of mucosa-associated lymphoid tissue (MALT-lymphoma), in remission"
"C88.80","1","A52480","Other malignant immunoproliferative diseases not having achieved remission"
"C88.81","1","A52480","Other malignant immunoproliferative diseases, in remission"
"C88.90","1","A52480","Malignant immunoproliferative disease, unspecified not having achieved remission"
"C88.91","1","A52480","Malignant immunoproliferative disease, unspecified, in remission"
"C90.00","1","A52480","Multiple myeloma not having achieved remission"
"C90.01","1","A52480","Multiple myeloma in remission"
"C90.02","1","A52480","Multiple myeloma in relapse"
"C90.10","1","A52480","Plasma cell leukemia not having achieved remission"
"C90.11","1","A52480","Plasma cell leukemia in remission"
"C90.12","1","A52480","Plasma cell leukemia in relapse"
"C90.20","1","A52480","Extramedullary plasmacytoma not having achieved remission"
"C90.21","1","A52480","Extramedullary plasmacytoma in remission"
"C90.22","1","A52480","Extramedullary plasmacytoma in relapse"
"C90.30","1","A52480","Solitary plasmacytoma not having achieved remission"
"C90.31","1","A52480","Solitary plasmacytoma in remission"
"C90.32","1","A52480","Solitary plasmacytoma in relapse"
"C91.00","1","A52480","Acute lymphoblastic leukemia not having achieved remission"
"C91.01","1","A52480","Acute lymphoblastic leukemia, in remission"
"C91.02","1","A52480","Acute lymphoblastic leukemia, in relapse"
"C91.10","1","A52480","Chronic lymphocytic leukemia of B-cell type not having achieved remission"
"C91.11","1","A52480","Chronic lymphocytic leukemia of B-cell type in remission"
"C91.12","1","A52480","Chronic lymphocytic leukemia of B-cell type in relapse"
"C91.30","1","A52480","Prolymphocytic leukemia of B-cell type not having achieved remission"
"C91.31","1","A52480","Prolymphocytic leukemia of B-cell type, in remission"
"C91.32","1","A52480","Prolymphocytic leukemia of B-cell type, in relapse"
"C91.40","1","A52480","Hairy cell leukemia not having achieved remission"
"C91.41","1","A52480","Hairy cell leukemia, in remission"
"C91.42","1","A52480","Hairy cell leukemia, in relapse"
"C91.50","1","A52480","Adult T-cell lymphoma/leukemia (HTLV-1-associated) not having achieved remission"
"C91.51","1","A52480","Adult T-cell lymphoma/leukemia (HTLV-1-associated), in remission"
"C91.52","1","A52480","Adult T-cell lymphoma/leukemia (HTLV-1-associated), in relapse"
"C91.60","1","A52480","Prolymphocytic leukemia of T-cell type not having achieved remission"
"C91.61","1","A52480","Prolymphocytic leukemia of T-cell type, in remission"
"C91.62","1","A52480","Prolymphocytic leukemia of T-cell type, in relapse"
"C91.A0","1","A52480","Mature B-cell leukemia Burkitt-type not having achieved remission"
"C91.A1","1","A52480","Mature B-cell leukemia Burkitt-type, in remission"
"C91.A2","1","A52480","Mature B-cell leukemia Burkitt-type, in relapse"
"C91.Z0","1","A52480","Other lymphoid leukemia not having achieved remission"
"C91.Z1","1","A52480","Other lymphoid leukemia, in remission"
"C91.Z2","1","A52480","Other lymphoid leukemia, in relapse"
"C91.90","1","A52480","Lymphoid leukemia, unspecified not having achieved remission"
"C91.91","1","A52480","Lymphoid leukemia, unspecified, in remission"
"C91.92","1","A52480","Lymphoid leukemia, unspecified, in relapse"
"C92.00","1","A52480","Acute myeloblastic leukemia, not having achieved remission"
"C92.01","1","A52480","Acute myeloblastic leukemia, in remission"
"C92.02","1","A52480","Acute myeloblastic leukemia, in relapse"
"C92.10","1","A52480","Chronic myeloid leukemia, BCR/ABL-positive, not having achieved remission"
"C92.11","1","A52480","Chronic myeloid leukemia, BCR/ABL-positive, in remission"
"C92.12","1","A52480","Chronic myeloid leukemia, BCR/ABL-positive, in relapse"
"C92.20","1","A52480","Atypical chronic myeloid leukemia, BCR/ABL-negative, not having achieved remission"
"C92.21","1","A52480","Atypical chronic myeloid leukemia, BCR/ABL-negative, in remission"
"C92.22","1","A52480","Atypical chronic myeloid leukemia, BCR/ABL-negative, in relapse"
"C92.30","1","A52480","Myeloid sarcoma, not having achieved remission"
"C92.31","1","A52480","Myeloid sarcoma, in remission"
"C92.32","1","A52480","Myeloid sarcoma, in relapse"
"C92.40","1","A52480","Acute promyelocytic leukemia, not having achieved remission"
"C92.41","1","A52480","Acute promyelocytic leukemia, in remission"
"C92.42","1","A52480","Acute promyelocytic leukemia, in relapse"
"C92.50","1","A52480","Acute myelomonocytic leukemia, not having achieved remission"
"C92.51","1","A52480","Acute myelomonocytic leukemia, in remission"
"C92.52","1","A52480","Acute myelomonocytic leukemia, in relapse"
"C92.60","1","A52480","Acute myeloid leukemia with 11q23-abnormality not having achieved remission"
"C92.61","1","A52480","Acute myeloid leukemia with 11q23-abnormality in remission"
"C92.62","1","A52480","Acute myeloid leukemia with 11q23-abnormality in relapse"
"C92.A0","1","A52480","Acute myeloid leukemia with multilineage dysplasia, not having achieved remission"
"C92.A1","1","A52480","Acute myeloid leukemia with multilineage dysplasia, in remission"
"C92.A2","1","A52480","Acute myeloid leukemia with multilineage dysplasia, in relapse"
"C92.Z0","1","A52480","Other myeloid leukemia not having achieved remission"
"C92.Z1","1","A52480","Other myeloid leukemia, in remission"
"C92.Z2","1","A52480","Other myeloid leukemia, in relapse"
"C92.90","1","A52480","Myeloid leukemia, unspecified, not having achieved remission"
"C92.91","1","A52480","Myeloid leukemia, unspecified in remission"
"C92.92","1","A52480","Myeloid leukemia, unspecified in relapse"
"C93.00","1","A52480","Acute monoblastic/monocytic leukemia, not having achieved remission"
"C93.01","1","A52480","Acute monoblastic/monocytic leukemia, in remission"
"C93.02","1","A52480","Acute monoblastic/monocytic leukemia, in relapse"
"C93.10","1","A52480","Chronic myelomonocytic leukemia not having achieved remission"
"C93.11","1","A52480","Chronic myelomonocytic leukemia, in remission"
"C93.12","1","A52480","Chronic myelomonocytic leukemia, in relapse"
"C93.30","1","A52480","Juvenile myelomonocytic leukemia, not having achieved remission"
"C93.31","1","A52480","Juvenile myelomonocytic leukemia, in remission"
"C93.32","1","A52480","Juvenile myelomonocytic leukemia, in relapse"
"C93.Z0","1","A52480","Other monocytic leukemia, not having achieved remission"
"C93.Z1","1","A52480","Other monocytic leukemia, in remission"
"C93.Z2","1","A52480","Other monocytic leukemia, in relapse"
"C93.90","1","A52480","Monocytic leukemia, unspecified, not having achieved remission"
"C93.91","1","A52480","Monocytic leukemia, unspecified in remission"
"C93.92","1","A52480","Monocytic leukemia, unspecified in relapse"
"C94.00","1","A52480","Acute erythroid leukemia, not having achieved remission"
"C94.01","1","A52480","Acute erythroid leukemia, in remission"
"C94.02","1","A52480","Acute erythroid leukemia, in relapse"
"C94.20","1","A52480","Acute megakaryoblastic leukemia not having achieved remission"
"C94.21","1","A52480","Acute megakaryoblastic leukemia, in remission"
"C94.22","1","A52480","Acute megakaryoblastic leukemia, in relapse"
"C94.30","1","A52480","Mast cell leukemia not having achieved remission"
"C94.31","1","A52480","Mast cell leukemia, in remission"
"C94.32","1","A52480","Mast cell leukemia, in relapse"
"C94.40","1","A52480","Acute panmyelosis with myelofibrosis not having achieved remission"
"C94.41","1","A52480","Acute panmyelosis with myelofibrosis, in remission"
"C94.42","1","A52480","Acute panmyelosis with myelofibrosis, in relapse"
"C94.6","1","A52480","Myelodysplastic disease, not elsewhere classified"
"C94.80","1","A52480","Other specified leukemias not having achieved remission"
"C94.81","1","A52480","Other specified leukemias, in remission"
"C94.82","1","A52480","Other specified leukemias, in relapse"
"C95.00","1","A52480","Acute leukemia of unspecified cell type not having achieved remission"
"C95.01","1","A52480","Acute leukemia of unspecified cell type, in remission"
"C95.02","1","A52480","Acute leukemia of unspecified cell type, in relapse"
"C95.10","1","A52480","Chronic leukemia of unspecified cell type not having achieved remission"
"C95.11","1","A52480","Chronic leukemia of unspecified cell type, in remission"
"C95.12","1","A52480","Chronic leukemia of unspecified cell type, in relapse"
"C95.90","1","A52480","Leukemia, unspecified not having achieved remission"
"C95.91","1","A52480","Leukemia, unspecified, in remission"
"C95.92","1","A52480","Leukemia, unspecified, in relapse"
"C96.0","1","A52480","Multifocal and multisystemic (disseminated) Langerhans-cell histiocytosis"
"C96.21","1","A52480","Aggressive systemic mastocytosis"
"C96.22","1","A52480","Mast cell sarcoma"
"C96.4","1","A52480","Sarcoma of dendritic cells (accessory cells)"
"C96.A","1","A52480","Histiocytic sarcoma"
"C96.Z","1","A52480","Other specified malignant neoplasms of lymphoid, hematopoietic and related tissue"
"C96.9","1","A52480","Malignant neoplasm of lymphoid, hematopoietic and related tissue, unspecified"
"D00.00","1","A52480","Carcinoma in situ of oral cavity, unspecified site"
"D00.01","1","A52480","Carcinoma in situ of labial mucosa and vermilion border"
"D00.02","1","A52480","Carcinoma in situ of buccal mucosa"
"D00.03","1","A52480","Carcinoma in situ of gingiva and edentulous alveolar ridge"
"D00.04","1","A52480","Carcinoma in situ of soft palate"
"D00.05","1","A52480","Carcinoma in situ of hard palate"
"D00.06","1","A52480","Carcinoma in situ of floor of mouth"
"D00.07","1","A52480","Carcinoma in situ of tongue"
"D00.08","1","A52480","Carcinoma in situ of pharynx"
"D00.1","1","A52480","Carcinoma in situ of esophagus"
"D00.2","1","A52480","Carcinoma in situ of stomach"
"D01.0","1","A52480","Carcinoma in situ of colon"
"D01.1","1","A52480","Carcinoma in situ of rectosigmoid junction"
"D01.2","1","A52480","Carcinoma in situ of rectum"
"D01.3","1","A52480","Carcinoma in situ of anus and anal canal"
"D01.40","1","A52480","Carcinoma in situ of unspecified part of intestine"
"D01.49","1","A52480","Carcinoma in situ of other parts of intestine"
"D01.5","1","A52480","Carcinoma in situ of liver, gallbladder and bile ducts"
"D01.7","1","A52480","Carcinoma in situ of other specified digestive organs"
"D01.9","1","A52480","Carcinoma in situ of digestive organ, unspecified"
"D02.0","1","A52480","Carcinoma in situ of larynx"
"D02.1","1","A52480","Carcinoma in situ of trachea"
"D02.20","1","A52480","Carcinoma in situ of unspecified bronchus and lung"
"D02.21","1","A52480","Carcinoma in situ of right bronchus and lung"
"D02.22","1","A52480","Carcinoma in situ of left bronchus and lung"
"D02.3","1","A52480","Carcinoma in situ of other parts of respiratory system"
"D02.4","1","A52480","Carcinoma in situ of respiratory system, unspecified"
"D03.0","1","A52480","Melanoma in situ of lip"
"D03.111","1","A52480","Melanoma in situ of right upper eyelid, including canthus"
"D03.112","1","A52480","Melanoma in situ of right lower eyelid, including canthus"
"D03.121","1","A52480","Melanoma in situ of left upper eyelid, including canthus"
"D03.122","1","A52480","Melanoma in situ of left lower eyelid, including canthus"
"D03.21","1","A52480","Melanoma in situ of right ear and external auricular canal"
"D03.22","1","A52480","Melanoma in situ of left ear and external auricular canal"
"D03.30","1","A52480","Melanoma in situ of unspecified part of face"
"D03.39","1","A52480","Melanoma in situ of other parts of face"
"D03.4","1","A52480","Melanoma in situ of scalp and neck"
"D03.51","1","A52480","Melanoma in situ of anal skin"
"D03.52","1","A52480","Melanoma in situ of breast (skin) (soft tissue)"
"D03.59","1","A52480","Melanoma in situ of other part of trunk"
"D03.61","1","A52480","Melanoma in situ of right upper limb, including shoulder"
"D03.62","1","A52480","Melanoma in situ of left upper limb, including shoulder"
"D03.71","1","A52480","Melanoma in situ of right lower limb, including hip"
"D03.72","1","A52480","Melanoma in situ of left lower limb, including hip"
"D03.8","1","A52480","Melanoma in situ of other sites"
"D04.0","1","A52480","Carcinoma in situ of skin of lip"
"D04.111","1","A52480","Carcinoma in situ of skin of right upper eyelid, including canthus"
"D04.112","1","A52480","Carcinoma in situ of skin of right lower eyelid, including canthus"
"D04.121","1","A52480","Carcinoma in situ of skin of left upper eyelid, including canthus"
"D04.122","1","A52480","Carcinoma in situ of skin of left lower eyelid, including canthus"
"D04.21","1","A52480","Carcinoma in situ of skin of right ear and external auricular canal"
"D04.22","1","A52480","Carcinoma in situ of skin of left ear and external auricular canal"
"D04.30","1","A52480","Carcinoma in situ of skin of unspecified part of face"
"D04.39","1","A52480","Carcinoma in situ of skin of other parts of face"
"D04.4","1","A52480","Carcinoma in situ of skin of scalp and neck"
"D04.5","1","A52480","Carcinoma in situ of skin of trunk"
"D04.61","1","A52480","Carcinoma in situ of skin of right upper limb, including shoulder"
"D04.62","1","A52480","Carcinoma in situ of skin of left upper limb, including shoulder"
"D04.71","1","A52480","Carcinoma in situ of skin of right lower limb, including hip"
"D04.72","1","A52480","Carcinoma in situ of skin of left lower limb, including hip"
"D04.8","1","A52480","Carcinoma in situ of skin of other sites"
"D05.01","1","A52480","Lobular carcinoma in situ of right breast"
"D05.02","1","A52480","Lobular carcinoma in situ of left breast"
"D05.11","1","A52480","Intraductal carcinoma in situ of right breast"
"D05.12","1","A52480","Intraductal carcinoma in situ of left breast"
"D05.81","1","A52480","Other specified type of carcinoma in situ of right breast"
"D05.82","1","A52480","Other specified type of carcinoma in situ of left breast"
"D05.91","1","A52480","Unspecified type of carcinoma in situ of right breast"
"D05.92","1","A52480","Unspecified type of carcinoma in situ of left breast"
"D06.0","1","A52480","Carcinoma in situ of endocervix"
"D06.1","1","A52480","Carcinoma in situ of exocervix"
"D06.7","1","A52480","Carcinoma in situ of other parts of cervix"
"D07.0","1","A52480","Carcinoma in situ of endometrium"
"D07.1","1","A52480","Carcinoma in situ of vulva"
"D07.2","1","A52480","Carcinoma in situ of vagina"
"D07.30","1","A52480","Carcinoma in situ of unspecified female genital organs"
"D07.39","1","A52480","Carcinoma in situ of other female genital organs"
"D07.4","1","A52480","Carcinoma in situ of penis"
"D07.5","1","A52480","Carcinoma in situ of prostate"
"D07.60","1","A52480","Carcinoma in situ of unspecified male genital organs"
"D07.61","1","A52480","Carcinoma in situ of scrotum"
"D07.69","1","A52480","Carcinoma in situ of other male genital organs"
"D09.0","1","A52480","Carcinoma in situ of bladder"
"D09.10","1","A52480","Carcinoma in situ of unspecified urinary organ"
"D09.19","1","A52480","Carcinoma in situ of other urinary organs"
"D09.21","1","A52480","Carcinoma in situ of right eye"
"D09.22","1","A52480","Carcinoma in situ of left eye"
"D09.3","1","A52480","Carcinoma in situ of thyroid and other endocrine glands"
"D09.8","1","A52480","Carcinoma in situ of other specified sites"
"D37.01","1","A52480","Neoplasm of uncertain behavior of lip"
"D37.02","1","A52480","Neoplasm of uncertain behavior of tongue"
"D37.030","1","A52480","Neoplasm of uncertain behavior of the parotid salivary glands"
"D37.031","1","A52480","Neoplasm of uncertain behavior of the sublingual salivary glands"
"D37.032","1","A52480","Neoplasm of uncertain behavior of the submandibular salivary glands"
"D37.039","1","A52480","Neoplasm of uncertain behavior of the major salivary glands, unspecified"
"D37.04","1","A52480","Neoplasm of uncertain behavior of the minor salivary glands"
"D37.05","1","A52480","Neoplasm of uncertain behavior of pharynx"
"D37.09","1","A52480","Neoplasm of uncertain behavior of other specified sites of the oral cavity"
"D37.1","1","A52480","Neoplasm of uncertain behavior of stomach"
"D37.2","1","A52480","Neoplasm of uncertain behavior of small intestine"
"D37.3","1","A52480","Neoplasm of uncertain behavior of appendix"
"D37.4","1","A52480","Neoplasm of uncertain behavior of colon"
"D37.5","1","A52480","Neoplasm of uncertain behavior of rectum"
"D37.6","1","A52480","Neoplasm of uncertain behavior of liver, gallbladder and bile ducts"
"D37.8","1","A52480","Neoplasm of uncertain behavior of other specified digestive organs"
"D37.9","1","A52480","Neoplasm of uncertain behavior of digestive organ, unspecified"
"D38.0","1","A52480","Neoplasm of uncertain behavior of larynx"
"D38.1","1","A52480","Neoplasm of uncertain behavior of trachea, bronchus and lung"
"D38.2","1","A52480","Neoplasm of uncertain behavior of pleura"
"D38.3","1","A52480","Neoplasm of uncertain behavior of mediastinum"
"D38.4","1","A52480","Neoplasm of uncertain behavior of thymus"
"D38.5","1","A52480","Neoplasm of uncertain behavior of other respiratory organs"
"D38.6","1","A52480","Neoplasm of uncertain behavior of respiratory organ, unspecified"
"D39.0","1","A52480","Neoplasm of uncertain behavior of uterus"
"D39.11","1","A52480","Neoplasm of uncertain behavior of right ovary"
"D39.12","1","A52480","Neoplasm of uncertain behavior of left ovary"
"D39.2","1","A52480","Neoplasm of uncertain behavior of placenta"
"D39.8","1","A52480","Neoplasm of uncertain behavior of other specified female genital organs"
"D39.9","1","A52480","Neoplasm of uncertain behavior of female genital organ, unspecified"
"D40.0","1","A52480","Neoplasm of uncertain behavior of prostate"
"D40.11","1","A52480","Neoplasm of uncertain behavior of right testis"
"D40.12","1","A52480","Neoplasm of uncertain behavior of left testis"
"D40.8","1","A52480","Neoplasm of uncertain behavior of other specified male genital organs"
"D40.9","1","A52480","Neoplasm of uncertain behavior of male genital organ, unspecified"
"D41.00","1","A52480","Neoplasm of uncertain behavior of unspecified kidney"
"D41.01","1","A52480","Neoplasm of uncertain behavior of right kidney"
"D41.02","1","A52480","Neoplasm of uncertain behavior of left kidney"
"D41.11","1","A52480","Neoplasm of uncertain behavior of right renal pelvis"
"D41.12","1","A52480","Neoplasm of uncertain behavior of left renal pelvis"
"D41.21","1","A52480","Neoplasm of uncertain behavior of right ureter"
"D41.22","1","A52480","Neoplasm of uncertain behavior of left ureter"
"D41.3","1","A52480","Neoplasm of uncertain behavior of urethra"
"D41.4","1","A52480","Neoplasm of uncertain behavior of bladder"
"D41.8","1","A52480","Neoplasm of uncertain behavior of other specified urinary organs"
"D41.9","1","A52480","Neoplasm of uncertain behavior of unspecified urinary organ"
"D42.0","1","A52480","Neoplasm of uncertain behavior of cerebral meninges"
"D42.1","1","A52480","Neoplasm of uncertain behavior of spinal meninges"
"D42.9","1","A52480","Neoplasm of uncertain behavior of meninges, unspecified"
"D43.0","1","A52480","Neoplasm of uncertain behavior of brain, supratentorial"
"D43.1","1","A52480","Neoplasm of uncertain behavior of brain, infratentorial"
"D43.2","1","A52480","Neoplasm of uncertain behavior of brain, unspecified"
"D43.3","1","A52480","Neoplasm of uncertain behavior of cranial nerves"
"D43.4","1","A52480","Neoplasm of uncertain behavior of spinal cord"
"D43.8","1","A52480","Neoplasm of uncertain behavior of other specified parts of central nervous system"
"D43.9","1","A52480","Neoplasm of uncertain behavior of central nervous system, unspecified"
"D44.0","1","A52480","Neoplasm of uncertain behavior of thyroid gland"
"D44.11","1","A52480","Neoplasm of uncertain behavior of right adrenal gland"
"D44.12","1","A52480","Neoplasm of uncertain behavior of left adrenal gland"
"D44.2","1","A52480","Neoplasm of uncertain behavior of parathyroid gland"
"D44.3","1","A52480","Neoplasm of uncertain behavior of pituitary gland"
"D44.4","1","A52480","Neoplasm of uncertain behavior of craniopharyngeal duct"
"D44.5","1","A52480","Neoplasm of uncertain behavior of pineal gland"
"D44.6","1","A52480","Neoplasm of uncertain behavior of carotid body"
"D44.7","1","A52480","Neoplasm of uncertain behavior of aortic body and other paraganglia"
"D44.9","1","A52480","Neoplasm of uncertain behavior of unspecified endocrine gland"
"D45","1","A52480","Polycythemia vera"
"D46.0","1","A52480","Refractory anemia without ring sideroblasts, so stated"
"D46.1","1","A52480","Refractory anemia with ring sideroblasts"
"D46.20","1","A52480","Refractory anemia with excess of blasts, unspecified"
"D46.21","1","A52480","Refractory anemia with excess of blasts 1"
"D46.22","1","A52480","Refractory anemia with excess of blasts 2"
"D46.A","1","A52480","Refractory cytopenia with multilineage dysplasia"
"D46.B","1","A52480","Refractory cytopenia with multilineage dysplasia and ring sideroblasts"
"D46.C","1","A52480","Myelodysplastic syndrome with isolated del(5q) chromosomal abnormality"
"D46.4","1","A52480","Refractory anemia, unspecified"
"D46.Z","1","A52480","Other myelodysplastic syndromes"
"D47.01","1","A52480","Cutaneous mastocytosis"
"D47.02","1","A52480","Systemic mastocytosis"
"D47.09","1","A52480","Other mast cell neoplasms of uncertain behavior"
"D47.1","1","A52480","Chronic myeloproliferative disease"
"D47.3","1","A52480","Essential (hemorrhagic) thrombocythemia"
"D47.Z1","1","A52480","Post-transplant lymphoproliferative disorder (PTLD)"
"D47.Z2","1","A52480","Castleman disease"
"D47.Z9","1","A52480","Other specified neoplasms of uncertain behavior of lymphoid, hematopoietic and related tissue"
"D47.9","1","A52480","Neoplasm of uncertain behavior of lymphoid, hematopoietic and related tissue, unspecified"
"D48.0","1","A52480","Neoplasm of uncertain behavior of bone and articular cartilage"
"D48.110","1","A52480","Desmoid tumor of head and neck"
"D48.111","1","A52480","Desmoid tumor of chest wall"
"D48.112","1","A52480","Desmoid tumor, intrathoracic"
"D48.113","1","A52480","Desmoid tumor of abdominal wall"
"D48.114","1","A52480","Desmoid tumor, intraabdominal"
"D48.115","1","A52480","Desmoid tumor of upper extremity and shoulder girdle"
"D48.116","1","A52480","Desmoid tumor of lower extremity and pelvic girdle"
"D48.117","1","A52480","Desmoid tumor of back"
"D48.118","1","A52480","Desmoid tumor of other site"
"D48.119","1","A52480","Desmoid tumor of unspecified site"
"D48.19","1","A52480","Other specified neoplasm of uncertain behavior of connective and other soft tissue"
"D48.2","1","A52480","Neoplasm of uncertain behavior of peripheral nerves and autonomic nervous system"
"D48.3","1","A52480","Neoplasm of uncertain behavior of retroperitoneum"
"D48.4","1","A52480","Neoplasm of uncertain behavior of peritoneum"
"D48.5","1","A52480","Neoplasm of uncertain behavior of skin"
"D48.61","1","A52480","Neoplasm of uncertain behavior of right breast"
"D48.62","1","A52480","Neoplasm of uncertain behavior of left breast"
"D48.7","1","A52480","Neoplasm of uncertain behavior of other specified sites"
"D49.0","1","A52480","Neoplasm of unspecified behavior of digestive system"
"D49.1","1","A52480","Neoplasm of unspecified behavior of respiratory system"
"D49.2","1","A52480","Neoplasm of unspecified behavior of bone, soft tissue, and skin"
"D49.3","1","A52480","Neoplasm of unspecified behavior of breast"
"D49.519","1","A52480","Neoplasm of unspecified behavior of unspecified kidney"
"D49.59","1","A52480","Neoplasm of unspecified behavior of other genitourinary organ"
"D49.7","1","A52480","Neoplasm of unspecified behavior of endocrine glands and other parts of nervous system"
"D49.81","1","A52480","Neoplasm of unspecified behavior of retina and choroid"
"Q85.00","1","A52480","Neurofibromatosis, unspecified"
"Q85.01","1","A52480","Neurofibromatosis, type 1"
"Q85.02","1","A52480","Neurofibromatosis, type 2"
"Q85.03","1","A52480","Schwannomatosis"
"Q85.09","1","A52480","Other neurofibromatosis"
"R97.21","1","A52480","Rising PSA following treatment for malignant neoplasm of prostate"
"Z51.11","1","A52480","Encounter for antineoplastic chemotherapy"
